{"global_loss": 9.195983648300171, "global_accuracy": 0.07, "f1_score": 0.013592233009708738, "rnd": 0}