{"global_loss": 9.192358255386353, "global_accuracy": 0.13, "f1_score": 0.10234968734968734, "rnd": 1}