{"global_loss": 6.926893949508667, "global_accuracy": 0.44, "f1_score": 0.3972358738407332, "rnd": 10}