{"global_loss": 7.467182517051697, "global_accuracy": 0.37, "f1_score": 0.331859640355261, "rnd": 11}