{"global_loss": 6.621599316596985, "global_accuracy": 0.32, "f1_score": 0.32039065088400953, "rnd": 12}