{"global_loss": 7.996588230133057, "global_accuracy": 0.35, "f1_score": 0.31572713433199373, "rnd": 13}