{"global_loss": 6.658986210823059, "global_accuracy": 0.39, "f1_score": 0.32439033189033184, "rnd": 14}