{"global_loss": 7.355209946632385, "global_accuracy": 0.32, "f1_score": 0.29261255411255405, "rnd": 15}