{"global_loss": 7.123702049255371, "global_accuracy": 0.4, "f1_score": 0.38743238996785906, "rnd": 16}