{"global_loss": 6.278311252593994, "global_accuracy": 0.38, "f1_score": 0.3458707929464911, "rnd": 17}