{"global_loss": 7.129717588424683, "global_accuracy": 0.36, "f1_score": 0.3473171346197662, "rnd": 18}