{"global_loss": 6.900596618652344, "global_accuracy": 0.38, "f1_score": 0.37047443720784684, "rnd": 19}