{"global_loss": 9.028849363327026, "global_accuracy": 0.2, "f1_score": 0.14549325713413203, "rnd": 2}