{"global_loss": 6.142615079879761, "global_accuracy": 0.45, "f1_score": 0.4413874137558348, "rnd": 20}