{"global_loss": 8.358800411224365, "global_accuracy": 0.26, "f1_score": 0.19362341152199164, "rnd": 3}