{"global_loss": 8.083963990211487, "global_accuracy": 0.24, "f1_score": 0.21748144438681521, "rnd": 4}