{"global_loss": 7.737516403198242, "global_accuracy": 0.3, "f1_score": 0.2587100907348585, "rnd": 5}