{"global_loss": 7.671726822853088, "global_accuracy": 0.35, "f1_score": 0.32250336179128747, "rnd": 6}