{"global_loss": 7.856103897094727, "global_accuracy": 0.34, "f1_score": 0.2894122346027972, "rnd": 7}