{"global_loss": 7.628481864929199, "global_accuracy": 0.43, "f1_score": 0.39666976348918276, "rnd": 8}