{"global_loss": 6.611064434051514, "global_accuracy": 0.44, "f1_score": 0.42381893252507946, "rnd": 9}