{"rnd": 1, "global_loss": 22.75741009314855, "global_accuracy": 0.23643643643643641, "global_accuracies": [2.5105105105105103, 2.7747747747747744, 2.840840840840841, 2.6426426426426426, 2.807807807807808, 2.444444444444444, 2.3453453453453452, 2.3783783783783785, 2.3783783783783785, 2.081081081081081, 2.4774774774774775, 2.7087087087087087, 2.5105105105105103, 2.6426426426426426, 2.5105105105105103, 2.3453453453453452, 2.675675675675676, 2.9729729729729732, 2.18018018018018, 2.5765765765765765, 2.9069069069069067, 2.6426426426426426, 2.444444444444444, 2.9399399399399404, 2.3123123123123124, 3.4024024024024024, 2.18018018018018, 2.6096096096096097, 2.840840840840841, 2.9399399399399404], "global_examples": [11, 11, 11, 11, 11, 11, 11, 11, 11, 11, 11, 11, 11, 11, 11, 11, 11, 11, 11, 11, 11, 11, 11, 11, 11, 11, 11, 11, 11, 11], "user_loss": 22.75277979771296, "user_weighted_accuracy": 0.23413413413413411, "user_weighted_accuracy_var": 0.07139841543244947, "user_accuracy": 0.23413413413413417, "user_accuracy_var": 0.0005900695490285078, "user_accuracies": [0.22822822822822822, 0.26426426426426425, 0.2552552552552553, 0.25825825825825827, 0.26426426426426425, 0.2132132132132132, 0.2072072072072072, 0.24624624624624625, 0.2132132132132132, 0.2132132132132132, 0.2072072072072072, 0.24924924924924924, 0.22822822822822822, 0.22522522522522523, 0.23123123123123124, 0.19519519519519518, 0.24624624624624625, 0.25225225225225223, 0.2012012012012012, 0.22522522522522523, 0.25225225225225223, 0.21621621621621623, 0.23723723723723725, 0.24324324324324326, 0.21621621621621623, 0.3123123123123123, 0.2042042042042042, 0.23123123123123124, 0.23423423423423423, 0.25225225225225223], "device_weighted_accuracy": 0.23643643643643641, "device_weighted_accuracy_var": 0.07805098391684981, "device_accuracy": 0.23643643643643644, "device_accuracy_var": 0.0006450494538582629, "device_accuracies": [0.22822822822822822, 0.25225225225225223, 0.25825825825825827, 0.24024024024024024, 0.2552552552552553, 0.2222222222222222, 0.2132132132132132, 0.21621621621621623, 0.21621621621621623, 0.1891891891891892, 0.22522522522522523, 0.24624624624624625, 0.22822822822822822, 0.24024024024024024, 0.22822822822822822, 0.2132132132132132, 0.24324324324324326, 0.2702702702702703, 0.1981981981981982, 0.23423423423423423, 0.26426426426426425, 0.24024024024024024, 0.2222222222222222, 0.2672672672672673, 0.21021021021021022, 0.30930930930930933, 0.1981981981981982, 0.23723723723723725, 0.25825825825825827, 0.2672672672672673], "total_loss": 31306.702880728244, "dead_devices": 0, "max_round_time": 52.15396084623217, "selected_devices": [0, 1, 2, 3, 4, 5, 6, 7, 8, 9, 10, 11, 12, 13, 14, 15, 16, 17, 18, 19, 20, 21, 22, 23, 24, 25, 26, 27, 28, 29], "device_snapshot": [{"device_id": 0, "stat_util": 4260.998109733474, "device_util": 3.823526870376636, "time_util": 0.29585981514484144, "overall_util": 4820.160169713051, "drain": 87.315, "t_local": 50.699686919822426}, {"device_id": 1, "stat_util": 4307.095697116688, "device_util": 4.082982924338867, "time_util": 1.0, "overall_util": 17585.798184820847, "drain": 67.361, "t_local": 11.499686919822423}, {"device_id": 2, "stat_util": 4272.66327662891, "device_util": 4.082982924338867, "time_util": 1.0, "overall_util": 17445.211199925594, "drain": 67.361, "t_local": 11.499686919822423}, {"device_id": 3, "stat_util": 4272.937573161997, "device_util": 3.3005438725446585, "time_util": 0.49317345669824425, "overall_util": 6955.234099883302, "drain": 147.305, "t_local": 30.415262209008098}, {"device_id": 4, "stat_util": 4319.146364234878, "device_util": 3.426499789749624, "time_util": 0.37626743607898677, "overall_util": 5568.5902796863475, "drain": 129.872, "t_local": 39.865262209008094}, {"device_id": 5, "stat_util": 4340.421558619459, "device_util": 3.9921512189260366, "time_util": 1.0, "overall_util": 17327.61921589552, "drain": 73.766, "t_local": 17.795262209008094}, {"device_id": 6, "stat_util": 4279.208089698462, "device_util": 3.0517996029279284, "time_util": 0.34733378555637756, "overall_util": 4535.93108639161, "drain": 188.906, "t_local": 43.186124194547354}, {"device_id": 7, "stat_util": 4301.056221398286, "device_util": 3.3005438725446585, "time_util": 1.0, "overall_util": 14195.824757006194, "drain": 147.305, "t_local": 29.126124194547355}, {"device_id": 8, "stat_util": 4289.903509147023, "device_util": 4.061118914593781, "time_util": 1.0, "overall_util": 17421.80828277921, "drain": 68.85, "t_local": 16.396124194547355}, {"device_id": 9, "stat_util": 4322.667046354473, "device_util": 3.0517996029279284, "time_util": 0.32903076993686325, "overall_util": 4340.545480738067, "drain": 188.906, "t_local": 45.58844147882675}, {"device_id": 10, "stat_util": 4307.620682744154, "device_util": 4.061118914593781, "time_util": 1.0, "overall_util": 17493.759831587657, "drain": 68.85, "t_local": 18.798441478826746}, {"device_id": 11, "stat_util": 4306.441864272279, "device_util": 4.061118914593781, "time_util": 1.0, "overall_util": 17488.972509594656, "drain": 68.85, "t_local": 18.798441478826746}, {"device_id": 12, "stat_util": 4305.754644979555, "device_util": 3.9678442109211347, "time_util": 1.0, "overall_util": 17084.563641728913, "drain": 75.581, "t_local": 24.747789395318843}, {"device_id": 13, "stat_util": 4307.534085396288, "device_util": 4.061118914593781, "time_util": 1.0, "overall_util": 17493.408149460287, "drain": 68.85, "t_local": 17.627789395318842}, {"device_id": 14, "stat_util": 4275.423494951528, "device_util": 3.823526870376636, "time_util": 0.28880705502941467, "overall_util": 4721.185712418902, "drain": 87.315, "t_local": 51.937789395318845}, {"device_id": 15, "stat_util": 4293.695029390645, "device_util": 4.061118914593781, "time_util": 1.0, "overall_util": 17437.206097355647, "drain": 68.85, "t_local": 16.334837744156157}, {"device_id": 16, "stat_util": 4315.211626802617, "device_util": 3.3005438725446585, "time_util": 1.0, "overall_util": 14242.545293576844, "drain": 147.305, "t_local": 29.064837744156158}, {"device_id": 17, "stat_util": 4304.8722872337385, "device_util": 4.082982924338867, "time_util": 1.0, "overall_util": 17576.720040234955, "drain": 67.361, "t_local": 11.444837744156155}, {"device_id": 18, "stat_util": 4303.0113151488595, "device_util": 3.9921512189260366, "time_util": 1.0, "overall_util": 17178.27186682405, "drain": 73.766, "t_local": 19.83550293192405}, {"device_id": 19, "stat_util": 4305.257945406417, "device_util": 3.9921512189260366, "time_util": 1.0, "overall_util": 17187.240754545233, "drain": 73.766, "t_local": 19.83550293192405}, {"device_id": 20, "stat_util": 4297.1218441265655, "device_util": 3.3005438725446585, "time_util": 0.4621712389255759, "overall_util": 6554.900351702364, "drain": 147.305, "t_local": 32.45550293192405}, {"device_id": 21, "stat_util": 4286.173239627676, "device_util": 3.9678442109211347, "time_util": 1.0, "overall_util": 17006.86767586176, "drain": 75.581, "t_local": 24.837734039012904}, {"device_id": 22, "stat_util": 4302.979148907102, "device_util": 3.0517996029279284, "time_util": 0.33702007805771167, "overall_util": 4425.690391201868, "drain": 188.906, "t_local": 44.5077340390129}, {"device_id": 23, "stat_util": 4302.289999501015, "device_util": 3.426499789749624, "time_util": 0.3759612008374376, "overall_util": 5542.343243472404, "drain": 129.872, "t_local": 39.8977340390129}, {"device_id": 24, "stat_util": 4326.3835360446965, "device_util": 3.3005438725446585, "time_util": 1.0, "overall_util": 14279.418670170417, "drain": 147.305, "t_local": 29.103022348347785}, {"device_id": 25, "stat_util": 4313.339219837492, "device_util": 3.9678442109211347, "time_util": 1.0, "overall_util": 17114.65805317128, "drain": 75.581, "t_local": 23.493022348347786}, {"device_id": 26, "stat_util": 4308.192358195715, "device_util": 3.0517996029279284, "time_util": 0.347519686618381, "overall_util": 4569.098390041989, "drain": 188.906, "t_local": 43.16302234834779}, {"device_id": 27,