{"rnd": 10, "global_loss": 17.437614798545837, "global_accuracy": 0.43303303303303303, "global_accuracies": [4.657657657657658, 4.294294294294294, 4.987987987987988, 4.426426426426426, 5.153153153153153, 5.021021021021021, 4.45945945945946, 4.558558558558558, 4.888888888888888, 5.021021021021021, 4.591591591591591, 5.054054054054054, 4.4924924924924925, 5.252252252252252, 4.6906906906906904, 4.723723723723723, 5.186186186186186, 4.822822822822823, 4.921921921921922, 4.888888888888888, 4.78978978978979, 4.888888888888888, 4.426426426426426, 4.888888888888888, 4.822822822822823, 4.393393393393393, 4.6906906906906904, 3.8318318318318316, 5.318318318318318, 4.756756756756757], "global_examples": [11, 11, 11, 11, 11, 11, 11, 11, 11, 11, 11, 11, 11, 11, 11, 11, 11, 11, 11, 11, 11, 11, 11, 11, 11, 11, 11, 11, 11, 11], "user_loss": 17.408371090888977, "user_weighted_accuracy": 0.4346346346346346, "user_weighted_accuracy_var": 0.0664844624404184, "user_accuracy": 0.4346346346346347, "user_accuracy_var": 0.000549458367276185, "user_accuracies": [0.42042042042042044, 0.4114114114114114, 0.4744744744744745, 0.4114114114114114, 0.4894894894894895, 0.44144144144144143, 0.4084084084084084, 0.4084084084084084, 0.44144144144144143, 0.4264264264264264, 0.4624624624624625, 0.45045045045045046, 0.40540540540540543, 0.44744744744744747, 0.45645645645645644, 0.4594594594594595, 0.47147147147147145, 0.43543543543543545, 0.4264264264264264, 0.43243243243243246, 0.4114114114114114, 0.43243243243243246, 0.43243243243243246, 0.4294294294294294, 0.4444444444444444, 0.45045045045045046, 0.43243243243243246, 0.3783783783783784, 0.43243243243243246, 0.4144144144144144], "device_weighted_accuracy": 0.43303303303303303, "device_weighted_accuracy_var": 0.09845364884403927, "device_accuracy": 0.43303303303303303, "device_accuracy_var": 0.0008136665193722252, "device_accuracies": [0.42342342342342343, 0.39039039039039036, 0.45345345345345345, 0.4024024024024024, 0.46846846846846846, 0.45645645645645644, 0.40540540540540543, 0.4144144144144144, 0.4444444444444444, 0.45645645645645644, 0.4174174174174174, 0.4594594594594595, 0.4084084084084084, 0.4774774774774775, 0.4264264264264264, 0.4294294294294294, 0.47147147147147145, 0.43843843843843844, 0.44744744744744747, 0.4444444444444444, 0.43543543543543545, 0.4444444444444444, 0.4024024024024024, 0.4444444444444444, 0.43843843843843844, 0.3993993993993994, 0.4264264264264264, 0.3483483483483483, 0.48348348348348347, 0.43243243243243246], "total_loss": 23481.03831094106, "dead_devices": 0, "max_round_time": 52.15396084623217, "selected_devices": [23, 6, 21, 24, 19, 5, 9, 10, 13, 28, 26, 22, 16, 20, 7], "device_snapshot": [{"device_id": 0, "stat_util": 3190.3998261575753, "device_util": 2.437232509256745, "time_util": 0.29585981514484144, "overall_util": 2300.5308256050107, "drain": 349.26, "t_local": 50.699686919822426}, {"device_id": 1, "stat_util": 3237.107253859811, "device_util": 2.291223455110812, "time_util": 1.0, "overall_util": 7416.936066752949, "drain": 404.166, "t_local": 11.499686919822423}, {"device_id": 2, "stat_util": 3279.566542840402, "device_util": 2.4735450119047666, "time_util": 1.0, "overall_util": 8112.155463252636, "drain": 336.805, "t_local": 11.499686919822423}, {"device_id": 3, "stat_util": 3217.720870668223, "device_util": 1.6911059601105582, "time_util": 0.49317345669824425, "overall_util": 2683.606788410764, "drain": 736.5250000000001, "t_local": 30.415262209008098}, {"device_id": 4, "stat_util": 3219.3758196409303, "device_util": 1.8170618773155236, "time_util": 0.37626743607898677, "overall_util": 2201.0911554844015, "drain": 649.3600000000001, "t_local": 39.865262209008094}, {"device_id": 5, "stat_util": 3201.8325102909957, "device_util": 2.2003917496979817, "time_util": 1.0, "overall_util": 7045.285839559085, "drain": 442.59600000000006, "t_local": 17.795262209008094}, {"device_id": 6, "stat_util": 3249.643817904521, "device_util": 1.2600401336998734, "time_util": 0.34733378555637756, "overall_util": 1422.2212714702368, "drain": 1133.436, "t_local": 43.186124194547354}, {"device_id": 7, "stat_util": 3222.321096260747, "device_util": 1.5087844033166034, "time_util": 1.0, "overall_util": 4861.787812516274, "drain": 883.8300000000002, "t_local": 29.126124194547355}, {"device_id": 8, "stat_util": 3199.8220021526417, "device_util": 2.4516810021596798, "time_util": 1.0, "overall_util": 7844.942812970182, "drain": 344.25, "t_local": 16.396124194547355}, {"device_id": 9, "stat_util": 3250.607145381252, "device_util": 1.1058894538726152, "time_util": 0.32903076993686325, "overall_util": 1182.8038130332925, "drain": 1322.3419999999999, "t_local": 45.58844147882675}, {"device_id": 10, "stat_util": 3145.197274171257, "device_util": 2.4516810021596798, "time_util": 1.0, "overall_util": 7711.020405130081, "drain": 344.25, "t_local": 18.798441478826746}, {"device_id": 11, "stat_util": 3261.7830953642565, "device_util": 2.4516810021596798, "time_util": 1.0, "overall_util": 7996.851648070143, "drain": 344.25, "t_local": 18.798441478826746}, {"device_id": 12, "stat_util": 3244.393838828137, "device_util": 2.358406298487034, "time_util": 1.0, "overall_util": 7651.598864264806, "drain": 377.90500000000003, "t_local": 24.747789395318843}, {"device_id": 13, "stat_util": 3247.7361998223105, "device_util": 2.2693594453657253, "time_util": 1.0, "overall_util": 7370.280821122947, "drain": 413.1, "t_local": 17.627789395318842}, {"device_id": 14, "stat_util": 3272.7159204921218, "device_util": 2.437232509256745, "time_util": 0.28880705502941467, "overall_util": 2303.631824106213, "drain": 349.26, "t_local": 51.937789395318845}, {"device_id": 15, "stat_util": 3166.0279362845326, "device_util": 2.4516810021596798, "time_util": 1.0, "overall_util": 7762.090543695605, "drain": 344.25, "t_local": 16.334837744156157}, {"device_id": 16, "stat_util": 3189.9249809525554, "device_util": 1.5087844033166034, "time_util": 1.0, "overall_util": 4812.909059011228, "drain": 883.8300000000002, "t_local": 29.064837744156158}, {"device_id": 17, "stat_util": 3204.4726376371254, "device_util": 2.4735450119047666, "time_util": 1.0, "overall_util": 7926.407308612623, "drain": 336.805, "t_local": 11.444837744156155}, {"device_id": 18, "stat_util": 3222.323553163143, "device_util": 2.382713306491936, "time_util": 1.0, "overall_util": 7677.873207944197, "drain": 368.83000000000004, "t_local": 19.83550293192405}, {"device_id": 19, "stat_util": 3231.3457904030756, "device_util": 2.046241069870723, "time_util": 1.0, "overall_util": 6612.112467276647, "drain": 516.3620000000001, "t_local": 19.83550293192405}, {"device_id": 20, "stat_util": 3257.916226063818, "device_util": 1.5087844033166034, "time_util": 0.4621712389255759, "overall_util": 2271.79957718149, "drain": 883.8300000000002, "t_local": 32.45550293192405}, {"device_id": 21, "stat_util": 3172.212510271033, "device_util": 2.358406298487034, "time_util": 1.0, "overall_util": 7481.36596436257, "drain": 377.90500000000003, "t_local": 24.837734039012904}, {"device_id": 22, "stat_util": 3240.906165205254, "device_util": 1.1058894538726152, "time_util": 0.33702007805771167, "overall_util": 1207.9082522881179, "drain": 1322.3419999999999, "t_local": 44.5077340390129}, {"device_id": 23, "stat_util": 3184.736894380497, "device_util": 1.8170618773155236, "time_util": 0.3759612008374376, "overall_util": 2175.6363385451327, "drain": 649.3600000000001, "t_local": 39.8977340390129}, {"device_id": 24, "stat_util": 3250.7049085737767, "device_util": 1.5087844033166034, "time_util": 1.0, "overall_util": 4904.61286584084, "drain": 883.8300000000002, "t_local": 29.103022348347785}, {"device_id": 25, "stat_util": 3245.0866662110366, "device_util": 2.1760847416930793, "time_util": 1.0, "overall_util": 7061.5835798134995, "drain": 453.48600000000005, "t_local": 23.493022348347786}, {"device_id": 26, "stat_util": 3280.2291254163392, "device_util": 1.1058894538726152, "time_util": 0.347519686618381,