{"rnd": 2, "global_loss": 21.1595893462499, "global_accuracy": 0.30390390390390387, "global_accuracies": [3.5675675675675675, 3.006006006006006, 3.6336336336336337, 3.171171171171171, 3.1381381381381384, 3.6336336336336337, 3.237237237237237, 3.5015015015015014, 3.4354354354354357, 3.072072072072072, 2.873873873873874, 3.5345345345345343, 3.6336336336336337, 3.2702702702702706, 3.5345345345345343, 3.039039039039039, 3.1051051051051055, 3.204204204204204, 3.6666666666666665, 3.5345345345345343, 3.204204204204204, 3.3363363363363363, 3.2702702702702706, 3.5015015015015014, 3.6996996996997, 3.237237237237237, 3.006006006006006, 3.369369369369369, 3.204204204204204, 3.6666666666666665], "global_examples": [11, 11, 11, 11, 11, 11, 11, 11, 11, 11, 11, 11, 11, 11, 11, 11, 11, 11, 11, 11, 11, 11, 11, 11, 11, 11, 11, 11, 11, 11], "user_loss": 21.179102607568105, "user_weighted_accuracy": 0.3062062062062062, "user_weighted_accuracy_var": 0.07401725048371695, "user_accuracy": 0.3062062062062062, "user_accuracy_var": 0.0006117128139150164, "user_accuracies": [0.30930930930930933, 0.3183183183183183, 0.3633633633633634, 0.27627627627627627, 0.25825825825825827, 0.3063063063063063, 0.3063063063063063, 0.33633633633633636, 0.3033033033033033, 0.30930930930930933, 0.26426426426426425, 0.32732732732732733, 0.32432432432432434, 0.2912912912912913, 0.2882882882882883, 0.2852852852852853, 0.2822822822822823, 0.3303303303303303, 0.3213213213213213, 0.3213213213213213, 0.2912912912912913, 0.3063063063063063, 0.29429429429429427, 0.35135135135135137, 0.3333333333333333, 0.2852852852852853, 0.3033033033033033, 0.26426426426426425, 0.32432432432432434, 0.30930930930930933], "device_weighted_accuracy": 0.30390390390390387, "device_weighted_accuracy_var": 0.0547336525714904, "device_accuracy": 0.30390390390390387, "device_accuracy_var": 0.0004523442361280198, "device_accuracies": [0.32432432432432434, 0.2732732732732733, 0.3303303303303303, 0.2882882882882883, 0.2852852852852853, 0.3303303303303303, 0.29429429429429427, 0.3183183183183183, 0.3123123123123123, 0.27927927927927926, 0.26126126126126126, 0.3213213213213213, 0.3303303303303303, 0.2972972972972973, 0.3213213213213213, 0.27627627627627627, 0.2822822822822823, 0.2912912912912913, 0.3333333333333333, 0.3213213213213213, 0.2912912912912913, 0.3033033033033033, 0.2972972972972973, 0.3183183183183183, 0.33633633633633636, 0.29429429429429427, 0.2732732732732733, 0.3063063063063063, 0.2912912912912913, 0.3333333333333333], "total_loss": 29962.197342129548, "dead_devices": 0, "max_round_time": 52.15396084623217, "selected_devices": [5, 24, 9, 4, 16, 25, 27, 26, 10, 13, 1, 11, 12, 19, 17], "device_snapshot": [{"device_id": 0, "stat_util": 4260.998109733474, "device_util": 3.823526870376636, "time_util": 0.29585981514484144, "overall_util": 4820.160169713051, "drain": 87.315, "t_local": 50.699686919822426}, {"device_id": 1, "stat_util": 3955.297946631435, "device_util": 3.3898357437789217, "time_util": 1.0, "overall_util": 13407.810356786613, "drain": 134.722, "t_local": 11.499686919822423}, {"device_id": 2, "stat_util": 4272.66327662891, "device_util": 4.082982924338867, "time_util": 1.0, "overall_util": 17445.211199925594, "drain": 67.361, "t_local": 11.499686919822423}, {"device_id": 3, "stat_util": 4272.937573161997, "device_util": 3.3005438725446585, "time_util": 0.49317345669824425, "overall_util": 6955.234099883302, "drain": 147.305, "t_local": 30.415262209008098}, {"device_id": 4, "stat_util": 3884.6086989785113, "device_util": 2.7333526091896787, "time_util": 0.37626743607898677, "overall_util": 3995.209639170975, "drain": 259.744, "t_local": 39.865262209008094}, {"device_id": 5, "stat_util": 3954.618093706616, "device_util": 3.2990040383660912, "time_util": 1.0, "overall_util": 13046.30106133374, "drain": 147.532, "t_local": 17.795262209008094}, {"device_id": 6, "stat_util": 4279.208089698462, "device_util": 3.0517996029279284, "time_util": 0.34733378555637756, "overall_util": 4535.93108639161, "drain": 188.906, "t_local": 43.186124194547354}, {"device_id": 7, "stat_util": 4301.056221398286, "device_util": 3.3005438725446585, "time_util": 1.0, "overall_util": 14195.824757006194, "drain": 147.305, "t_local": 29.126124194547355}, {"device_id": 8, "stat_util": 4289.903509147023, "device_util": 4.061118914593781, "time_util": 1.0, "overall_util": 17421.80828277921, "drain": 68.85, "t_local": 16.396124194547355}, {"device_id": 9, "stat_util": 3975.803001484381, "device_util": 2.358652422367983, "time_util": 0.32903076993686325, "overall_util": 3085.4983443547967, "drain": 377.812, "t_local": 45.58844147882675}, {"device_id": 10, "stat_util": 3954.337878390645, "device_util": 3.367971734033835, "time_util": 1.0, "overall_util": 13318.098201239016, "drain": 137.7, "t_local": 18.798441478826746}, {"device_id": 11, "stat_util": 3934.0737926367283, "device_util": 3.367971734033835, "time_util": 1.0, "overall_util": 13249.849333203787, "drain": 137.7, "t_local": 18.798441478826746}, {"device_id": 12, "stat_util": 3918.004607801349, "device_util": 3.2746970303611893, "time_util": 1.0, "overall_util": 12830.278054108534, "drain": 151.162, "t_local": 24.747789395318843}, {"device_id": 13, "stat_util": 3972.6752579875542, "device_util": 3.367971734033835, "time_util": 1.0, "overall_util": 13379.857977397656, "drain": 137.7, "t_local": 17.627789395318842}, {"device_id": 14, "stat_util": 4275.423494951528, "device_util": 3.823526870376636, "time_util": 0.28880705502941467, "overall_util": 4721.185712418902, "drain": 87.315, "t_local": 51.937789395318845}, {"device_id": 15, "stat_util": 4293.695029390645, "device_util": 4.061118914593781, "time_util": 1.0, "overall_util": 17437.206097355647, "drain": 68.85, "t_local": 16.334837744156157}, {"device_id": 16, "stat_util": 3949.1592800961917, "device_util": 2.607396691984713, "time_util": 1.0, "overall_util": 10297.02484304354, "drain": 294.61, "t_local": 29.064837744156158}, {"device_id": 17, "stat_util": 3886.025263329526, "device_util": 3.3898357437789217, "time_util": 1.0, "overall_util": 13172.987338862324, "drain": 134.722, "t_local": 11.444837744156155}, {"device_id": 18, "stat_util": 4303.0113151488595, "device_util": 3.9921512189260366, "time_util": 1.0, "overall_util": 17178.27186682405, "drain": 73.766, "t_local": 19.83550293192405}, {"device_id": 19, "stat_util": 3961.2626643034528, "device_util": 3.2990040383660912, "time_util": 1.0, "overall_util": 13068.221526565912, "drain": 147.532, "t_local": 19.83550293192405}, {"device_id": 20, "stat_util": 4297.1218441265655, "device_util": 3.3005438725446585, "time_util": 0.4621712389255759, "overall_util": 6554.900351702364, "drain": 147.305, "t_local": 32.45550293192405}, {"device_id": 21, "stat_util": 4286.173239627676, "device_util": 3.9678442109211347, "time_util": 1.0, "overall_util": 17006.86767586176, "drain": 75.581, "t_local": 24.837734039012904}, {"device_id": 22, "stat_util": 4302.979148907102, "device_util": 3.0517996029279284, "time_util": 0.33702007805771167, "overall_util": 4425.690391201868, "drain": 188.906, "t_local": 44.5077340390129}, {"device_id": 23, "stat_util": 4302.289999501015, "device_util": 3.426499789749624, "time_util": 0.3759612008374376, "overall_util": 5542.343243472404, "drain": 129.872, "t_local": 39.8977340390129}, {"device_id": 24, "stat_util": 3966.5076605804334, "device_util": 2.607396691984713, "time_util": 1.0, "overall_util": 10342.258952929446, "drain": 294.61, "t_local": 29.103022348347785}, {"device_id": 25, "stat_util": 3923.768841890688, "device_util": 3.2746970303611893, "time_util": 1.0, "overall_util": 12849.154174363199, "drain": 151.162, "t_local": 23.493022348347786}, {"device_id": 26, "stat_util": 3974.9387420227645, "device_util": 2.358652422367983, "time_util": 0.347519686618381, "overall_util": 3258.1704370599577, "drain": 377.812, "t_local": 43.16302234834779}, {"device_id": 27, "stat_util": 3948.0839682926667, "device_util": 3.1303796898166905,