{"rnd": 3, "global_loss": 20.28645532131195, "global_accuracy": 0.33463463463463466, "global_accuracies": [3.6666666666666665, 3.3033033033033035, 4.228228228228228, 3.6996996996997, 3.8978978978978978, 3.2702702702702706, 3.6336336336336337, 3.600600600600601, 3.798798798798799, 3.798798798798799, 3.8318318318318316, 3.6996996996997, 3.765765765765766, 3.6666666666666665, 3.600600600600601, 3.4354354354354357, 3.600600600600601, 4.162162162162162, 3.6666666666666665, 3.8978978978978978, 3.4024024024024024, 3.798798798798799, 3.6996996996997, 3.5675675675675675, 3.369369369369369, 3.963963963963964, 3.5345345345345343, 3.798798798798799, 3.5675675675675675, 3.5015015015015014], "global_examples": [11, 11, 11, 11, 11, 11, 11, 11, 11, 11, 11, 11, 11, 11, 11, 11, 11, 11, 11, 11, 11, 11, 11, 11, 11, 11, 11, 11, 11, 11], "user_loss": 20.260908710956574, "user_weighted_accuracy": 0.33463463463463466, "user_weighted_accuracy_var": 0.06886687488289085, "user_accuracy": 0.3346346346346346, "user_accuracy_var": 0.0005691477263048834, "user_accuracies": [0.34234234234234234, 0.32432432432432434, 0.35735735735735735, 0.3303303303303303, 0.35135135135135137, 0.2822822822822823, 0.3633633633633634, 0.32732732732732733, 0.3633633633633634, 0.34234234234234234, 0.3633633633633634, 0.30930930930930933, 0.34234234234234234, 0.2972972972972973, 0.35435435435435436, 0.3333333333333333, 0.3153153153153153, 0.35135135135135137, 0.3303303303303303, 0.37537537537537535, 0.3483483483483483, 0.34534534534534533, 0.30930930930930933, 0.2912912912912913, 0.3123123123123123, 0.3633633633633634, 0.35135135135135137, 0.2972972972972973, 0.33933933933933935, 0.32432432432432434], "device_weighted_accuracy": 0.33463463463463466, "device_weighted_accuracy_var": 0.04798893989084176, "device_accuracy": 0.3346346346346346, "device_accuracy_var": 0.0003966028090152214, "device_accuracies": [0.3333333333333333, 0.3003003003003003, 0.3843843843843844, 0.33633633633633636, 0.35435435435435436, 0.2972972972972973, 0.3303303303303303, 0.32732732732732733, 0.34534534534534533, 0.34534534534534533, 0.3483483483483483, 0.33633633633633636, 0.34234234234234234, 0.3333333333333333, 0.32732732732732733, 0.3123123123123123, 0.32732732732732733, 0.3783783783783784, 0.3333333333333333, 0.35435435435435436, 0.30930930930930933, 0.34534534534534533, 0.33633633633633636, 0.32432432432432434, 0.3063063063063063, 0.36036036036036034, 0.3213213213213213, 0.34534534534534533, 0.32432432432432434, 0.3183183183183183], "total_loss": 27934.26371632417, "dead_devices": 0, "max_round_time": 52.15396084623217, "selected_devices": [18, 22, 23, 7, 20, 15, 28, 8, 21, 6, 29, 14, 3, 2, 0], "device_snapshot": [{"device_id": 0, "stat_util": 3697.4146341438422, "device_util": 3.1303796898166905, "time_util": 0.29585981514484144, "overall_util": 3424.3737127584504, "drain": 174.63, "t_local": 50.699686919822426}, {"device_id": 1, "stat_util": 3955.297946631435, "device_util": 3.3898357437789217, "time_util": 1.0, "overall_util": 13407.810356786613, "drain": 134.722, "t_local": 11.499686919822423}, {"device_id": 2, "stat_util": 3740.6514793596625, "device_util": 3.3898357437789217, "time_util": 1.0, "overall_util": 12680.194089752886, "drain": 134.722, "t_local": 11.499686919822423}, {"device_id": 3, "stat_util": 3721.4714646872235, "device_util": 2.607396691984713, "time_util": 0.49317345669824425, "overall_util": 4785.435837932934, "drain": 294.61, "t_local": 30.415262209008098}, {"device_id": 4, "stat_util": 3884.6086989785113, "device_util": 2.7333526091896787, "time_util": 0.37626743607898677, "overall_util": 3995.209639170975, "drain": 259.744, "t_local": 39.865262209008094}, {"device_id": 5, "stat_util": 3954.618093706616, "device_util": 3.2990040383660912, "time_util": 1.0, "overall_util": 13046.30106133374, "drain": 147.532, "t_local": 17.795262209008094}, {"device_id": 6, "stat_util": 3780.664215135464, "device_util": 2.358652422367983, "time_util": 0.34733378555637756, "overall_util": 3097.270121654642, "drain": 377.812, "t_local": 43.186124194547354}, {"device_id": 7, "stat_util": 3760.967159196046, "device_util": 2.607396691984713, "time_util": 1.0, "overall_util": 9806.333329550915, "drain": 294.61, "t_local": 29.126124194547355}, {"device_id": 8, "stat_util": 3780.7181125096845, "device_util": 3.367971734033835, "time_util": 1.0, "overall_util": 12733.35173728237, "drain": 137.7, "t_local": 16.396124194547355}, {"device_id": 9, "stat_util": 3975.803001484381, "device_util": 2.358652422367983, "time_util": 0.32903076993686325, "overall_util": 3085.4983443547967, "drain": 377.812, "t_local": 45.58844147882675}, {"device_id": 10, "stat_util": 3954.337878390645, "device_util": 3.367971734033835, "time_util": 1.0, "overall_util": 13318.098201239016, "drain": 137.7, "t_local": 18.798441478826746}, {"device_id": 11, "stat_util": 3934.0737926367283, "device_util": 3.367971734033835, "time_util": 1.0, "overall_util": 13249.849333203787, "drain": 137.7, "t_local": 18.798441478826746}, {"device_id": 12, "stat_util": 3918.004607801349, "device_util": 3.2746970303611893, "time_util": 1.0, "overall_util": 12830.278054108534, "drain": 151.162, "t_local": 24.747789395318843}, {"device_id": 13, "stat_util": 3972.6752579875542, "device_util": 3.367971734033835, "time_util": 1.0, "overall_util": 13379.857977397656, "drain": 137.7, "t_local": 17.627789395318842}, {"device_id": 14, "stat_util": 3691.204506549921, "device_util": 3.1303796898166905, "time_util": 0.28880705502941467, "overall_util": 3337.1284433137093, "drain": 174.63, "t_local": 51.937789395318845}, {"device_id": 15, "stat_util": 3692.3368617083047, "device_util": 3.367971734033835, "time_util": 1.0, "overall_util": 12435.686182764766, "drain": 137.7, "t_local": 16.334837744156157}, {"device_id": 16, "stat_util": 3949.1592800961917, "device_util": 2.607396691984713, "time_util": 1.0, "overall_util": 10297.02484304354, "drain": 294.61, "t_local": 29.064837744156158}, {"device_id": 17, "stat_util": 3886.025263329526, "device_util": 3.3898357437789217, "time_util": 1.0, "overall_util": 13172.987338862324, "drain": 134.722, "t_local": 11.444837744156155}, {"device_id": 18, "stat_util": 3722.817341239906, "device_util": 3.2990040383660912, "time_util": 1.0, "overall_util": 12281.589442849765, "drain": 147.532, "t_local": 19.83550293192405}, {"device_id": 19, "stat_util": 3961.2626643034528, "device_util": 3.2990040383660912, "time_util": 1.0, "overall_util": 13068.221526565912, "drain": 147.532, "t_local": 19.83550293192405}, {"device_id": 20, "stat_util": 3817.3569962420897, "device_util": 2.607396691984713, "time_util": 0.4621712389255759, "overall_util": 4600.158573264295, "drain": 294.61, "t_local": 32.45550293192405}, {"device_id": 21, "stat_util": 3706.3705528101386, "device_util": 3.2746970303611893, "time_util": 1.0, "overall_util": 12137.240642705521, "drain": 151.162, "t_local": 24.837734039012904}, {"device_id": 22, "stat_util": 3740.1157218944923, "device_util": 2.358652422367983, "time_util": 0.33702007805771167, "overall_util": 2973.067444744712, "drain": 377.812, "t_local": 44.5077340390129}, {"device_id": 23, "stat_util": 3707.5805603170943, "device_util": 2.7333526091896787, "time_util": 0.3759612008374376, "overall_util": 3810.037803806459, "drain": 259.744, "t_local": 39.8977340390129}, {"device_id": 24, "stat_util": 3966.5076605804334, "device_util": 2.607396691984713, "time_util": 1.0, "overall_util": 10342.258952929446, "drain": 294.61, "t_local": 29.103022348347785}, {"device_id": 25, "stat_util": 3923.768841890688, "device_util": 3.2746970303611893, "time_util": 1.0, "overall_util": 12849.154174363199, "drain": 151.162, "t_local": 23.493022348347786}, {"device_id": 26, "stat_util": 3974.9387420227645, "device_util": 2.358652422367983, "time_util": 0.347519686618381, "overall_util": 3258.1704370599577, "drain": 377.812, "t_local": 43.16302234834779}, {"device_id": 27, "stat_util": 3948.0839682926667, "device_util": 3.1303796898166905,