{"rnd": 4, "global_loss": 19.446828667322794, "global_accuracy": 0.3691691691691691, "global_accuracies": [3.864864864864865, 3.798798798798799, 3.600600600600601, 4.261261261261261, 4.162162162162162, 4.1291291291291286, 4.063063063063063, 4.393393393393393, 4.063063063063063, 4.228228228228228, 4.45945945945946, 4.4924924924924925, 4.426426426426426, 4.1291291291291286, 3.8978978978978978, 4.327327327327327, 3.864864864864865, 3.6996996996997, 3.864864864864865, 3.7327327327327327, 3.600600600600601, 4.096096096096096, 4.4924924924924925, 3.996996996996997, 3.963963963963964, 3.8318318318318316, 3.8978978978978978, 4.03003003003003, 4.4924924924924925, 3.963963963963964], "global_examples": [11, 11, 11, 11, 11, 11, 11, 11, 11, 11, 11, 11, 11, 11, 11, 11, 11, 11, 11, 11, 11, 11, 11, 11, 11, 11, 11, 11, 11, 11], "user_loss": 19.484127275149028, "user_weighted_accuracy": 0.37077077077077075, "user_weighted_accuracy_var": 0.05490339188036885, "user_accuracy": 0.3707707707707708, "user_accuracy_var": 0.00045374704033362707, "user_accuracies": [0.36936936936936937, 0.35435435435435436, 0.3033033033033033, 0.3993993993993994, 0.3663663663663664, 0.35135135135135137, 0.3813813813813814, 0.40540540540540543, 0.3783783783783784, 0.35435435435435436, 0.37537537537537535, 0.4024024024024024, 0.3813813813813814, 0.3843843843843844, 0.3783783783783784, 0.3783783783783784, 0.3483483483483483, 0.36036036036036034, 0.36936936936936937, 0.37537537537537535, 0.37237237237237236, 0.3483483483483483, 0.3933933933933934, 0.34534534534534533, 0.3843843843843844, 0.3483483483483483, 0.37537537537537535, 0.3633633633633634, 0.4084084084084084, 0.3663663663663664], "device_weighted_accuracy": 0.3691691691691691, "device_weighted_accuracy_var": 0.06990349709068425, "device_accuracy": 0.36916916916916925, "device_accuracy_var": 0.0005777148519891261, "device_accuracies": [0.35135135135135137, 0.34534534534534533, 0.32732732732732733, 0.38738738738738737, 0.3783783783783784, 0.37537537537537535, 0.36936936936936937, 0.3993993993993994, 0.36936936936936937, 0.3843843843843844, 0.40540540540540543, 0.4084084084084084, 0.4024024024024024, 0.37537537537537535, 0.35435435435435436, 0.3933933933933934, 0.35135135135135137, 0.33633633633633636, 0.35135135135135137, 0.33933933933933935, 0.32732732732732733, 0.37237237237237236, 0.4084084084084084, 0.3633633633633634, 0.36036036036036034, 0.3483483483483483, 0.35435435435435436, 0.3663663663663664, 0.4084084084084084, 0.36036036036036034], "total_loss": 26713.329281771184, "dead_devices": 0, "max_round_time": 52.15396084623217, "selected_devices": [9, 26, 13, 24, 19, 1, 5, 10, 16, 27, 11, 25, 12, 17, 4], "device_snapshot": [{"device_id": 0, "stat_util": 3697.4146341438422, "device_util": 3.1303796898166905, "time_util": 0.29585981514484144, "overall_util": 3424.3737127584504, "drain": 174.63, "t_local": 50.699686919822426}, {"device_id": 1, "stat_util": 3608.5467969037722, "device_util": 2.984370635670757, "time_util": 1.0, "overall_util": 10769.241098123386, "drain": 202.08300000000003, "t_local": 11.499686919822423}, {"device_id": 2, "stat_util": 3740.6514793596625, "device_util": 3.3898357437789217, "time_util": 1.0, "overall_util": 12680.194089752886, "drain": 134.722, "t_local": 11.499686919822423}, {"device_id": 3, "stat_util": 3721.4714646872235, "device_util": 2.607396691984713, "time_util": 0.49317345669824425, "overall_util": 4785.435837932934, "drain": 294.61, "t_local": 30.415262209008098}, {"device_id": 4, "stat_util": 3517.293624204633, "device_util": 2.3278875010815145, "time_util": 0.37626743607898677, "overall_util": 3080.8265436052397, "drain": 389.61600000000004, "t_local": 39.865262209008094}, {"device_id": 5, "stat_util": 3616.0985988881002, "device_util": 2.893538930257927, "time_util": 1.0, "overall_util": 10463.322071533863, "drain": 221.298, "t_local": 17.795262209008094}, {"device_id": 6, "stat_util": 3780.664215135464, "device_util": 2.358652422367983, "time_util": 0.34733378555637756, "overall_util": 3097.270121654642, "drain": 377.812, "t_local": 43.186124194547354}, {"device_id": 7, "stat_util": 3760.967159196046, "device_util": 2.607396691984713, "time_util": 1.0, "overall_util": 9806.333329550915, "drain": 294.61, "t_local": 29.126124194547355}, {"device_id": 8, "stat_util": 3780.7181125096845, "device_util": 3.367971734033835, "time_util": 1.0, "overall_util": 12733.35173728237, "drain": 137.7, "t_local": 16.396124194547355}, {"device_id": 9, "stat_util": 3654.7860393335177, "device_util": 1.9531873142598186, "time_util": 0.32903076993686325, "overall_util": 2348.7801392625584, "drain": 566.7180000000001, "t_local": 45.58844147882675}, {"device_id": 10, "stat_util": 3548.265354904835, "device_util": 2.9625066259256707, "time_util": 1.0, "overall_util": 10511.759624448076, "drain": 206.54999999999998, "t_local": 18.798441478826746}, {"device_id": 11, "stat_util": 3598.4054371509133, "device_util": 2.9625066259256707, "time_util": 1.0, "overall_util": 10660.29995032654, "drain": 206.54999999999998, "t_local": 18.798441478826746}, {"device_id": 12, "stat_util": 3592.762831446256, "device_util": 2.869231922253025, "time_util": 1.0, "overall_util": 10308.469805069763, "drain": 226.743, "t_local": 24.747789395318843}, {"device_id": 13, "stat_util": 3611.4866876047367, "device_util": 2.9625066259256707, "time_util": 1.0, "overall_util": 10699.053241471385, "drain": 206.54999999999998, "t_local": 17.627789395318842}, {"device_id": 14, "stat_util": 3691.204506549921, "device_util": 3.1303796898166905, "time_util": 0.28880705502941467, "overall_util": 3337.1284433137093, "drain": 174.63, "t_local": 51.937789395318845}, {"device_id": 15, "stat_util": 3692.3368617083047, "device_util": 3.367971734033835, "time_util": 1.0, "overall_util": 12435.686182764766, "drain": 137.7, "t_local": 16.334837744156157}, {"device_id": 16, "stat_util": 3638.8774053892025, "device_util": 2.201931583876549, "time_util": 1.0, "overall_util": 8012.559088781234, "drain": 441.915, "t_local": 29.064837744156158}, {"device_id": 17, "stat_util": 3616.5426108792963, "device_util": 2.984370635670757, "time_util": 1.0, "overall_util": 10793.103570560224, "drain": 202.08300000000003, "t_local": 11.444837744156155}, {"device_id": 18, "stat_util": 3722.817341239906, "device_util": 3.2990040383660912, "time_util": 1.0, "overall_util": 12281.589442849765, "drain": 147.532, "t_local": 19.83550293192405}, {"device_id": 19, "stat_util": 3642.2417535335726, "device_util": 2.893538930257927, "time_util": 1.0, "overall_util": 10538.96830726029, "drain": 221.298, "t_local": 19.83550293192405}, {"device_id": 20, "stat_util": 3817.3569962420897, "device_util": 2.607396691984713, "time_util": 0.4621712389255759, "overall_util": 4600.158573264295, "drain": 294.61, "t_local": 32.45550293192405}, {"device_id": 21, "stat_util": 3706.3705528101386, "device_util": 3.2746970303611893, "time_util": 1.0, "overall_util": 12137.240642705521, "drain": 151.162, "t_local": 24.837734039012904}, {"device_id": 22, "stat_util": 3740.1157218944923, "device_util": 2.358652422367983, "time_util": 0.33702007805771167, "overall_util": 2973.067444744712, "drain": 377.812, "t_local": 44.5077340390129}, {"device_id": 23, "stat_util": 3707.5805603170943, "device_util": 2.7333526091896787, "time_util": 0.3759612008374376, "overall_util": 3810.037803806459, "drain": 259.744, "t_local": 39.8977340390129}, {"device_id": 24, "stat_util": 3663.4934958257986, "device_util": 2.201931583876549, "time_util": 1.0, "overall_util": 8066.7620357851365, "drain": 441.915, "t_local": 29.103022348347785}, {"device_id": 25, "stat_util": 3573.31994557455, "device_util": 2.869231922253025, "time_util": 1.0, "overall_util": 10252.683656265941, "drain": 226.743, "t_local": 23.493022348347786}, {"device_id": 26, "stat_util": 3620.0387421999194, "device_util": 1.9531873142598186, "time_util": 0.347519686618381, "overall_util": 2457.1774740414826, "drain": 566.7180000000001,