{"rnd": 6, "global_loss": 18.596927436192832, "global_accuracy": 0.3930930930930931, "global_accuracies": [4.294294294294294, 3.8318318318318316, 4.78978978978979, 4.921921921921922, 4.162162162162162, 4.45945945945946, 4.78978978978979, 4.03003003003003, 4.426426426426426, 4.723723723723723, 4.36036036036036, 4.657657657657658, 4.525525525525525, 4.195195195195195, 4.063063063063063, 4.393393393393393, 4.162162162162162, 4.1291291291291286, 4.228228228228228, 4.657657657657658, 3.600600600600601, 4.591591591591591, 4.1291291291291286, 3.6666666666666665, 4.36036036036036, 4.921921921921922, 4.261261261261261, 4.294294294294294, 4.294294294294294, 3.798798798798799], "global_examples": [11, 11, 11, 11, 11, 11, 11, 11, 11, 11, 11, 11, 11, 11, 11, 11, 11, 11, 11, 11, 11, 11, 11, 11, 11, 11, 11, 11, 11, 11], "user_loss": 18.591420594851176, "user_weighted_accuracy": 0.39969969969969965, "user_weighted_accuracy_var": 0.08593779966152339, "user_accuracy": 0.3996996996996997, "user_accuracy_var": 0.0007102297492687879, "user_accuracies": [0.4024024024024024, 0.3993993993993994, 0.4174174174174174, 0.44744744744744747, 0.38738738738738737, 0.3963963963963964, 0.47147147147147145, 0.36936936936936937, 0.4024024024024024, 0.4084084084084084, 0.3813813813813814, 0.3933933933933934, 0.3933933933933934, 0.3783783783783784, 0.3633633633633634, 0.43843843843843844, 0.3963963963963964, 0.37537537537537535, 0.3993993993993994, 0.4024024024024024, 0.33933933933933935, 0.4444444444444444, 0.3783783783783784, 0.38738738738738737, 0.4084084084084084, 0.43843843843843844, 0.3963963963963964, 0.39039039039039036, 0.3963963963963964, 0.38738738738738737], "device_weighted_accuracy": 0.3930930930930931, "device_weighted_accuracy_var": 0.11561793024255486, "device_accuracy": 0.39309309309309304, "device_accuracy_var": 0.000955520084649214, "device_accuracies": [0.39039039039039036, 0.3483483483483483, 0.43543543543543545, 0.44744744744744747, 0.3783783783783784, 0.40540540540540543, 0.43543543543543545, 0.3663663663663664, 0.4024024024024024, 0.4294294294294294, 0.3963963963963964, 0.42342342342342343, 0.4114114114114114, 0.3813813813813814, 0.36936936936936937, 0.3993993993993994, 0.3783783783783784, 0.37537537537537535, 0.3843843843843844, 0.42342342342342343, 0.32732732732732733, 0.4174174174174174, 0.37537537537537535, 0.3333333333333333, 0.3963963963963964, 0.44744744744744747, 0.38738738738738737, 0.39039039039039036, 0.39039039039039036, 0.34534534534534533], "total_loss": 25311.85133780241, "dead_devices": 0, "max_round_time": 52.15396084623217, "selected_devices": [24, 9, 19, 16, 27, 26, 17, 5, 13, 1, 6, 11, 12, 7, 25], "device_snapshot": [{"device_id": 0, "stat_util": 3457.1856172977396, "device_util": 2.724914581708526, "time_util": 0.29585981514484144, "overall_util": 2787.157891668672, "drain": 261.945, "t_local": 50.699686919822426}, {"device_id": 1, "stat_util": 3400.9781915858757, "device_util": 2.6966885632189763, "time_util": 1.0, "overall_util": 9171.378993006787, "drain": 269.444, "t_local": 11.499686919822423}, {"device_id": 2, "stat_util": 3534.208537156921, "device_util": 2.984370635670757, "time_util": 1.0, "overall_util": 10547.388178628016, "drain": 202.08300000000003, "t_local": 11.499686919822423}, {"device_id": 3, "stat_util": 3439.6353854886165, "device_util": 2.201931583876549, "time_util": 0.49317345669824425, "overall_util": 3735.2177372074207, "drain": 441.915, "t_local": 30.415262209008098}, {"device_id": 4, "stat_util": 3517.293624204633, "device_util": 2.3278875010815145, "time_util": 0.37626743607898677, "overall_util": 3080.8265436052397, "drain": 389.61600000000004, "t_local": 39.865262209008094}, {"device_id": 5, "stat_util": 3454.612726717665, "device_util": 2.6058568578061463, "time_util": 1.0, "overall_util": 9002.226264981617, "drain": 295.064, "t_local": 17.795262209008094}, {"device_id": 6, "stat_util": 3466.55330360637, "device_util": 1.6655052418080376, "time_util": 0.34733378555637756, "overall_util": 2005.3533881001795, "drain": 755.624, "t_local": 43.186124194547354}, {"device_id": 7, "stat_util": 3483.946668142309, "device_util": 1.914249511424768, "time_util": 1.0, "overall_util": 6669.143207321364, "drain": 589.22, "t_local": 29.126124194547355}, {"device_id": 8, "stat_util": 3490.3510928022247, "device_util": 2.9625066259256707, "time_util": 1.0, "overall_util": 10340.188239233496, "drain": 206.54999999999998, "t_local": 16.396124194547355}, {"device_id": 9, "stat_util": 3497.1100278229305, "device_util": 1.6655052418080376, "time_util": 0.32903076993686325, "overall_util": 1916.4249402637527, "drain": 755.624, "t_local": 45.58844147882675}, {"device_id": 10, "stat_util": 3548.265354904835, "device_util": 2.9625066259256707, "time_util": 1.0, "overall_util": 10511.759624448076, "drain": 206.54999999999998, "t_local": 18.798441478826746}, {"device_id": 11, "stat_util": 3426.1835749656066, "device_util": 2.67482455347389, "time_util": 1.0, "overall_util": 9164.439951026954, "drain": 275.4, "t_local": 18.798441478826746}, {"device_id": 12, "stat_util": 3436.2504569898038, "device_util": 2.581549849801244, "time_util": 1.0, "overall_util": 8870.851851121484, "drain": 302.324, "t_local": 24.747789395318843}, {"device_id": 13, "stat_util": 3398.8327560263438, "device_util": 2.67482455347389, "time_util": 1.0, "overall_util": 9091.281308970596, "drain": 275.4, "t_local": 17.627789395318842}, {"device_id": 14, "stat_util": 3493.1107860715215, "device_util": 2.724914581708526, "time_util": 0.28880705502941467, "overall_util": 2748.9893083553675, "drain": 261.945, "t_local": 51.937789395318845}, {"device_id": 15, "stat_util": 3487.8860403634258, "device_util": 2.9625066259256707, "time_util": 1.0, "overall_util": 10332.8855050503, "drain": 206.54999999999998, "t_local": 16.334837744156157}, {"device_id": 16, "stat_util": 3423.117508744637, "device_util": 1.914249511424768, "time_util": 1.0, "overall_util": 6552.70101866399, "drain": 589.22, "t_local": 29.064837744156158}, {"device_id": 17, "stat_util": 3366.115704696659, "device_util": 2.6966885632189763, "time_util": 1.0, "overall_util": 9077.365723327266, "drain": 269.444, "t_local": 11.444837744156155}, {"device_id": 18, "stat_util": 3493.919964402341, "device_util": 2.893538930257927, "time_util": 1.0, "overall_util": 10109.793436203565, "drain": 221.298, "t_local": 19.83550293192405}, {"device_id": 19, "stat_util": 3435.6610672806437, "device_util": 2.6058568578061463, "time_util": 1.0, "overall_util": 8952.840953270848, "drain": 295.064, "t_local": 19.83550293192405}, {"device_id": 20, "stat_util": 3533.6129670060736, "device_util": 2.201931583876549, "time_util": 0.4621712389255759, "overall_util": 3596.049958107272, "drain": 441.915, "t_local": 32.45550293192405}, {"device_id": 21, "stat_util": 3544.087749503025, "device_util": 2.869231922253025, "time_util": 1.0, "overall_util": 10168.809706139962, "drain": 226.743, "t_local": 24.837734039012904}, {"device_id": 22, "stat_util": 3569.55051488822, "device_util": 1.9531873142598186, "time_util": 0.33702007805771167, "overall_util": 2349.7042482025786, "drain": 566.7180000000001, "t_local": 44.5077340390129}, {"device_id": 23, "stat_util": 3486.0153578296204, "device_util": 2.3278875010815145, "time_util": 0.3759612008374376, "overall_util": 3050.944536900779, "drain": 389.61600000000004, "t_local": 39.8977340390129}, {"device_id": 24, "stat_util": 3471.836401397269, "device_util": 1.914249511424768, "time_util": 1.0, "overall_util": 6645.961135121447, "drain": 589.22, "t_local": 29.103022348347785}, {"device_id": 25, "stat_util": 3485.1662685036054, "device_util": 2.581549849801244, "time_util": 1.0, "overall_util": 8997.130456987845, "drain": 302.324, "t_local": 23.493022348347786}, {"device_id": 26, "stat_util": 3477.1221370386925, "device_util": 1.6655052418080376, "time_util": 0.347519686618381, "overall_util": 2012.5438965697397, "drain": 755.624, "t_local": 43.16302234834779}, {"device_id": 27,