{"rnd": 7, "global_loss": 18.200379208723703, "global_accuracy": 0.4066066066066066, "global_accuracies": [4.4924924924924925, 4.756756756756757, 3.963963963963964, 4.591591591591591, 4.294294294294294, 4.4924924924924925, 4.558558558558558, 4.228228228228228, 5.12012012012012, 4.6906906906906904, 4.45945945945946, 4.591591591591591, 4.36036036036036, 4.591591591591591, 4.393393393393393, 4.096096096096096, 4.096096096096096, 4.1291291291291286, 5.153153153153153, 4.426426426426426, 4.45945945945946, 4.195195195195195, 4.624624624624625, 3.996996996996997, 4.558558558558558, 4.45945945945946, 4.36036036036036, 4.756756756756757, 4.45945945945946, 4.822822822822823], "global_examples": [11, 11, 11, 11, 11, 11, 11, 11, 11, 11, 11, 11, 11, 11, 11, 11, 11, 11, 11, 11, 11, 11, 11, 11, 11, 11, 11, 11, 11, 11], "user_loss": 18.177348323663075, "user_weighted_accuracy": 0.4121121121121122, "user_weighted_accuracy_var": 0.09338208077947817, "user_accuracy": 0.41211211211211213, "user_accuracy_var": 0.0007717527337146959, "user_accuracies": [0.43843843843843844, 0.45045045045045046, 0.3783783783783784, 0.3933933933933934, 0.38738738738738737, 0.4174174174174174, 0.44144144144144143, 0.4084084084084084, 0.4894894894894895, 0.44144144144144143, 0.4024024024024024, 0.40540540540540543, 0.4024024024024024, 0.3813813813813814, 0.3963963963963964, 0.3843843843843844, 0.3933933933933934, 0.3993993993993994, 0.44144144144144143, 0.4114114114114114, 0.4114114114114114, 0.37237237237237236, 0.4144144144144144, 0.34534534534534533, 0.43843843843843844, 0.42042042042042044, 0.4174174174174174, 0.43243243243243246, 0.4294294294294294, 0.4174174174174174], "device_weighted_accuracy": 0.4066066066066066, "device_weighted_accuracy_var": 0.07948164380596817, "device_accuracy": 0.4066066066066066, "device_accuracy_var": 0.0006568730893055217, "device_accuracies": [0.4084084084084084, 0.43243243243243246, 0.36036036036036034, 0.4174174174174174, 0.39039039039039036, 0.4084084084084084, 0.4144144144144144, 0.3843843843843844, 0.46546546546546547, 0.4264264264264264, 0.40540540540540543, 0.4174174174174174, 0.3963963963963964, 0.4174174174174174, 0.3993993993993994, 0.37237237237237236, 0.37237237237237236, 0.37537537537537535, 0.46846846846846846, 0.4024024024024024, 0.40540540540540543, 0.3813813813813814, 0.42042042042042044, 0.3633633633633634, 0.4144144144144144, 0.40540540540540543, 0.3963963963963964, 0.43243243243243246, 0.40540540540540543, 0.43843843843843844], "total_loss": 24687.14325252374, "dead_devices": 0, "max_round_time": 52.15396084623217, "selected_devices": [22, 10, 21, 28, 2, 20, 29, 4, 9, 18, 14, 8, 15, 23, 25], "device_snapshot": [{"device_id": 0, "stat_util": 3457.1856172977396, "device_util": 2.724914581708526, "time_util": 0.29585981514484144, "overall_util": 2787.157891668672, "drain": 261.945, "t_local": 50.699686919822426}, {"device_id": 1, "stat_util": 3400.9781915858757, "device_util": 2.6966885632189763, "time_util": 1.0, "overall_util": 9171.378993006787, "drain": 269.444, "t_local": 11.499686919822423}, {"device_id": 2, "stat_util": 3388.6160394059566, "device_util": 2.6966885632189763, "time_util": 1.0, "overall_util": 9138.042118606427, "drain": 269.444, "t_local": 11.499686919822423}, {"device_id": 3, "stat_util": 3439.6353854886165, "device_util": 2.201931583876549, "time_util": 0.49317345669824425, "overall_util": 3735.2177372074207, "drain": 441.915, "t_local": 30.415262209008098}, {"device_id": 4, "stat_util": 3338.1586817580637, "device_util": 2.0402054286297338, "time_util": 0.37626743607898677, "overall_util": 2562.580459816221, "drain": 519.488, "t_local": 39.865262209008094}, {"device_id": 5, "stat_util": 3454.612726717665, "device_util": 2.6058568578061463, "time_util": 1.0, "overall_util": 9002.226264981617, "drain": 295.064, "t_local": 17.795262209008094}, {"device_id": 6, "stat_util": 3466.55330360637, "device_util": 1.6655052418080376, "time_util": 0.34733378555637756, "overall_util": 2005.3533881001795, "drain": 755.624, "t_local": 43.186124194547354}, {"device_id": 7, "stat_util": 3483.946668142309, "device_util": 1.914249511424768, "time_util": 1.0, "overall_util": 6669.143207321364, "drain": 589.22, "t_local": 29.126124194547355}, {"device_id": 8, "stat_util": 3360.725160601795, "device_util": 2.67482455347389, "time_util": 1.0, "overall_util": 8989.350177055163, "drain": 275.4, "t_local": 16.396124194547355}, {"device_id": 9, "stat_util": 3385.5559904696083, "device_util": 1.4423616904938281, "time_util": 0.32903076993686325, "overall_util": 1606.7218257318202, "drain": 944.53, "t_local": 45.58844147882675}, {"device_id": 10, "stat_util": 3302.969589139352, "device_util": 2.67482455347389, "time_util": 1.0, "overall_util": 8834.864156407506, "drain": 275.4, "t_local": 18.798441478826746}, {"device_id": 11, "stat_util": 3426.1835749656066, "device_util": 2.67482455347389, "time_util": 1.0, "overall_util": 9164.439951026954, "drain": 275.4, "t_local": 18.798441478826746}, {"device_id": 12, "stat_util": 3436.2504569898038, "device_util": 2.581549849801244, "time_util": 1.0, "overall_util": 8870.851851121484, "drain": 302.324, "t_local": 24.747789395318843}, {"device_id": 13, "stat_util": 3398.8327560263438, "device_util": 2.67482455347389, "time_util": 1.0, "overall_util": 9091.281308970596, "drain": 275.4, "t_local": 17.627789395318842}, {"device_id": 14, "stat_util": 3272.7159204921218, "device_util": 2.437232509256745, "time_util": 0.28880705502941467, "overall_util": 2303.631824106213, "drain": 349.26, "t_local": 51.937789395318845}, {"device_id": 15, "stat_util": 3329.4960084086483, "device_util": 2.67482455347389, "time_util": 1.0, "overall_util": 8905.817673984762, "drain": 275.4, "t_local": 16.334837744156157}, {"device_id": 16, "stat_util": 3423.117508744637, "device_util": 1.914249511424768, "time_util": 1.0, "overall_util": 6552.70101866399, "drain": 589.22, "t_local": 29.064837744156158}, {"device_id": 17, "stat_util": 3366.115704696659, "device_util": 2.6966885632189763, "time_util": 1.0, "overall_util": 9077.365723327266, "drain": 269.444, "t_local": 11.444837744156155}, {"device_id": 18, "stat_util": 3334.048769181018, "device_util": 2.6058568578061463, "time_util": 1.0, "overall_util": 8688.053849430496, "drain": 295.064, "t_local": 19.83550293192405}, {"device_id": 19, "stat_util": 3435.6610672806437, "device_util": 2.6058568578061463, "time_util": 1.0, "overall_util": 8952.840953270848, "drain": 295.064, "t_local": 19.83550293192405}, {"device_id": 20, "stat_util": 3377.728211781569, "device_util": 1.914249511424768, "time_util": 0.4621712389255759, "overall_util": 2988.3135346988806, "drain": 589.22, "t_local": 32.45550293192405}, {"device_id": 21, "stat_util": 3323.329796100865, "device_util": 2.581549849801244, "time_util": 1.0, "overall_util": 8579.341535964188, "drain": 302.324, "t_local": 24.837734039012904}, {"device_id": 22, "stat_util": 3444.395160465541, "device_util": 1.6655052418080376, "time_util": 0.33702007805771167, "overall_util": 1933.368992539085, "drain": 755.624, "t_local": 44.5077340390129}, {"device_id": 23, "stat_util": 3325.6725371517377, "device_util": 2.0402054286297338, "time_util": 0.3759612008374376, "overall_util": 2550.9174872590065, "drain": 519.488, "t_local": 39.8977340390129}, {"device_id": 24, "stat_util": 3471.836401397269, "device_util": 1.914249511424768, "time_util": 1.0, "overall_util": 6645.961135121447, "drain": 589.22, "t_local": 29.103022348347785}, {"device_id": 25, "stat_util": 3349.7041121964853, "device_util": 2.358406298487034, "time_util": 1.0, "overall_util": 7899.96327627211, "drain": 377.90500000000003, "t_local": 23.493022348347786}, {"device_id": 26, "stat_util": 3477.1221370386925, "device_util": 1.6655052418080376, "time_util": 0.347519686618381, "overall_util": 2012.5438965697397, "drain": 755.624, "t_local": 43.16302234834779}, {"device_id": 27, "stat_util": 3422.1418820023596, "device_util": 2.437232509256745, "time_util": 0.28760998698114537,