{"rnd": 8, "global_loss": 17.973494553565978, "global_accuracy": 0.41111111111111115, "global_accuracies": [4.591591591591591, 4.6906906906906904, 4.261261261261261, 4.36036036036036, 4.4924924924924925, 4.591591591591591, 4.657657657657658, 4.228228228228228, 4.921921921921922, 4.525525525525525, 4.624624624624625, 4.393393393393393, 3.996996996996997, 4.162162162162162, 4.78978978978979, 4.36036036036036, 4.45945945945946, 5.2192192192192195, 4.723723723723723, 4.8558558558558556, 4.723723723723723, 4.162162162162162, 4.261261261261261, 4.195195195195195, 4.393393393393393, 4.426426426426426, 4.624624624624625, 4.558558558558558, 4.327327327327327, 5.087087087087087], "global_examples": [11, 11, 11, 11, 11, 11, 11, 11, 11, 11, 11, 11, 11, 11, 11, 11, 11, 11, 11, 11, 11, 11, 11, 11, 11, 11, 11, 11, 11, 11], "user_loss": 17.934511204560597, "user_weighted_accuracy": 0.41711711711711713, "user_weighted_accuracy_var": 0.08564681798916034, "user_accuracy": 0.4171171171171171, "user_accuracy_var": 0.0007078249420591763, "user_accuracies": [0.4084084084084084, 0.44144144144144143, 0.34234234234234234, 0.3933933933933934, 0.43243243243243246, 0.4264264264264264, 0.43843843843843844, 0.3993993993993994, 0.4444444444444444, 0.37237237237237236, 0.4114114114114114, 0.42342342342342343, 0.4114114114114114, 0.39039039039039036, 0.43843843843843844, 0.4174174174174174, 0.4114114114114114, 0.4774774774774775, 0.43243243243243246, 0.45345345345345345, 0.4264264264264264, 0.39039039039039036, 0.3843843843843844, 0.4294294294294294, 0.4114114114114114, 0.42342342342342343, 0.40540540540540543, 0.4264264264264264, 0.3963963963963964, 0.45345345345345345], "device_weighted_accuracy": 0.41111111111111115, "device_weighted_accuracy_var": 0.0769901132363595, "device_accuracy": 0.4111111111111111, "device_accuracy_var": 0.0006362819275732188, "device_accuracies": [0.4174174174174174, 0.4264264264264264, 0.38738738738738737, 0.3963963963963964, 0.4084084084084084, 0.4174174174174174, 0.42342342342342343, 0.3843843843843844, 0.44744744744744747, 0.4114114114114114, 0.42042042042042044, 0.3993993993993994, 0.3633633633633634, 0.3783783783783784, 0.43543543543543545, 0.3963963963963964, 0.40540540540540543, 0.4744744744744745, 0.4294294294294294, 0.44144144144144143, 0.4294294294294294, 0.3783783783783784, 0.38738738738738737, 0.3813813813813814, 0.3993993993993994, 0.4024024024024024, 0.42042042042042044, 0.4144144144144144, 0.3933933933933934, 0.4624624624624625], "total_loss": 24196.210966785748, "dead_devices": 0, "max_round_time": 52.15396084623217, "selected_devices": [7, 26, 24, 6, 0, 5, 22, 3, 12, 19, 11, 16, 27, 1, 13], "device_snapshot": [{"device_id": 0, "stat_util": 3190.3998261575753, "device_util": 2.437232509256745, "time_util": 0.29585981514484144, "overall_util": 2300.5308256050107, "drain": 349.26, "t_local": 50.699686919822426}, {"device_id": 1, "stat_util": 3361.9611920945176, "device_util": 2.4735450119047666, "time_util": 1.0, "overall_util": 8315.962336922797, "drain": 336.805, "t_local": 11.499686919822423}, {"device_id": 2, "stat_util": 3388.6160394059566, "device_util": 2.6966885632189763, "time_util": 1.0, "overall_util": 9138.042118606427, "drain": 269.444, "t_local": 11.499686919822423}, {"device_id": 3, "stat_util": 3349.0845110928462, "device_util": 1.914249511424768, "time_util": 0.49317345669824425, "overall_util": 3161.7268388274797, "drain": 589.22, "t_local": 30.415262209008098}, {"device_id": 4, "stat_util": 3338.1586817580637, "device_util": 2.0402054286297338, "time_util": 0.37626743607898677, "overall_util": 2562.580459816221, "drain": 519.488, "t_local": 39.865262209008094}, {"device_id": 5, "stat_util": 3306.642768005649, "device_util": 2.382713306491936, "time_util": 1.0, "overall_util": 7878.781723142388, "drain": 368.83000000000004, "t_local": 17.795262209008094}, {"device_id": 6, "stat_util": 3324.4992625486407, "device_util": 1.4423616904938281, "time_util": 0.34733378555637756, "overall_util": 1665.5107858627557, "drain": 944.53, "t_local": 43.186124194547354}, {"device_id": 7, "stat_util": 3282.2496972213085, "device_util": 1.6911059601105582, "time_util": 1.0, "overall_util": 5550.63202554203, "drain": 736.5250000000001, "t_local": 29.126124194547355}, {"device_id": 8, "stat_util": 3360.725160601795, "device_util": 2.67482455347389, "time_util": 1.0, "overall_util": 8989.350177055163, "drain": 275.4, "t_local": 16.396124194547355}, {"device_id": 9, "stat_util": 3385.5559904696083, "device_util": 1.4423616904938281, "time_util": 0.32903076993686325, "overall_util": 1606.7218257318202, "drain": 944.53, "t_local": 45.58844147882675}, {"device_id": 10, "stat_util": 3302.969589139352, "device_util": 2.67482455347389, "time_util": 1.0, "overall_util": 8834.864156407506, "drain": 275.4, "t_local": 18.798441478826746}, {"device_id": 11, "stat_util": 3261.7830953642565, "device_util": 2.4516810021596798, "time_util": 1.0, "overall_util": 7996.851648070143, "drain": 344.25, "t_local": 18.798441478826746}, {"device_id": 12, "stat_util": 3244.393838828137, "device_util": 2.358406298487034, "time_util": 1.0, "overall_util": 7651.598864264806, "drain": 377.90500000000003, "t_local": 24.747789395318843}, {"device_id": 13, "stat_util": 3300.81533268404, "device_util": 2.4516810021596798, "time_util": 1.0, "overall_util": 8092.546242778844, "drain": 344.25, "t_local": 17.627789395318842}, {"device_id": 14, "stat_util": 3272.7159204921218, "device_util": 2.437232509256745, "time_util": 0.28880705502941467, "overall_util": 2303.631824106213, "drain": 349.26, "t_local": 51.937789395318845}, {"device_id": 15, "stat_util": 3329.4960084086483, "device_util": 2.67482455347389, "time_util": 1.0, "overall_util": 8905.817673984762, "drain": 275.4, "t_local": 16.334837744156157}, {"device_id": 16, "stat_util": 3292.698619323486, "device_util": 1.6911059601105582, "time_util": 1.0, "overall_util": 5568.302259985753, "drain": 736.5250000000001, "t_local": 29.064837744156158}, {"device_id": 17, "stat_util": 3366.115704696659, "device_util": 2.6966885632189763, "time_util": 1.0, "overall_util": 9077.365723327266, "drain": 269.444, "t_local": 11.444837744156155}, {"device_id": 18, "stat_util": 3334.048769181018, "device_util": 2.6058568578061463, "time_util": 1.0, "overall_util": 8688.053849430496, "drain": 295.064, "t_local": 19.83550293192405}, {"device_id": 19, "stat_util": 3369.824360244201, "device_util": 2.382713306491936, "time_util": 1.0, "overall_util": 8029.325343694534, "drain": 368.83000000000004, "t_local": 19.83550293192405}, {"device_id": 20, "stat_util": 3377.728211781569, "device_util": 1.914249511424768, "time_util": 0.4621712389255759, "overall_util": 2988.3135346988806, "drain": 589.22, "t_local": 32.45550293192405}, {"device_id": 21, "stat_util": 3323.329796100865, "device_util": 2.581549849801244, "time_util": 1.0, "overall_util": 8579.341535964188, "drain": 302.324, "t_local": 24.837734039012904}, {"device_id": 22, "stat_util": 3374.5449107006016, "device_util": 1.4423616904938281, "time_util": 0.33702007805771167, "overall_util": 1640.3826460067785, "drain": 944.53, "t_local": 44.5077340390129}, {"device_id": 23, "stat_util": 3325.6725371517377, "device_util": 2.0402054286297338, "time_util": 0.3759612008374376, "overall_util": 2550.9174872590065, "drain": 519.488, "t_local": 39.8977340390129}, {"device_id": 24, "stat_util": 3318.8992252164794, "device_util": 1.6911059601105582, "time_util": 1.0, "overall_util": 5612.610260769902, "drain": 736.5250000000001, "t_local": 29.103022348347785}, {"device_id": 25, "stat_util": 3349.7041121964853, "device_util": 2.358406298487034, "time_util": 1.0, "overall_util": 7899.96327627211, "drain": 377.90500000000003, "t_local": 23.493022348347786}, {"device_id": 26, "stat_util": 3381.417782291811, "device_util": 1.4423616904938281, "time_util": 0.347519686618381, "overall_util": 1694.9325615004113, "drain": 944.53, "t_local": 43.16302234834779}, {"device_id": 27, "stat_util": 3256.196347088239,