{"rnd": 9, "global_loss": 17.767953872680664, "global_accuracy": 0.4212212212212212, "global_accuracies": [4.36036036036036, 4.228228228228228, 5.087087087087087, 4.393393393393393, 4.723723723723723, 4.4924924924924925, 4.723723723723723, 4.45945945945946, 4.954954954954955, 4.921921921921922, 4.756756756756757, 5.2192192192192195, 4.987987987987988, 4.195195195195195, 4.261261261261261, 4.888888888888888, 4.723723723723723, 4.756756756756757, 4.4924924924924925, 3.930930930930931, 4.195195195195195, 4.591591591591591, 5.087087087087087, 4.657657657657658, 4.591591591591591, 4.6906906906906904, 4.954954954954955, 4.822822822822823, 4.558558558558558, 4.294294294294294], "global_examples": [11, 11, 11, 11, 11, 11, 11, 11, 11, 11, 11, 11, 11, 11, 11, 11, 11, 11, 11, 11, 11, 11, 11, 11, 11, 11, 11, 11, 11, 11], "user_loss": 17.71747676531474, "user_weighted_accuracy": 0.42562562562562556, "user_weighted_accuracy_var": 0.07543214886558237, "user_accuracy": 0.42562562562562556, "user_accuracy_var": 0.0006234061889717548, "user_accuracies": [0.42042042042042044, 0.3963963963963964, 0.4624624624624625, 0.44744744744744747, 0.4084084084084084, 0.45345345345345345, 0.4084084084084084, 0.3813813813813814, 0.43243243243243246, 0.42042042042042044, 0.4114114114114114, 0.4594594594594595, 0.4624624624624625, 0.4024024024024024, 0.40540540540540543, 0.43543543543543545, 0.4084084084084084, 0.44144144144144143, 0.42042042042042044, 0.39039039039039036, 0.43543543543543545, 0.4594594594594595, 0.45045045045045046, 0.4084084084084084, 0.44144144144144143, 0.46546546546546547, 0.43243243243243246, 0.37237237237237236, 0.42042042042042044, 0.4144144144144144], "device_weighted_accuracy": 0.4212212212212212, "device_weighted_accuracy_var": 0.09456419382345313, "device_accuracy": 0.4212212212212212, "device_accuracy_var": 0.0007815222630037447, "device_accuracies": [0.3963963963963964, 0.3843843843843844, 0.4624624624624625, 0.3993993993993994, 0.4294294294294294, 0.4084084084084084, 0.4294294294294294, 0.40540540540540543, 0.45045045045045046, 0.44744744744744747, 0.43243243243243246, 0.4744744744744745, 0.45345345345345345, 0.3813813813813814, 0.38738738738738737, 0.4444444444444444, 0.4294294294294294, 0.43243243243243246, 0.4084084084084084, 0.35735735735735735, 0.3813813813813814, 0.4174174174174174, 0.4624624624624625, 0.42342342342342343, 0.4174174174174174, 0.4264264264264264, 0.45045045045045046, 0.43843843843843844, 0.4144144144144144, 0.39039039039039036], "total_loss": 23789.970555953183, "dead_devices": 0, "max_round_time": 52.15396084623217, "selected_devices": [2, 9, 26, 20, 22, 19, 17, 1, 8, 25, 3, 4, 29, 18, 15], "device_snapshot": [{"device_id": 0, "stat_util": 3190.3998261575753, "device_util": 2.437232509256745, "time_util": 0.29585981514484144, "overall_util": 2300.5308256050107, "drain": 349.26, "t_local": 50.699686919822426}, {"device_id": 1, "stat_util": 3237.107253859811, "device_util": 2.291223455110812, "time_util": 1.0, "overall_util": 7416.936066752949, "drain": 404.166, "t_local": 11.499686919822423}, {"device_id": 2, "stat_util": 3279.566542840402, "device_util": 2.4735450119047666, "time_util": 1.0, "overall_util": 8112.155463252636, "drain": 336.805, "t_local": 11.499686919822423}, {"device_id": 3, "stat_util": 3217.720870668223, "device_util": 1.6911059601105582, "time_util": 0.49317345669824425, "overall_util": 2683.606788410764, "drain": 736.5250000000001, "t_local": 30.415262209008098}, {"device_id": 4, "stat_util": 3219.3758196409303, "device_util": 1.8170618773155236, "time_util": 0.37626743607898677, "overall_util": 2201.0911554844015, "drain": 649.3600000000001, "t_local": 39.865262209008094}, {"device_id": 5, "stat_util": 3306.642768005649, "device_util": 2.382713306491936, "time_util": 1.0, "overall_util": 7878.781723142388, "drain": 368.83000000000004, "t_local": 17.795262209008094}, {"device_id": 6, "stat_util": 3324.4992625486407, "device_util": 1.4423616904938281, "time_util": 0.34733378555637756, "overall_util": 1665.5107858627557, "drain": 944.53, "t_local": 43.186124194547354}, {"device_id": 7, "stat_util": 3282.2496972213085, "device_util": 1.6911059601105582, "time_util": 1.0, "overall_util": 5550.63202554203, "drain": 736.5250000000001, "t_local": 29.126124194547355}, {"device_id": 8, "stat_util": 3199.8220021526417, "device_util": 2.4516810021596798, "time_util": 1.0, "overall_util": 7844.942812970182, "drain": 344.25, "t_local": 16.396124194547355}, {"device_id": 9, "stat_util": 3303.3050131610585, "device_util": 1.2600401336998734, "time_util": 0.32903076993686325, "overall_util": 1369.5237505656144, "drain": 1133.436, "t_local": 45.58844147882675}, {"device_id": 10, "stat_util": 3302.969589139352, "device_util": 2.67482455347389, "time_util": 1.0, "overall_util": 8834.864156407506, "drain": 275.4, "t_local": 18.798441478826746}, {"device_id": 11, "stat_util": 3261.7830953642565, "device_util": 2.4516810021596798, "time_util": 1.0, "overall_util": 7996.851648070143, "drain": 344.25, "t_local": 18.798441478826746}, {"device_id": 12, "stat_util": 3244.393838828137, "device_util": 2.358406298487034, "time_util": 1.0, "overall_util": 7651.598864264806, "drain": 377.90500000000003, "t_local": 24.747789395318843}, {"device_id": 13, "stat_util": 3300.81533268404, "device_util": 2.4516810021596798, "time_util": 1.0, "overall_util": 8092.546242778844, "drain": 344.25, "t_local": 17.627789395318842}, {"device_id": 14, "stat_util": 3272.7159204921218, "device_util": 2.437232509256745, "time_util": 0.28880705502941467, "overall_util": 2303.631824106213, "drain": 349.26, "t_local": 51.937789395318845}, {"device_id": 15, "stat_util": 3166.0279362845326, "device_util": 2.4516810021596798, "time_util": 1.0, "overall_util": 7762.090543695605, "drain": 344.25, "t_local": 16.334837744156157}, {"device_id": 16, "stat_util": 3292.698619323486, "device_util": 1.6911059601105582, "time_util": 1.0, "overall_util": 5568.302259985753, "drain": 736.5250000000001, "t_local": 29.064837744156158}, {"device_id": 17, "stat_util": 3204.4726376371254, "device_util": 2.4735450119047666, "time_util": 1.0, "overall_util": 7926.407308612623, "drain": 336.805, "t_local": 11.444837744156155}, {"device_id": 18, "stat_util": 3222.323553163143, "device_util": 2.382713306491936, "time_util": 1.0, "overall_util": 7677.873207944197, "drain": 368.83000000000004, "t_local": 19.83550293192405}, {"device_id": 19, "stat_util": 3310.0046353815633, "device_util": 2.2003917496979817, "time_util": 1.0, "overall_util": 7283.3068911556675, "drain": 442.59600000000006, "t_local": 19.83550293192405}, {"device_id": 20, "stat_util": 3288.5685312471624, "device_util": 1.6911059601105582, "time_util": 0.4621712389255759, "overall_util": 2570.2811577542284, "drain": 736.5250000000001, "t_local": 32.45550293192405}, {"device_id": 21, "stat_util": 3323.329796100865, "device_util": 2.581549849801244, "time_util": 1.0, "overall_util": 8579.341535964188, "drain": 302.324, "t_local": 24.837734039012904}, {"device_id": 22, "stat_util": 3295.932473926702, "device_util": 1.2600401336998734, "time_util": 0.33702007805771167, "overall_util": 1399.6468090710046, "drain": 1133.436, "t_local": 44.5077340390129}, {"device_id": 23, "stat_util": 3325.6725371517377, "device_util": 2.0402054286297338, "time_util": 0.3759612008374376, "overall_util": 2550.9174872590065, "drain": 519.488, "t_local": 39.8977340390129}, {"device_id": 24, "stat_util": 3318.8992252164794, "device_util": 1.6911059601105582, "time_util": 1.0, "overall_util": 5612.610260769902, "drain": 736.5250000000001, "t_local": 29.103022348347785}, {"device_id": 25, "stat_util": 3245.0866662110366, "device_util": 2.1760847416930793, "time_util": 1.0, "overall_util": 7061.5835798134995, "drain": 453.48600000000005, "t_local": 23.493022348347786}, {"device_id": 26, "stat_util": 3297.6837697497544, "device_util": 1.2600401336998734, "time_util": 0.347519686618381, "overall_util": 1444.0186317123498, "drain": 1133.436,