{"rnd": 1, "global_loss": 24.061465803782145, "global_accuracy": 0.20980980980980976, "global_accuracies": [1.8168168168168168, 2.279279279279279, 2.18018018018018, 2.4114114114114114, 2.5435435435435436, 2.213213213213213, 2.015015015015015, 2.5765765765765765, 2.807807807807808, 2.147147147147147, 2.048048048048048, 2.7087087087087087, 2.3453453453453452, 2.5435435435435436, 2.807807807807808, 2.081081081081081, 2.3123123123123124, 2.279279279279279, 2.5435435435435436, 1.981981981981982, 2.6096096096096097, 2.147147147147147, 2.015015015015015, 2.2462462462462462, 2.3783783783783785, 2.3783783783783785, 2.3453453453453452, 2.081081081081081, 2.213213213213213, 2.18018018018018], "global_examples": [11, 11, 11, 11, 11, 11, 11, 11, 11, 11, 11, 11, 11, 11, 11, 11, 11, 11, 11, 11, 11, 11, 11, 11, 11, 11, 11, 11, 11, 11], "user_loss": 24.053809555371604, "user_weighted_accuracy": 0.2062062062062062, "user_weighted_accuracy_var": 0.0589480371262153, "user_accuracy": 0.20620620620620617, "user_accuracy_var": 0.0004871738605472339, "user_accuracies": [0.16816816816816818, 0.19519519519519518, 0.1981981981981982, 0.21621621621621623, 0.2072072072072072, 0.2042042042042042, 0.17717717717717718, 0.23723723723723725, 0.24924924924924924, 0.1891891891891892, 0.16816816816816818, 0.2072072072072072, 0.2132132132132132, 0.24924924924924924, 0.24924924924924924, 0.2042042042042042, 0.23723723723723725, 0.2132132132132132, 0.21921921921921922, 0.1981981981981982, 0.22522522522522523, 0.1921921921921922, 0.18018018018018017, 0.2072072072072072, 0.2072072072072072, 0.2132132132132132, 0.1981981981981982, 0.1921921921921922, 0.18618618618618618, 0.1831831831831832], "device_weighted_accuracy": 0.20980980980980976, "device_weighted_accuracy_var": 0.060359298237176166, "device_accuracy": 0.20980980980980976, "device_accuracy_var": 0.0004988371755138524, "device_accuracies": [0.16516516516516516, 0.2072072072072072, 0.1981981981981982, 0.21921921921921922, 0.23123123123123124, 0.2012012012012012, 0.1831831831831832, 0.23423423423423423, 0.2552552552552553, 0.19519519519519518, 0.18618618618618618, 0.24624624624624625, 0.2132132132132132, 0.23123123123123124, 0.2552552552552553, 0.1891891891891892, 0.21021021021021022, 0.2072072072072072, 0.23123123123123124, 0.18018018018018017, 0.23723723723723725, 0.19519519519519518, 0.1831831831831832, 0.2042042042042042, 0.21621621621621623, 0.21621621621621623, 0.2132132132132132, 0.1891891891891892, 0.2012012012012012, 0.1981981981981982], "total_loss": 32059.98565864563, "dead_devices": 0, "max_round_time": 52.15396084623217, "selected_devices": [0, 1, 2, 3, 4, 5, 6, 7, 8, 9, 10, 11, 12, 13, 14, 15, 16, 17, 18, 19, 20, 21, 22, 23, 24, 25, 26, 27, 28, 29], "device_snapshot": [{"device_id": 0, "stat_util": 4389.372309177262, "device_util": 3.823526870376636, "time_util": 0.29585981514484144, "overall_util": 4965.380652576971, "drain": 87.315, "t_local": 50.699686919822426}, {"device_id": 1, "stat_util": 4422.180535799051, "device_util": 4.082982924338867, "time_util": 1.0, "overall_util": 18055.687616011226, "drain": 67.361, "t_local": 11.499686919822423}, {"device_id": 2, "stat_util": 4385.381596721773, "device_util": 4.082982924338867, "time_util": 1.0, "overall_util": 17905.438176124917, "drain": 67.361, "t_local": 11.499686919822423}, {"device_id": 3, "stat_util": 4402.702560744129, "device_util": 3.3005438725446585, "time_util": 0.49317345669824425, "overall_util": 7166.45784260096, "drain": 147.305, "t_local": 30.415262209008098}, {"device_id": 4, "stat_util": 4413.1919735697975, "device_util": 3.426499789749624, "time_util": 0.37626743607898677, "overall_util": 5689.841430220668, "drain": 129.872, "t_local": 39.865262209008094}, {"device_id": 5, "stat_util": 4420.163849388652, "device_util": 3.9921512189260366, "time_util": 1.0, "overall_util": 17645.96249918971, "drain": 73.766, "t_local": 17.795262209008094}, {"device_id": 6, "stat_util": 4385.881353754164, "device_util": 3.0517996029279284, "time_util": 0.34733378555637756, "overall_util": 4649.004011188594, "drain": 188.906, "t_local": 43.186124194547354}, {"device_id": 7, "stat_util": 4416.196330404213, "device_util": 3.3005438725446585, "time_util": 1.0, "overall_util": 14575.849738269832, "drain": 147.305, "t_local": 29.126124194547355}, {"device_id": 8, "stat_util": 4411.643565292559, "device_util": 4.061118914593781, "time_util": 1.0, "overall_util": 17916.209127455557, "drain": 68.85, "t_local": 16.396124194547355}, {"device_id": 9, "stat_util": 4401.625619973526, "device_util": 3.0517996029279284, "time_util": 0.32903076993686325, "overall_util": 4419.830624889232, "drain": 188.906, "t_local": 45.58844147882675}, {"device_id": 10, "stat_util": 4432.322549048026, "device_util": 4.061118914593781, "time_util": 1.0, "overall_util": 18000.18893951946, "drain": 68.85, "t_local": 18.798441478826746}, {"device_id": 11, "stat_util": 4421.124027847246, "device_util": 4.061118914593781, "time_util": 1.0, "overall_util": 17954.710413255492, "drain": 68.85, "t_local": 18.798441478826746}, {"device_id": 12, "stat_util": 4390.653109493214, "device_util": 3.9678442109211347, "time_util": 1.0, "overall_util": 17421.42752266553, "drain": 75.581, "t_local": 24.747789395318843}, {"device_id": 13, "stat_util": 4424.411375403447, "device_util": 4.061118914593781, "time_util": 1.0, "overall_util": 17968.060722594822, "drain": 68.85, "t_local": 17.627789395318842}, {"device_id": 14, "stat_util": 4381.473235191182, "device_util": 3.823526870376636, "time_util": 0.28880705502941467, "overall_util": 4838.292361389793, "drain": 87.315, "t_local": 51.937789395318845}, {"device_id": 15, "stat_util": 4403.350464391373, "device_util": 4.061118914593781, "time_util": 1.0, "overall_util": 17882.52985852511, "drain": 68.85, "t_local": 16.334837744156157}, {"device_id": 16, "stat_util": 4396.3420474649965, "device_util": 3.3005438725446585, "time_util": 1.0, "overall_util": 14510.319806371033, "drain": 147.305, "t_local": 29.064837744156158}, {"device_id": 17, "stat_util": 4416.122262303925, "device_util": 4.082982924338867, "time_util": 1.0, "overall_util": 18030.951788779654, "drain": 67.361, "t_local": 11.444837744156155}, {"device_id": 18, "stat_util": 4416.728880270917, "device_util": 3.9921512189260366, "time_util": 1.0, "overall_util": 17632.24958303937, "drain": 73.766, "t_local": 19.83550293192405}, {"device_id": 19, "stat_util": 4370.61813878328, "device_util": 3.9921512189260366, "time_util": 1.0, "overall_util": 17448.16853020392, "drain": 73.766, "t_local": 19.83550293192405}, {"device_id": 20, "stat_util": 4421.00749551727, "device_util": 3.3005438725446585, "time_util": 0.4621712389255759, "overall_util": 6743.877562339701, "drain": 147.305, "t_local": 32.45550293192405}, {"device_id": 21, "stat_util": 4400.911839057791, "device_util": 3.9678442109211347, "time_util": 1.0, "overall_util": 17462.132563379742, "drain": 75.581, "t_local": 24.837734039012904}, {"device_id": 22, "stat_util": 4383.09235296317, "device_util": 3.0517996029279284, "time_util": 0.33702007805771167, "overall_util": 4508.08824281344, "drain": 188.906, "t_local": 44.5077340390129}, {"device_id": 23, "stat_util": 4413.840672173804, "device_util": 3.426499789749624, "time_util": 0.3759612008374376, "overall_util": 5686.046275361127, "drain": 129.872, "t_local": 39.8977340390129}, {"device_id": 24, "stat_util": 4418.372663398965, "device_util": 3.3005438725446585, "time_util": 1.0, "overall_util": 14583.032820800277, "drain": 147.305, "t_local": 29.103022348347785}, {"device_id": 25, "stat_util": 4412.8889718075825, "device_util": 3.9678442109211347, "time_util": 1.0, "overall_util": 17509.655960224434, "drain": 75.581, "t_local": 23.493022348347786}, {"device_id": 26, "stat_util": 4361.788325774524, "device_util": 3.0517996029279284, "time_util": 0.347519686618381, "overall_util": 4625.940153087045, "drain": 188.906, "t_local": 43.16302234834779}, {"device_id": 27, "stat_util": 4418.500722601999,