{"rnd": 2, "global_loss": 21.20985544125239, "global_accuracy": 0.29889889889889887, "global_accuracies": [3.2702702702702706, 3.5015015015015014, 3.4684684684684686, 3.4024024024024024, 3.072072072072072, 3.4684684684684686, 3.237237237237237, 3.4024024024024024, 2.807807807807808, 3.039039039039039, 3.237237237237237, 3.4024024024024024, 3.369369369369369, 3.1381381381381384, 3.204204204204204, 3.369369369369369, 3.039039039039039, 3.072072072072072, 3.2702702702702706, 3.5345345345345343, 3.3033033033033035, 3.4024024024024024, 3.2702702702702706, 3.1381381381381384, 3.171171171171171, 3.171171171171171, 3.5345345345345343, 3.6336336336336337, 3.204204204204204, 3.5015015015015014], "global_examples": [11, 11, 11, 11, 11, 11, 11, 11, 11, 11, 11, 11, 11, 11, 11, 11, 11, 11, 11, 11, 11, 11, 11, 11, 11, 11, 11, 11, 11, 11], "user_loss": 21.18380486170451, "user_weighted_accuracy": 0.2973973973973974, "user_weighted_accuracy_var": 0.06041385730074414, "user_accuracy": 0.2973973973973973, "user_accuracy_var": 0.0004992880768656541, "user_accuracies": [0.3063063063063063, 0.3003003003003003, 0.3213213213213213, 0.3333333333333333, 0.2882882882882883, 0.3033033033033033, 0.27627627627627627, 0.32732732732732733, 0.24324324324324326, 0.2882882882882883, 0.2552552552552553, 0.3033033033033033, 0.3033033033033033, 0.27927927927927926, 0.30930930930930933, 0.3033033033033033, 0.29429429429429427, 0.25825825825825827, 0.2912912912912913, 0.2972972972972973, 0.2912912912912913, 0.3213213213213213, 0.2972972972972973, 0.2732732732732733, 0.2912912912912913, 0.2822822822822823, 0.3213213213213213, 0.34234234234234234, 0.3213213213213213, 0.2972972972972973], "device_weighted_accuracy": 0.29889889889889887, "device_weighted_accuracy_var": 0.03344349354359363, "device_accuracy": 0.29889889889889887, "device_accuracy_var": 0.0002763925086247408, "device_accuracies": [0.2972972972972973, 0.3183183183183183, 0.3153153153153153, 0.30930930930930933, 0.27927927927927926, 0.3153153153153153, 0.29429429429429427, 0.30930930930930933, 0.2552552552552553, 0.27627627627627627, 0.29429429429429427, 0.30930930930930933, 0.3063063063063063, 0.2852852852852853, 0.2912912912912913, 0.3063063063063063, 0.27627627627627627, 0.27927927927927926, 0.2972972972972973, 0.3213213213213213, 0.3003003003003003, 0.30930930930930933, 0.2972972972972973, 0.2852852852852853, 0.2882882882882883, 0.2882882882882883, 0.3213213213213213, 0.3303303303303303, 0.2912912912912913, 0.3183183183183183], "total_loss": 30522.36384242177, "dead_devices": 0, "max_round_time": 52.15396084623217, "selected_devices": [10, 13, 1, 11, 20, 5, 27, 24, 18, 7, 17, 23, 4, 25, 8], "device_snapshot": [{"device_id": 0, "stat_util": 4389.372309177262, "device_util": 3.823526870376636, "time_util": 0.29585981514484144, "overall_util": 4965.380652576971, "drain": 87.315, "t_local": 50.699686919822426}, {"device_id": 1, "stat_util": 4021.8812721125487, "device_util": 3.3898357437789217, "time_util": 1.0, "overall_util": 13633.516893442158, "drain": 134.722, "t_local": 11.499686919822423}, {"device_id": 2, "stat_util": 4385.381596721773, "device_util": 4.082982924338867, "time_util": 1.0, "overall_util": 17905.438176124917, "drain": 67.361, "t_local": 11.499686919822423}, {"device_id": 3, "stat_util": 4402.702560744129, "device_util": 3.3005438725446585, "time_util": 0.49317345669824425, "overall_util": 7166.45784260096, "drain": 147.305, "t_local": 30.415262209008098}, {"device_id": 4, "stat_util": 3960.1261252077843, "device_util": 2.7333526091896787, "time_util": 0.37626743607898677, "overall_util": 4072.877165703548, "drain": 259.744, "t_local": 39.865262209008094}, {"device_id": 5, "stat_util": 4013.992612407201, "device_util": 3.2990040383660912, "time_util": 1.0, "overall_util": 13242.177838303012, "drain": 147.532, "t_local": 17.795262209008094}, {"device_id": 6, "stat_util": 4385.881353754164, "device_util": 3.0517996029279284, "time_util": 0.34733378555637756, "overall_util": 4649.004011188594, "drain": 188.906, "t_local": 43.186124194547354}, {"device_id": 7, "stat_util": 3955.657601212981, "device_util": 2.607396691984713, "time_util": 1.0, "overall_util": 10313.968544026911, "drain": 294.61, "t_local": 29.126124194547355}, {"device_id": 8, "stat_util": 3972.4178048178396, "device_util": 3.367971734033835, "time_util": 1.0, "overall_util": 13378.99088239922, "drain": 137.7, "t_local": 16.396124194547355}, {"device_id": 9, "stat_util": 4401.625619973526, "device_util": 3.0517996029279284, "time_util": 0.32903076993686325, "overall_util": 4419.830624889232, "drain": 188.906, "t_local": 45.58844147882675}, {"device_id": 10, "stat_util": 3972.554460141761, "device_util": 3.367971734033835, "time_util": 1.0, "overall_util": 13379.451133667491, "drain": 137.7, "t_local": 18.798441478826746}, {"device_id": 11, "stat_util": 3967.323694979402, "device_util": 3.367971734033835, "time_util": 1.0, "overall_util": 13361.834064453296, "drain": 137.7, "t_local": 18.798441478826746}, {"device_id": 12, "stat_util": 4390.653109493214, "device_util": 3.9678442109211347, "time_util": 1.0, "overall_util": 17421.42752266553, "drain": 75.581, "t_local": 24.747789395318843}, {"device_id": 13, "stat_util": 4010.8578791922887, "device_util": 3.367971734033835, "time_util": 1.0, "overall_util": 13508.455966346522, "drain": 137.7, "t_local": 17.627789395318842}, {"device_id": 14, "stat_util": 4381.473235191182, "device_util": 3.823526870376636, "time_util": 0.28880705502941467, "overall_util": 4838.292361389793, "drain": 87.315, "t_local": 51.937789395318845}, {"device_id": 15, "stat_util": 4403.350464391373, "device_util": 4.061118914593781, "time_util": 1.0, "overall_util": 17882.52985852511, "drain": 68.85, "t_local": 16.334837744156157}, {"device_id": 16, "stat_util": 4396.3420474649965, "device_util": 3.3005438725446585, "time_util": 1.0, "overall_util": 14510.319806371033, "drain": 147.305, "t_local": 29.064837744156158}, {"device_id": 17, "stat_util": 3976.4550552224973, "device_util": 3.3898357437789217, "time_util": 1.0, "overall_util": 13479.529479723607, "drain": 134.722, "t_local": 11.444837744156155}, {"device_id": 18, "stat_util": 3977.009656460797, "device_util": 3.2990040383660912, "time_util": 1.0, "overall_util": 13120.170917285111, "drain": 147.532, "t_local": 19.83550293192405}, {"device_id": 19, "stat_util": 4370.61813878328, "device_util": 3.9921512189260366, "time_util": 1.0, "overall_util": 17448.16853020392, "drain": 73.766, "t_local": 19.83550293192405}, {"device_id": 20, "stat_util": 4049.5359016564967, "device_util": 2.607396691984713, "time_util": 0.4621712389255759, "overall_util": 4879.948957900741, "drain": 294.61, "t_local": 32.45550293192405}, {"device_id": 21, "stat_util": 4400.911839057791, "device_util": 3.9678442109211347, "time_util": 1.0, "overall_util": 17462.132563379742, "drain": 75.581, "t_local": 24.837734039012904}, {"device_id": 22, "stat_util": 4383.09235296317, "device_util": 3.0517996029279284, "time_util": 0.33702007805771167, "overall_util": 4508.08824281344, "drain": 188.906, "t_local": 44.5077340390129}, {"device_id": 23, "stat_util": 3998.6352696956255, "device_util": 2.7333526091896787, "time_util": 0.3759612008374376, "overall_util": 4109.135673068473, "drain": 259.744, "t_local": 39.8977340390129}, {"device_id": 24, "stat_util": 4035.7784619350286, "device_util": 2.607396691984713, "time_util": 1.0, "overall_util": 10522.875411232548, "drain": 294.61, "t_local": 29.103022348347785}, {"device_id": 25, "stat_util": 4036.6918208249463, "device_util": 3.2746970303611893, "time_util": 1.0, "overall_util": 13218.942718138753, "drain": 151.162, "t_local": 23.493022348347786}, {"device_id": 26, "stat_util": 4361.788325774524, "device_util": 3.0517996029279284, "time_util": 0.347519686618381, "overall_util": 4625.940153087045, "drain": 188.906, "t_local": 43.16302234834779}, {"device_id": 27, "stat_util": 3993.520264470754, "device_util": 3.1303796898166905,