{"rnd": 3, "global_loss": 20.02963124513626, "global_accuracy": 0.34914914914914913, "global_accuracies": [3.930930930930931, 3.930930930930931, 3.963963963963964, 3.5015015015015014, 3.3363363363363363, 3.8318318318318316, 3.864864864864865, 3.4354354354354357, 4.195195195195195, 4.1291291291291286, 3.798798798798799, 3.765765765765766, 3.600600600600601, 3.864864864864865, 3.6336336336336337, 3.996996996996997, 4.096096096096096, 3.798798798798799, 3.8318318318318316, 3.963963963963964, 4.063063063063063, 3.864864864864865, 3.8978978978978978, 3.7327327327327327, 3.5675675675675675, 3.6996996996997, 4.261261261261261, 3.6996996996997, 3.798798798798799, 4.162162162162162], "global_examples": [11, 11, 11, 11, 11, 11, 11, 11, 11, 11, 11, 11, 11, 11, 11, 11, 11, 11, 11, 11, 11, 11, 11, 11, 11, 11, 11, 11, 11, 11], "user_loss": 20.035018734137218, "user_weighted_accuracy": 0.35055055055055057, "user_weighted_accuracy_var": 0.048225362499636715, "user_accuracy": 0.35055055055055057, "user_accuracy_var": 0.00039855671487303105, "user_accuracies": [0.35435435435435436, 0.36036036036036034, 0.38738738738738737, 0.33633633633633636, 0.3123123123123123, 0.3333333333333333, 0.33633633633633636, 0.34534534534534533, 0.3483483483483483, 0.36936936936936937, 0.3483483483483483, 0.33633633633633636, 0.35135135135135137, 0.35435435435435436, 0.3123123123123123, 0.3843843843843844, 0.37237237237237236, 0.34234234234234234, 0.33633633633633636, 0.37237237237237236, 0.3843843843843844, 0.36936936936936937, 0.35135135135135137, 0.3303303303303303, 0.3483483483483483, 0.3783783783783784, 0.3483483483483483, 0.3213213213213213, 0.3333333333333333, 0.35735735735735735], "device_weighted_accuracy": 0.34914914914914913, "device_weighted_accuracy_var": 0.048370853335818254, "device_accuracy": 0.34914914914914913, "device_accuracy_var": 0.0003997591184778371, "device_accuracies": [0.35735735735735735, 0.35735735735735735, 0.36036036036036034, 0.3183183183183183, 0.3033033033033033, 0.3483483483483483, 0.35135135135135137, 0.3123123123123123, 0.3813813813813814, 0.37537537537537535, 0.34534534534534533, 0.34234234234234234, 0.32732732732732733, 0.35135135135135137, 0.3303303303303303, 0.3633633633633634, 0.37237237237237236, 0.34534534534534533, 0.3483483483483483, 0.36036036036036034, 0.36936936936936937, 0.35135135135135137, 0.35435435435435436, 0.33933933933933935, 0.32432432432432434, 0.33633633633633636, 0.38738738738738737, 0.33633633633633636, 0.34534534534534533, 0.3783783783783784], "total_loss": 28111.4465423882, "dead_devices": 0, "max_round_time": 52.15396084623217, "selected_devices": [15, 3, 9, 21, 16, 29, 12, 0, 28, 6, 2, 22, 14, 19, 26], "device_snapshot": [{"device_id": 0, "stat_util": 3698.226211230657, "device_util": 3.1303796898166905, "time_util": 0.29585981514484144, "overall_util": 3425.1253577636667, "drain": 174.63, "t_local": 50.699686919822426}, {"device_id": 1, "stat_util": 4021.8812721125487, "device_util": 3.3898357437789217, "time_util": 1.0, "overall_util": 13633.516893442158, "drain": 134.722, "t_local": 11.499686919822423}, {"device_id": 2, "stat_util": 3729.7922823287236, "device_util": 3.3898357437789217, "time_util": 1.0, "overall_util": 12643.38319550867, "drain": 134.722, "t_local": 11.499686919822423}, {"device_id": 3, "stat_util": 3685.85451870173, "device_util": 2.607396691984713, "time_util": 0.49317345669824425, "overall_util": 4739.636048421173, "drain": 294.61, "t_local": 30.415262209008098}, {"device_id": 4, "stat_util": 3960.1261252077843, "device_util": 2.7333526091896787, "time_util": 0.37626743607898677, "overall_util": 4072.877165703548, "drain": 259.744, "t_local": 39.865262209008094}, {"device_id": 5, "stat_util": 4013.992612407201, "device_util": 3.2990040383660912, "time_util": 1.0, "overall_util": 13242.177838303012, "drain": 147.532, "t_local": 17.795262209008094}, {"device_id": 6, "stat_util": 3777.811445099972, "device_util": 2.358652422367983, "time_util": 0.34733378555637756, "overall_util": 3094.9330192588495, "drain": 377.812, "t_local": 43.186124194547354}, {"device_id": 7, "stat_util": 3955.657601212981, "device_util": 2.607396691984713, "time_util": 1.0, "overall_util": 10313.968544026911, "drain": 294.61, "t_local": 29.126124194547355}, {"device_id": 8, "stat_util": 3972.4178048178396, "device_util": 3.367971734033835, "time_util": 1.0, "overall_util": 13378.99088239922, "drain": 137.7, "t_local": 16.396124194547355}, {"device_id": 9, "stat_util": 3799.6711375192667, "device_util": 2.358652422367983, "time_util": 0.32903076993686325, "overall_util": 2948.807825621956, "drain": 377.812, "t_local": 45.58844147882675}, {"device_id": 10, "stat_util": 3972.554460141761, "device_util": 3.367971734033835, "time_util": 1.0, "overall_util": 13379.451133667491, "drain": 137.7, "t_local": 18.798441478826746}, {"device_id": 11, "stat_util": 3967.323694979402, "device_util": 3.367971734033835, "time_util": 1.0, "overall_util": 13361.834064453296, "drain": 137.7, "t_local": 18.798441478826746}, {"device_id": 12, "stat_util": 3685.4608536828814, "device_util": 3.2746970303611893, "time_util": 1.0, "overall_util": 12068.767713067746, "drain": 151.162, "t_local": 24.747789395318843}, {"device_id": 13, "stat_util": 4010.8578791922887, "device_util": 3.367971734033835, "time_util": 1.0, "overall_util": 13508.455966346522, "drain": 137.7, "t_local": 17.627789395318842}, {"device_id": 14, "stat_util": 3645.673528938549, "device_util": 3.1303796898166905, "time_util": 0.28880705502941467, "overall_util": 3295.9649910668422, "drain": 174.63, "t_local": 51.937789395318845}, {"device_id": 15, "stat_util": 3688.6426585788495, "device_util": 3.367971734033835, "time_util": 1.0, "overall_util": 12423.244211044983, "drain": 137.7, "t_local": 16.334837744156157}, {"device_id": 16, "stat_util": 3723.413704611803, "device_util": 2.607396691984713, "time_util": 1.0, "overall_util": 9708.416576295362, "drain": 294.61, "t_local": 29.064837744156158}, {"device_id": 17, "stat_util": 3976.4550552224973, "device_util": 3.3898357437789217, "time_util": 1.0, "overall_util": 13479.529479723607, "drain": 134.722, "t_local": 11.444837744156155}, {"device_id": 18, "stat_util": 3977.009656460797, "device_util": 3.2990040383660912, "time_util": 1.0, "overall_util": 13120.170917285111, "drain": 147.532, "t_local": 19.83550293192405}, {"device_id": 19, "stat_util": 3773.493026472657, "device_util": 3.2990040383660912, "time_util": 1.0, "overall_util": 12448.76873307958, "drain": 147.532, "t_local": 19.83550293192405}, {"device_id": 20, "stat_util": 4049.5359016564967, "device_util": 2.607396691984713, "time_util": 0.4621712389255759, "overall_util": 4879.948957900741, "drain": 294.61, "t_local": 32.45550293192405}, {"device_id": 21, "stat_util": 3704.083533368328, "device_util": 3.2746970303611893, "time_util": 1.0, "overall_util": 12129.751346931045, "drain": 151.162, "t_local": 24.837734039012904}, {"device_id": 22, "stat_util": 3750.1290007479, "device_util": 2.358652422367983, "time_util": 0.33702007805771167, "overall_util": 2981.0271325158533, "drain": 377.812, "t_local": 44.5077340390129}, {"device_id": 23, "stat_util": 3998.6352696956255, "device_util": 2.7333526091896787, "time_util": 0.3759612008374376, "overall_util": 4109.135673068473, "drain": 259.744, "t_local": 39.8977340390129}, {"device_id": 24, "stat_util": 4035.7784619350286, "device_util": 2.607396691984713, "time_util": 1.0, "overall_util": 10522.875411232548, "drain": 294.61, "t_local": 29.103022348347785}, {"device_id": 25, "stat_util": 4036.6918208249463, "device_util": 3.2746970303611893, "time_util": 1.0, "overall_util": 13218.942718138753, "drain": 151.162, "t_local": 23.493022348347786}, {"device_id": 26, "stat_util": 3758.56555923404, "device_util": 2.358652422367983, "time_util": 0.347519686618381, "overall_util": 3080.8140667386274, "drain": 377.812, "t_local": 43.16302234834779}, {"device_id": 27, "stat_util": 3993.520264470754, "device_util": 3.1303796898166905,