{"rnd": 4, "global_loss": 19.50963362852732, "global_accuracy": 0.3604604604604604, "global_accuracies": [3.5675675675675675, 3.8978978978978978, 4.36036036036036, 3.798798798798799, 4.426426426426426, 4.096096096096096, 4.327327327327327, 3.996996996996997, 4.162162162162162, 3.8318318318318316, 3.8318318318318316, 4.36036036036036, 3.798798798798799, 4.228228228228228, 3.963963963963964, 3.6336336336336337, 4.1291291291291286, 3.8978978978978978, 4.03003003003003, 3.600600600600601, 3.798798798798799, 3.963963963963964, 3.7327327327327327, 4.294294294294294, 3.765765765765766, 3.963963963963964, 3.7327327327327327, 3.864864864864865, 3.7327327327327327, 4.162162162162162], "global_examples": [11, 11, 11, 11, 11, 11, 11, 11, 11, 11, 11, 11, 11, 11, 11, 11, 11, 11, 11, 11, 11, 11, 11, 11, 11, 11, 11, 11, 11, 11], "user_loss": 19.502798104286192, "user_weighted_accuracy": 0.35875875875875873, "user_weighted_accuracy_var": 0.04217294371448522, "user_accuracy": 0.35875875875875873, "user_accuracy_var": 0.0003485367249131012, "user_accuracies": [0.33933933933933935, 0.3783783783783784, 0.3843843843843844, 0.3633633633633634, 0.3813813813813814, 0.35135135135135137, 0.3843843843843844, 0.3783783783783784, 0.37537537537537535, 0.34234234234234234, 0.33933933933933935, 0.3963963963963964, 0.3633633633633634, 0.36936936936936937, 0.34234234234234234, 0.33633633633633636, 0.3633633633633634, 0.33633633633633636, 0.35735735735735735, 0.34234234234234234, 0.33933933933933935, 0.34234234234234234, 0.3303303303303303, 0.37537537537537535, 0.3333333333333333, 0.3813813813813814, 0.3633633633633634, 0.34234234234234234, 0.35735735735735735, 0.37237237237237236], "device_weighted_accuracy": 0.3604604604604604, "device_weighted_accuracy_var": 0.056703840978115205, "device_accuracy": 0.36046046046046043, "device_accuracy_var": 0.0004686267849431012, "device_accuracies": [0.32432432432432434, 0.35435435435435436, 0.3963963963963964, 0.34534534534534533, 0.4024024024024024, 0.37237237237237236, 0.3933933933933934, 0.3633633633633634, 0.3783783783783784, 0.3483483483483483, 0.3483483483483483, 0.3963963963963964, 0.34534534534534533, 0.3843843843843844, 0.36036036036036034, 0.3303303303303303, 0.37537537537537535, 0.35435435435435436, 0.3663663663663664, 0.32732732732732733, 0.34534534534534533, 0.36036036036036034, 0.33933933933933935, 0.39039039039039036, 0.34234234234234234, 0.36036036036036034, 0.33933933933933935, 0.35135135135135137, 0.33933933933933935, 0.3783783783783784], "total_loss": 26695.313946650425, "dead_devices": 0, "max_round_time": 52.15396084623217, "selected_devices": [20, 25, 24, 1, 5, 13, 23, 27, 18, 17, 10, 8, 11, 4, 7], "device_snapshot": [{"device_id": 0, "stat_util": 3698.226211230657, "device_util": 3.1303796898166905, "time_util": 0.29585981514484144, "overall_util": 3425.1253577636667, "drain": 174.63, "t_local": 50.699686919822426}, {"device_id": 1, "stat_util": 3595.4826562453363, "device_util": 2.984370635670757, "time_util": 1.0, "overall_util": 10730.252860362076, "drain": 202.08300000000003, "t_local": 11.499686919822423}, {"device_id": 2, "stat_util": 3729.7922823287236, "device_util": 3.3898357437789217, "time_util": 1.0, "overall_util": 12643.38319550867, "drain": 134.722, "t_local": 11.499686919822423}, {"device_id": 3, "stat_util": 3685.85451870173, "device_util": 2.607396691984713, "time_util": 0.49317345669824425, "overall_util": 4739.636048421173, "drain": 294.61, "t_local": 30.415262209008098}, {"device_id": 4, "stat_util": 3624.191622363556, "device_util": 2.3278875010815145, "time_util": 0.37626743607898677, "overall_util": 3174.459383331763, "drain": 389.61600000000004, "t_local": 39.865262209008094}, {"device_id": 5, "stat_util": 3604.3788195045, "device_util": 2.893538930257927, "time_util": 1.0, "overall_util": 10429.41043363338, "drain": 221.298, "t_local": 17.795262209008094}, {"device_id": 6, "stat_util": 3777.811445099972, "device_util": 2.358652422367983, "time_util": 0.34733378555637756, "overall_util": 3094.9330192588495, "drain": 377.812, "t_local": 43.186124194547354}, {"device_id": 7, "stat_util": 3642.7209241365235, "device_util": 2.201931583876549, "time_util": 1.0, "overall_util": 8021.022254104181, "drain": 441.915, "t_local": 29.126124194547355}, {"device_id": 8, "stat_util": 3574.99969702468, "device_util": 2.9625066259256707, "time_util": 1.0, "overall_util": 10590.960290117879, "drain": 206.54999999999998, "t_local": 16.396124194547355}, {"device_id": 9, "stat_util": 3799.6711375192667, "device_util": 2.358652422367983, "time_util": 0.32903076993686325, "overall_util": 2948.807825621956, "drain": 377.812, "t_local": 45.58844147882675}, {"device_id": 10, "stat_util": 3568.503336396239, "device_util": 2.9625066259256707, "time_util": 1.0, "overall_util": 10571.714778711721, "drain": 206.54999999999998, "t_local": 18.798441478826746}, {"device_id": 11, "stat_util": 3622.700465726791, "device_util": 2.9625066259256707, "time_util": 1.0, "overall_util": 10732.274133459632, "drain": 206.54999999999998, "t_local": 18.798441478826746}, {"device_id": 12, "stat_util": 3685.4608536828814, "device_util": 3.2746970303611893, "time_util": 1.0, "overall_util": 12068.767713067746, "drain": 151.162, "t_local": 24.747789395318843}, {"device_id": 13, "stat_util": 3613.0166851693525, "device_util": 2.9625066259256707, "time_util": 1.0, "overall_util": 10703.58586939421, "drain": 206.54999999999998, "t_local": 17.627789395318842}, {"device_id": 14, "stat_util": 3645.673528938549, "device_util": 3.1303796898166905, "time_util": 0.28880705502941467, "overall_util": 3295.9649910668422, "drain": 174.63, "t_local": 51.937789395318845}, {"device_id": 15, "stat_util": 3688.6426585788495, "device_util": 3.367971734033835, "time_util": 1.0, "overall_util": 12423.244211044983, "drain": 137.7, "t_local": 16.334837744156157}, {"device_id": 16, "stat_util": 3723.413704611803, "device_util": 2.607396691984713, "time_util": 1.0, "overall_util": 9708.416576295362, "drain": 294.61, "t_local": 29.064837744156158}, {"device_id": 17, "stat_util": 3552.5330412314165, "device_util": 2.984370635670757, "time_util": 1.0, "overall_util": 10602.07529050117, "drain": 202.08300000000003, "t_local": 11.444837744156155}, {"device_id": 18, "stat_util": 3602.811730611197, "device_util": 2.893538930257927, "time_util": 1.0, "overall_util": 10424.876000913435, "drain": 221.298, "t_local": 19.83550293192405}, {"device_id": 19, "stat_util": 3773.493026472657, "device_util": 3.2990040383660912, "time_util": 1.0, "overall_util": 12448.76873307958, "drain": 147.532, "t_local": 19.83550293192405}, {"device_id": 20, "stat_util": 3670.5039096905057, "device_util": 2.201931583876549, "time_util": 0.4621712389255759, "overall_util": 3735.3596882056136, "drain": 441.915, "t_local": 32.45550293192405}, {"device_id": 21, "stat_util": 3704.083533368328, "device_util": 3.2746970303611893, "time_util": 1.0, "overall_util": 12129.751346931045, "drain": 151.162, "t_local": 24.837734039012904}, {"device_id": 22, "stat_util": 3750.1290007479, "device_util": 2.358652422367983, "time_util": 0.33702007805771167, "overall_util": 2981.0271325158533, "drain": 377.812, "t_local": 44.5077340390129}, {"device_id": 23, "stat_util": 3591.875877965137, "device_util": 2.3278875010815145, "time_util": 0.3759612008374376, "overall_util": 3143.593175081768, "drain": 389.61600000000004, "t_local": 39.8977340390129}, {"device_id": 24, "stat_util": 3674.215970707848, "device_util": 2.201931583876549, "time_util": 1.0, "overall_util": 8090.372191885243, "drain": 441.915, "t_local": 29.103022348347785}, {"device_id": 25, "stat_util": 3569.772802503326, "device_util": 2.869231922253025, "time_util": 1.0, "overall_util": 10242.506080133187, "drain": 226.743, "t_local": 23.493022348347786}, {"device_id": 26, "stat_util": 3758.56555923404, "device_util": 2.358652422367983, "time_util": 0.347519686618381, "overall_util": 3080.8140667386274, "drain": 377.812,