{"rnd": 5, "global_loss": 18.94565603733063, "global_accuracy": 0.3833833833833834, "global_accuracies": [4.45945945945946, 3.930930930930931, 4.228228228228228, 4.723723723723723, 4.558558558558558, 4.294294294294294, 4.03003003003003, 3.996996996996997, 4.294294294294294, 4.525525525525525, 3.996996996996997, 3.930930930930931, 3.864864864864865, 3.8978978978978978, 4.228228228228228, 4.063063063063063, 4.1291291291291286, 4.294294294294294, 4.096096096096096, 3.798798798798799, 4.063063063063063, 4.987987987987988, 4.1291291291291286, 4.426426426426426, 3.8318318318318316, 4.393393393393393, 4.228228228228228, 4.45945945945946, 4.4924924924924925, 4.162162162162162], "global_examples": [11, 11, 11, 11, 11, 11, 11, 11, 11, 11, 11, 11, 11, 11, 11, 11, 11, 11, 11, 11, 11, 11, 11, 11, 11, 11, 11, 11, 11, 11], "user_loss": 18.986398220062256, "user_weighted_accuracy": 0.3845845845845846, "user_weighted_accuracy_var": 0.08678043408774133, "user_accuracy": 0.38458458458458444, "user_accuracy_var": 0.000717193670146623, "user_accuracies": [0.40540540540540543, 0.4024024024024024, 0.3633633633633634, 0.39039039039039036, 0.42342342342342343, 0.42042042042042044, 0.3993993993993994, 0.38738738738738737, 0.34534534534534533, 0.3933933933933934, 0.36036036036036034, 0.33933933933933935, 0.3783783783783784, 0.36036036036036034, 0.37537537537537535, 0.37537537537537535, 0.37237237237237236, 0.3933933933933934, 0.3633633633633634, 0.3123123123123123, 0.36936936936936937, 0.4264264264264264, 0.3993993993993994, 0.4174174174174174, 0.3783783783783784, 0.35735735735735735, 0.4024024024024024, 0.4174174174174174, 0.4114114114114114, 0.3963963963963964], "device_weighted_accuracy": 0.3833833833833834, "device_weighted_accuracy_var": 0.07582497412327238, "device_accuracy": 0.38338338338338346, "device_accuracy_var": 0.0006266526787047307, "device_accuracies": [0.40540540540540543, 0.35735735735735735, 0.3843843843843844, 0.4294294294294294, 0.4144144144144144, 0.39039039039039036, 0.3663663663663664, 0.3633633633633634, 0.39039039039039036, 0.4114114114114114, 0.3633633633633634, 0.35735735735735735, 0.35135135135135137, 0.35435435435435436, 0.3843843843843844, 0.36936936936936937, 0.37537537537537535, 0.39039039039039036, 0.37237237237237236, 0.34534534534534533, 0.36936936936936937, 0.45345345345345345, 0.37537537537537535, 0.4024024024024024, 0.3483483483483483, 0.3993993993993994, 0.3843843843843844, 0.40540540540540543, 0.4084084084084084, 0.3783783783783784], "total_loss": 25894.988531597457, "dead_devices": 0, "max_round_time": 52.15396084623217, "selected_devices": [9, 6, 19, 26, 28, 22, 2, 29, 16, 21, 0, 15, 3, 12, 24], "device_snapshot": [{"device_id": 0, "stat_util": 3435.1910768661587, "device_util": 2.724914581708526, "time_util": 0.29585981514484144, "overall_util": 2769.426053195555, "drain": 261.945, "t_local": 50.699686919822426}, {"device_id": 1, "stat_util": 3595.4826562453363, "device_util": 2.984370635670757, "time_util": 1.0, "overall_util": 10730.252860362076, "drain": 202.08300000000003, "t_local": 11.499686919822423}, {"device_id": 2, "stat_util": 3480.3869094717625, "device_util": 2.984370635670757, "time_util": 1.0, "overall_util": 10386.764493400426, "drain": 202.08300000000003, "t_local": 11.499686919822423}, {"device_id": 3, "stat_util": 3471.4025225012256, "device_util": 2.201931583876549, "time_util": 0.49317345669824425, "overall_util": 3769.7147580632927, "drain": 441.915, "t_local": 30.415262209008098}, {"device_id": 4, "stat_util": 3624.191622363556, "device_util": 2.3278875010815145, "time_util": 0.37626743607898677, "overall_util": 3174.459383331763, "drain": 389.61600000000004, "t_local": 39.865262209008094}, {"device_id": 5, "stat_util": 3604.3788195045, "device_util": 2.893538930257927, "time_util": 1.0, "overall_util": 10429.41043363338, "drain": 221.298, "t_local": 17.795262209008094}, {"device_id": 6, "stat_util": 3573.058699870935, "device_util": 1.9531873142598186, "time_util": 0.34733378555637756, "overall_util": 2423.9914055223558, "drain": 566.7180000000001, "t_local": 43.186124194547354}, {"device_id": 7, "stat_util": 3642.7209241365235, "device_util": 2.201931583876549, "time_util": 1.0, "overall_util": 8021.022254104181, "drain": 441.915, "t_local": 29.126124194547355}, {"device_id": 8, "stat_util": 3574.99969702468, "device_util": 2.9625066259256707, "time_util": 1.0, "overall_util": 10590.960290117879, "drain": 206.54999999999998, "t_local": 16.396124194547355}, {"device_id": 9, "stat_util": 3515.5844207346618, "device_util": 1.9531873142598186, "time_util": 0.32903076993686325, "overall_util": 2259.3210044186985, "drain": 566.7180000000001, "t_local": 45.58844147882675}, {"device_id": 10, "stat_util": 3568.503336396239, "device_util": 2.9625066259256707, "time_util": 1.0, "overall_util": 10571.714778711721, "drain": 206.54999999999998, "t_local": 18.798441478826746}, {"device_id": 11, "stat_util": 3622.700465726791, "device_util": 2.9625066259256707, "time_util": 1.0, "overall_util": 10732.274133459632, "drain": 206.54999999999998, "t_local": 18.798441478826746}, {"device_id": 12, "stat_util": 3476.6804938624346, "device_util": 2.869231922253025, "time_util": 1.0, "overall_util": 9975.40265646451, "drain": 226.743, "t_local": 24.747789395318843}, {"device_id": 13, "stat_util": 3613.0166851693525, "device_util": 2.9625066259256707, "time_util": 1.0, "overall_util": 10703.58586939421, "drain": 206.54999999999998, "t_local": 17.627789395318842}, {"device_id": 14, "stat_util": 3645.673528938549, "device_util": 3.1303796898166905, "time_util": 0.28880705502941467, "overall_util": 3295.9649910668422, "drain": 174.63, "t_local": 51.937789395318845}, {"device_id": 15, "stat_util": 3457.9781275722457, "device_util": 2.9625066259256707, "time_util": 1.0, "overall_util": 10244.283115238823, "drain": 206.54999999999998, "t_local": 16.334837744156157}, {"device_id": 16, "stat_util": 3572.6353810555556, "device_util": 2.201931583876549, "time_util": 1.0, "overall_util": 7866.698683221058, "drain": 441.915, "t_local": 29.064837744156158}, {"device_id": 17, "stat_util": 3552.5330412314165, "device_util": 2.984370635670757, "time_util": 1.0, "overall_util": 10602.07529050117, "drain": 202.08300000000003, "t_local": 11.444837744156155}, {"device_id": 18, "stat_util": 3602.811730611197, "device_util": 2.893538930257927, "time_util": 1.0, "overall_util": 10424.876000913435, "drain": 221.298, "t_local": 19.83550293192405}, {"device_id": 19, "stat_util": 3544.9355960582066, "device_util": 2.893538930257927, "time_util": 1.0, "overall_util": 10257.40915245151, "drain": 221.298, "t_local": 19.83550293192405}, {"device_id": 20, "stat_util": 3670.5039096905057, "device_util": 2.201931583876549, "time_util": 0.4621712389255759, "overall_util": 3735.3596882056136, "drain": 441.915, "t_local": 32.45550293192405}, {"device_id": 21, "stat_util": 3438.0465550485696, "device_util": 2.869231922253025, "time_util": 1.0, "overall_util": 9864.552925937398, "drain": 226.743, "t_local": 24.837734039012904}, {"device_id": 22, "stat_util": 3569.7425043231756, "device_util": 1.9531873142598186, "time_util": 0.33702007805771167, "overall_util": 2349.830627809491, "drain": 566.7180000000001, "t_local": 44.5077340390129}, {"device_id": 23, "stat_util": 3591.875877965137, "device_util": 2.3278875010815145, "time_util": 0.3759612008374376, "overall_util": 3143.593175081768, "drain": 389.61600000000004, "t_local": 39.8977340390129}, {"device_id": 24, "stat_util": 3526.8215029794974, "device_util": 1.914249511424768, "time_util": 1.0, "overall_util": 6751.216338960869, "drain": 589.22, "t_local": 29.103022348347785}, {"device_id": 25, "stat_util": 3569.772802503326, "device_util": 2.869231922253025, "time_util": 1.0, "overall_util": 10242.506080133187, "drain": 226.743, "t_local": 23.493022348347786}, {"device_id": 26, "stat_util": 3568.921101796417, "device_util": 1.9531873142598186, "time_util": 0.347519686618381, "overall_util": 2422.4802999307694,