{"rnd": 6, "global_loss": 18.5473201751709, "global_accuracy": 0.3914914914914915, "global_accuracies": [4.228228228228228, 4.525525525525525, 4.228228228228228, 3.8318318318318316, 4.03003003003003, 4.261261261261261, 4.195195195195195, 4.525525525525525, 4.6906906906906904, 4.294294294294294, 4.987987987987988, 3.8978978978978978, 4.426426426426426, 4.558558558558558, 4.78978978978979, 4.096096096096096, 3.930930930930931, 4.6906906906906904, 4.393393393393393, 4.1291291291291286, 4.723723723723723, 4.426426426426426, 4.162162162162162, 4.063063063063063, 4.03003003003003, 4.723723723723723, 3.798798798798799, 4.162162162162162, 4.261261261261261, 4.1291291291291286], "global_examples": [11, 11, 11, 11, 11, 11, 11, 11, 11, 11, 11, 11, 11, 11, 11, 11, 11, 11, 11, 11, 11, 11, 11, 11, 11, 11, 11, 11, 11, 11], "user_loss": 18.527602489789327, "user_weighted_accuracy": 0.3911911911911911, "user_weighted_accuracy_var": 0.10212971730489248, "user_accuracy": 0.39119119119119117, "user_accuracy_var": 0.0008440472504536568, "user_accuracies": [0.4264264264264264, 0.42342342342342343, 0.4024024024024024, 0.35135135135135137, 0.3483483483483483, 0.4024024024024024, 0.3843843843843844, 0.3663663663663664, 0.4444444444444444, 0.37237237237237236, 0.4744744744744745, 0.3813813813813814, 0.42042042042042044, 0.3843843843843844, 0.4114114114114114, 0.3663663663663664, 0.37237237237237236, 0.3933933933933934, 0.4084084084084084, 0.37537537537537535, 0.3633633633633634, 0.3933933933933934, 0.36036036036036034, 0.35735735735735735, 0.36936936936936937, 0.4264264264264264, 0.39039039039039036, 0.4144144144144144, 0.37237237237237236, 0.3783783783783784], "device_weighted_accuracy": 0.3914914914914915, "device_weighted_accuracy_var": 0.090603205808411, "device_accuracy": 0.39149149149149143, "device_accuracy_var": 0.0007487868248629007, "device_accuracies": [0.3843843843843844, 0.4114114114114114, 0.3843843843843844, 0.3483483483483483, 0.3663663663663664, 0.38738738738738737, 0.3813813813813814, 0.4114114114114114, 0.4264264264264264, 0.39039039039039036, 0.45345345345345345, 0.35435435435435436, 0.4024024024024024, 0.4144144144144144, 0.43543543543543545, 0.37237237237237236, 0.35735735735735735, 0.4264264264264264, 0.3993993993993994, 0.37537537537537535, 0.4294294294294294, 0.4024024024024024, 0.3783783783783784, 0.36936936936936937, 0.3663663663663664, 0.4294294294294294, 0.34534534534534533, 0.3783783783783784, 0.38738738738738737, 0.37537537537537535], "total_loss": 25243.298993782202, "dead_devices": 0, "max_round_time": 52.15396084623217, "selected_devices": [20, 14, 7, 4, 11, 13, 5, 18, 27, 1, 23, 8, 6, 16, 25], "device_snapshot": [{"device_id": 0, "stat_util": 3435.1910768661587, "device_util": 2.724914581708526, "time_util": 0.29585981514484144, "overall_util": 2769.426053195555, "drain": 261.945, "t_local": 50.699686919822426}, {"device_id": 1, "stat_util": 3471.76718461609, "device_util": 2.6966885632189763, "time_util": 1.0, "overall_util": 9362.274860913154, "drain": 269.444, "t_local": 11.499686919822423}, {"device_id": 2, "stat_util": 3480.3869094717625, "device_util": 2.984370635670757, "time_util": 1.0, "overall_util": 10386.764493400426, "drain": 202.08300000000003, "t_local": 11.499686919822423}, {"device_id": 3, "stat_util": 3471.4025225012256, "device_util": 2.201931583876549, "time_util": 0.49317345669824425, "overall_util": 3769.7147580632927, "drain": 441.915, "t_local": 30.415262209008098}, {"device_id": 4, "stat_util": 3386.483008122635, "device_util": 2.0402054286297338, "time_util": 0.37626743607898677, "overall_util": 2599.6772506765083, "drain": 519.488, "t_local": 39.865262209008094}, {"device_id": 5, "stat_util": 3443.2302120798904, "device_util": 2.6058568578061463, "time_util": 1.0, "overall_util": 8972.565061153693, "drain": 295.064, "t_local": 17.795262209008094}, {"device_id": 6, "stat_util": 3476.985990712741, "device_util": 1.6655052418080376, "time_util": 0.34733378555637756, "overall_util": 2011.3885540426693, "drain": 755.624, "t_local": 43.186124194547354}, {"device_id": 7, "stat_util": 3435.1592052617607, "device_util": 1.914249511424768, "time_util": 1.0, "overall_util": 6575.75183033862, "drain": 589.22, "t_local": 29.126124194547355}, {"device_id": 8, "stat_util": 3407.750577084076, "device_util": 2.67482455347389, "time_util": 1.0, "overall_util": 9115.134915699306, "drain": 275.4, "t_local": 16.396124194547355}, {"device_id": 9, "stat_util": 3515.5844207346618, "device_util": 1.9531873142598186, "time_util": 0.32903076993686325, "overall_util": 2259.3210044186985, "drain": 566.7180000000001, "t_local": 45.58844147882675}, {"device_id": 10, "stat_util": 3568.503336396239, "device_util": 2.9625066259256707, "time_util": 1.0, "overall_util": 10571.714778711721, "drain": 206.54999999999998, "t_local": 18.798441478826746}, {"device_id": 11, "stat_util": 3425.4188005242636, "device_util": 2.67482455347389, "time_util": 1.0, "overall_util": 9162.39431357338, "drain": 275.4, "t_local": 18.798441478826746}, {"device_id": 12, "stat_util": 3476.6804938624346, "device_util": 2.869231922253025, "time_util": 1.0, "overall_util": 9975.40265646451, "drain": 226.743, "t_local": 24.747789395318843}, {"device_id": 13, "stat_util": 3426.414527262283, "device_util": 2.67482455347389, "time_util": 1.0, "overall_util": 9165.057707900785, "drain": 275.4, "t_local": 17.627789395318842}, {"device_id": 14, "stat_util": 3326.9099385563054, "device_util": 2.724914581708526, "time_util": 0.28880705502941467, "overall_util": 2618.1934702500557, "drain": 261.945, "t_local": 51.937789395318845}, {"device_id": 15, "stat_util": 3457.9781275722457, "device_util": 2.9625066259256707, "time_util": 1.0, "overall_util": 10244.283115238823, "drain": 206.54999999999998, "t_local": 16.334837744156157}, {"device_id": 16, "stat_util": 3421.3610235722804, "device_util": 1.914249511424768, "time_util": 1.0, "overall_util": 6549.338667780981, "drain": 589.22, "t_local": 29.064837744156158}, {"device_id": 17, "stat_util": 3552.5330412314165, "device_util": 2.984370635670757, "time_util": 1.0, "overall_util": 10602.07529050117, "drain": 202.08300000000003, "t_local": 11.444837744156155}, {"device_id": 18, "stat_util": 3385.3753738631417, "device_util": 2.6058568578061463, "time_util": 1.0, "overall_util": 8821.803634229314, "drain": 295.064, "t_local": 19.83550293192405}, {"device_id": 19, "stat_util": 3544.9355960582066, "device_util": 2.893538930257927, "time_util": 1.0, "overall_util": 10257.40915245151, "drain": 221.298, "t_local": 19.83550293192405}, {"device_id": 20, "stat_util": 3503.5385324695426, "device_util": 1.914249511424768, "time_util": 0.4621712389255759, "overall_util": 3099.6193179188926, "drain": 589.22, "t_local": 32.45550293192405}, {"device_id": 21, "stat_util": 3438.0465550485696, "device_util": 2.869231922253025, "time_util": 1.0, "overall_util": 9864.552925937398, "drain": 226.743, "t_local": 24.837734039012904}, {"device_id": 22, "stat_util": 3569.7425043231756, "device_util": 1.9531873142598186, "time_util": 0.33702007805771167, "overall_util": 2349.830627809491, "drain": 566.7180000000001, "t_local": 44.5077340390129}, {"device_id": 23, "stat_util": 3445.4935945758634, "device_util": 2.0402054286297338, "time_util": 0.3759612008374376, "overall_util": 2642.824801436982, "drain": 519.488, "t_local": 39.8977340390129}, {"device_id": 24, "stat_util": 3526.8215029794974, "device_util": 1.914249511424768, "time_util": 1.0, "overall_util": 6751.216338960869, "drain": 589.22, "t_local": 29.103022348347785}, {"device_id": 25, "stat_util": 3415.672586353831, "device_util": 2.581549849801244, "time_util": 1.0, "overall_util": 8817.729052271958, "drain": 302.324, "t_local": 23.493022348347786}, {"device_id": 26, "stat_util": 3568.921101796417, "device_util": 1.9531873142598186, "time_util": 0.347519686618381, "overall_util": 2422.4802999307694, "drain": 566.7180000000001, "t_local": 43.16302234834779}, {"device_id": 27,