{"rnd": 7, "global_loss": 18.309184849262238, "global_accuracy": 0.40260260260260256, "global_accuracies": [4.426426426426426, 4.162162162162162, 4.327327327327327, 4.096096096096096, 4.921921921921922, 3.963963963963964, 4.393393393393393, 4.1291291291291286, 4.393393393393393, 4.756756756756757, 4.723723723723723, 4.45945945945946, 4.45945945945946, 4.822822822822823, 4.6906906906906904, 3.930930930930931, 4.558558558558558, 4.426426426426426, 4.294294294294294, 4.888888888888888, 4.45945945945946, 3.963963963963964, 4.6906906906906904, 4.294294294294294, 4.6906906906906904, 3.930930930930931, 4.987987987987988, 4.063063063063063, 4.36036036036036, 4.591591591591591], "global_examples": [11, 11, 11, 11, 11, 11, 11, 11, 11, 11, 11, 11, 11, 11, 11, 11, 11, 11, 11, 11, 11, 11, 11, 11, 11, 11, 11, 11, 11, 11], "user_loss": 18.32606560786565, "user_weighted_accuracy": 0.4032032032032033, "user_weighted_accuracy_var": 0.07266782297813329, "user_accuracy": 0.4032032032032032, "user_accuracy_var": 0.0006005605204804403, "user_accuracies": [0.3993993993993994, 0.3783783783783784, 0.40540540540540543, 0.3933933933933934, 0.44144144144144143, 0.39039039039039036, 0.4294294294294294, 0.35735735735735735, 0.4084084084084084, 0.39039039039039036, 0.4084084084084084, 0.43543543543543545, 0.4144144144144144, 0.4144144144144144, 0.4114114114114114, 0.35135135135135137, 0.42342342342342343, 0.3843843843843844, 0.3783783783783784, 0.43843843843843844, 0.43243243243243246, 0.3783783783783784, 0.3993993993993994, 0.3843843843843844, 0.4114114114114114, 0.3843843843843844, 0.4624624624624625, 0.3963963963963964, 0.39039039039039036, 0.4024024024024024], "device_weighted_accuracy": 0.40260260260260256, "device_weighted_accuracy_var": 0.09187261335409483, "device_accuracy": 0.40260260260260256, "device_accuracy_var": 0.0007592777963148337, "device_accuracies": [0.4024024024024024, 0.3783783783783784, 0.3933933933933934, 0.37237237237237236, 0.44744744744744747, 0.36036036036036034, 0.3993993993993994, 0.37537537537537535, 0.3993993993993994, 0.43243243243243246, 0.4294294294294294, 0.40540540540540543, 0.40540540540540543, 0.43843843843843844, 0.4264264264264264, 0.35735735735735735, 0.4144144144144144, 0.4024024024024024, 0.39039039039039036, 0.4444444444444444, 0.40540540540540543, 0.36036036036036034, 0.4264264264264264, 0.39039039039039036, 0.4264264264264264, 0.35735735735735735, 0.45345345345345345, 0.36936936936936937, 0.3963963963963964, 0.4174174174174174], "total_loss": 24794.60862063368, "dead_devices": 0, "max_round_time": 52.15396084623217, "selected_devices": [22, 26, 10, 17, 19, 24, 28, 9, 20, 2, 6, 12, 29, 1, 3], "device_snapshot": [{"device_id": 0, "stat_util": 3435.1910768661587, "device_util": 2.724914581708526, "time_util": 0.29585981514484144, "overall_util": 2769.426053195555, "drain": 261.945, "t_local": 50.699686919822426}, {"device_id": 1, "stat_util": 3352.5821472770353, "device_util": 2.4735450119047666, "time_util": 1.0, "overall_util": 8292.762847398082, "drain": 336.805, "t_local": 11.499686919822423}, {"device_id": 2, "stat_util": 3443.184763290915, "device_util": 2.6966885632189763, "time_util": 1.0, "overall_util": 9285.196972216449, "drain": 269.444, "t_local": 11.499686919822423}, {"device_id": 3, "stat_util": 3344.926047139023, "device_util": 1.914249511424768, "time_util": 0.49317345669824425, "overall_util": 3157.801011620805, "drain": 589.22, "t_local": 30.415262209008098}, {"device_id": 4, "stat_util": 3386.483008122635, "device_util": 2.0402054286297338, "time_util": 0.37626743607898677, "overall_util": 2599.6772506765083, "drain": 519.488, "t_local": 39.865262209008094}, {"device_id": 5, "stat_util": 3443.2302120798904, "device_util": 2.6058568578061463, "time_util": 1.0, "overall_util": 8972.565061153693, "drain": 295.064, "t_local": 17.795262209008094}, {"device_id": 6, "stat_util": 3452.14012522712, "device_util": 1.4423616904938281, "time_util": 0.34733378555637756, "overall_util": 1729.456426008532, "drain": 944.53, "t_local": 43.186124194547354}, {"device_id": 7, "stat_util": 3435.1592052617607, "device_util": 1.914249511424768, "time_util": 1.0, "overall_util": 6575.75183033862, "drain": 589.22, "t_local": 29.126124194547355}, {"device_id": 8, "stat_util": 3407.750577084076, "device_util": 2.67482455347389, "time_util": 1.0, "overall_util": 9115.134915699306, "drain": 275.4, "t_local": 16.396124194547355}, {"device_id": 9, "stat_util": 3433.7170946801075, "device_util": 1.6655052418080376, "time_util": 0.32903076993686325, "overall_util": 1881.68545619124, "drain": 755.624, "t_local": 45.58844147882675}, {"device_id": 10, "stat_util": 3297.8037249066647, "device_util": 2.67482455347389, "time_util": 1.0, "overall_util": 8821.046375918, "drain": 275.4, "t_local": 18.798441478826746}, {"device_id": 11, "stat_util": 3425.4188005242636, "device_util": 2.67482455347389, "time_util": 1.0, "overall_util": 9162.39431357338, "drain": 275.4, "t_local": 18.798441478826746}, {"device_id": 12, "stat_util": 3424.110472660763, "device_util": 2.581549849801244, "time_util": 1.0, "overall_util": 8839.51187640026, "drain": 302.324, "t_local": 24.747789395318843}, {"device_id": 13, "stat_util": 3426.414527262283, "device_util": 2.67482455347389, "time_util": 1.0, "overall_util": 9165.057707900785, "drain": 275.4, "t_local": 17.627789395318842}, {"device_id": 14, "stat_util": 3326.9099385563054, "device_util": 2.724914581708526, "time_util": 0.28880705502941467, "overall_util": 2618.1934702500557, "drain": 261.945, "t_local": 51.937789395318845}, {"device_id": 15, "stat_util": 3457.9781275722457, "device_util": 2.9625066259256707, "time_util": 1.0, "overall_util": 10244.283115238823, "drain": 206.54999999999998, "t_local": 16.334837744156157}, {"device_id": 16, "stat_util": 3421.3610235722804, "device_util": 1.914249511424768, "time_util": 1.0, "overall_util": 6549.338667780981, "drain": 589.22, "t_local": 29.064837744156158}, {"device_id": 17, "stat_util": 3297.218145522467, "device_util": 2.6966885632189763, "time_util": 1.0, "overall_util": 8891.570463468519, "drain": 269.444, "t_local": 11.444837744156155}, {"device_id": 18, "stat_util": 3385.3753738631417, "device_util": 2.6058568578061463, "time_util": 1.0, "overall_util": 8821.803634229314, "drain": 295.064, "t_local": 19.83550293192405}, {"device_id": 19, "stat_util": 3397.718289130833, "device_util": 2.6058568578061463, "time_util": 1.0, "overall_util": 8853.967504624949, "drain": 295.064, "t_local": 19.83550293192405}, {"device_id": 20, "stat_util": 3422.995251597756, "device_util": 1.6911059601105582, "time_util": 0.4621712389255759, "overall_util": 2675.3464659978717, "drain": 736.5250000000001, "t_local": 32.45550293192405}, {"device_id": 21, "stat_util": 3438.0465550485696, "device_util": 2.869231922253025, "time_util": 1.0, "overall_util": 9864.552925937398, "drain": 226.743, "t_local": 24.837734039012904}, {"device_id": 22, "stat_util": 3439.063802029868, "device_util": 1.6655052418080376, "time_util": 0.33702007805771167, "overall_util": 1930.3764546311384, "drain": 755.624, "t_local": 44.5077340390129}, {"device_id": 23, "stat_util": 3445.4935945758634, "device_util": 2.0402054286297338, "time_util": 0.3759612008374376, "overall_util": 2642.824801436982, "drain": 519.488, "t_local": 39.8977340390129}, {"device_id": 24, "stat_util": 3419.33474474147, "device_util": 1.6911059601105582, "time_util": 1.0, "overall_util": 5782.457366445414, "drain": 736.5250000000001, "t_local": 29.103022348347785}, {"device_id": 25, "stat_util": 3415.672586353831, "device_util": 2.581549849801244, "time_util": 1.0, "overall_util": 8817.729052271958, "drain": 302.324, "t_local": 23.493022348347786}, {"device_id": 26, "stat_util": 3414.5058805583053, "device_util": 1.6655052418080376, "time_util": 0.347519686618381, "overall_util": 1976.301866569329, "drain": 755.624, "t_local": 43.16302234834779}, {"device_id": 27, "stat_util": 3445.8761545000243, "device_util": 2.437232509256745,