{"rnd": 9, "global_loss": 17.75862523714701, "global_accuracy": 0.4224224224224223, "global_accuracies": [4.162162162162162, 4.525525525525525, 4.624624624624625, 4.624624624624625, 4.6906906906906904, 4.45945945945946, 4.954954954954955, 4.327327327327327, 4.558558558558558, 4.063063063063063, 4.591591591591591, 4.822822822822823, 4.4924924924924925, 4.756756756756757, 4.591591591591591, 5.054054054054054, 4.6906906906906904, 4.657657657657658, 4.624624624624625, 5.549549549549549, 4.8558558558558556, 4.657657657657658, 4.525525525525525, 4.78978978978979, 4.756756756756757, 4.36036036036036, 4.558558558558558, 5.153153153153153, 4.525525525525525, 4.393393393393393], "global_examples": [11, 11, 11, 11, 11, 11, 11, 11, 11, 11, 11, 11, 11, 11, 11, 11, 11, 11, 11, 11, 11, 11, 11, 11, 11, 11, 11, 11, 11, 11], "user_loss": 17.68818191289902, "user_weighted_accuracy": 0.4249249249249249, "user_weighted_accuracy_var": 0.08989515040566096, "user_accuracy": 0.4249249249249249, "user_accuracy_var": 0.0007429351273195117, "user_accuracies": [0.4024024024024024, 0.3993993993993994, 0.44744744744744747, 0.4294294294294294, 0.4264264264264264, 0.45645645645645644, 0.43543543543543545, 0.37237237237237236, 0.43543543543543545, 0.4174174174174174, 0.45345345345345345, 0.46546546546546547, 0.3963963963963964, 0.44144144144144143, 0.39039039039039036, 0.4624624624624625, 0.46546546546546547, 0.3963963963963964, 0.3963963963963964, 0.4924924924924925, 0.38738738738738737, 0.4174174174174174, 0.4114114114114114, 0.42042042042042044, 0.4444444444444444, 0.4084084084084084, 0.42042042042042044, 0.4264264264264264, 0.4114114114114114, 0.4174174174174174], "device_weighted_accuracy": 0.4224224224224223, "device_weighted_accuracy_var": 0.08018969920871818, "device_accuracy": 0.4224224224224224, "device_accuracy_var": 0.0006627247868489105, "device_accuracies": [0.3783783783783784, 0.4114114114114114, 0.42042042042042044, 0.42042042042042044, 0.4264264264264264, 0.40540540540540543, 0.45045045045045046, 0.3933933933933934, 0.4144144144144144, 0.36936936936936937, 0.4174174174174174, 0.43843843843843844, 0.4084084084084084, 0.43243243243243246, 0.4174174174174174, 0.4594594594594595, 0.4264264264264264, 0.42342342342342343, 0.42042042042042044, 0.5045045045045045, 0.44144144144144143, 0.42342342342342343, 0.4114114114114114, 0.43543543543543545, 0.43243243243243246, 0.3963963963963964, 0.4144144144144144, 0.46846846846846846, 0.4114114114114114, 0.3993993993993994], "total_loss": 23997.202754828333, "dead_devices": 0, "max_round_time": 52.15396084623217, "selected_devices": [16, 24, 25, 26, 8, 28, 19, 22, 4, 18, 1, 6, 20, 23, 3], "device_snapshot": [{"device_id": 0, "stat_util": 3255.356588957761, "device_util": 2.437232509256745, "time_util": 0.29585981514484144, "overall_util": 2347.369793538793, "drain": 349.26, "t_local": 50.699686919822426}, {"device_id": 1, "stat_util": 3290.433757131792, "device_util": 2.291223455110812, "time_util": 1.0, "overall_util": 7539.119001828755, "drain": 404.166, "t_local": 11.499686919822423}, {"device_id": 2, "stat_util": 3265.596228711826, "device_util": 2.4735450119047666, "time_util": 1.0, "overall_util": 8077.599262425154, "drain": 336.805, "t_local": 11.499686919822423}, {"device_id": 3, "stat_util": 3222.010589273551, "device_util": 1.6911059601105582, "time_util": 0.49317345669824425, "overall_util": 2687.184450499036, "drain": 736.5250000000001, "t_local": 30.415262209008098}, {"device_id": 4, "stat_util": 3230.304040354926, "device_util": 1.8170618773155236, "time_util": 0.37626743607898677, "overall_util": 2208.5627932509547, "drain": 649.3600000000001, "t_local": 39.865262209008094}, {"device_id": 5, "stat_util": 3303.3490490792815, "device_util": 2.382713306491936, "time_util": 1.0, "overall_util": 7870.9337352286875, "drain": 368.83000000000004, "t_local": 17.795262209008094}, {"device_id": 6, "stat_util": 3244.5879245710184, "device_util": 1.1058894538726152, "time_util": 0.34733378555637756, "overall_util": 1246.2876565797133, "drain": 1322.3419999999999, "t_local": 43.186124194547354}, {"device_id": 7, "stat_util": 3341.2992730058877, "device_util": 1.6911059601105582, "time_util": 1.0, "overall_util": 5650.491115093332, "drain": 736.5250000000001, "t_local": 29.126124194547355}, {"device_id": 8, "stat_util": 3326.5877059568606, "device_util": 2.4516810021596798, "time_util": 1.0, "overall_util": 8155.731880712387, "drain": 344.25, "t_local": 16.396124194547355}, {"device_id": 9, "stat_util": 3331.3910551522285, "device_util": 1.4423616904938281, "time_util": 0.32903076993686325, "overall_util": 1581.0161561139578, "drain": 944.53, "t_local": 45.58844147882675}, {"device_id": 10, "stat_util": 3297.8037249066647, "device_util": 2.67482455347389, "time_util": 1.0, "overall_util": 8821.046375918, "drain": 275.4, "t_local": 18.798441478826746}, {"device_id": 11, "stat_util": 3298.5646556105607, "device_util": 2.4516810021596798, "time_util": 1.0, "overall_util": 8087.0283005557985, "drain": 344.25, "t_local": 18.798441478826746}, {"device_id": 12, "stat_util": 3315.1201320303066, "device_util": 2.358406298487034, "time_util": 1.0, "overall_util": 7818.400199621444, "drain": 377.90500000000003, "t_local": 24.747789395318843}, {"device_id": 13, "stat_util": 3307.1753699437572, "device_util": 2.4516810021596798, "time_util": 1.0, "overall_util": 8108.139025301521, "drain": 344.25, "t_local": 17.627789395318842}, {"device_id": 14, "stat_util": 3326.9099385563054, "device_util": 2.724914581708526, "time_util": 0.28880705502941467, "overall_util": 2618.1934702500557, "drain": 261.945, "t_local": 51.937789395318845}, {"device_id": 15, "stat_util": 3265.0440253616644, "device_util": 2.67482455347389, "time_util": 1.0, "overall_util": 8733.419927210605, "drain": 275.4, "t_local": 16.334837744156157}, {"device_id": 16, "stat_util": 3258.9923102598304, "device_util": 1.6911059601105582, "time_util": 1.0, "overall_util": 5511.301319834877, "drain": 736.5250000000001, "t_local": 29.064837744156158}, {"device_id": 17, "stat_util": 3297.218145522467, "device_util": 2.6966885632189763, "time_util": 1.0, "overall_util": 8891.570463468519, "drain": 269.444, "t_local": 11.444837744156155}, {"device_id": 18, "stat_util": 3238.259072441028, "device_util": 2.382713306491936, "time_util": 1.0, "overall_util": 7715.842981773471, "drain": 368.83000000000004, "t_local": 19.83550293192405}, {"device_id": 19, "stat_util": 3283.784456281861, "device_util": 2.382713306491936, "time_util": 1.0, "overall_util": 7824.316919634178, "drain": 368.83000000000004, "t_local": 19.83550293192405}, {"device_id": 20, "stat_util": 3334.0589907975573, "device_util": 1.354633723489345, "time_util": 0.4621712389255759, "overall_util": 2087.363468612937, "drain": 1031.1350000000002, "t_local": 32.45550293192405}, {"device_id": 21, "stat_util": 3322.797940519543, "device_util": 2.581549849801244, "time_util": 1.0, "overall_util": 8577.968524268108, "drain": 302.324, "t_local": 24.837734039012904}, {"device_id": 22, "stat_util": 3329.511927504605, "device_util": 1.2600401336998734, "time_util": 0.33702007805771167, "overall_util": 1413.9066203451916, "drain": 1133.436, "t_local": 44.5077340390129}, {"device_id": 23, "stat_util": 3239.2720209279532, "device_util": 1.634740320521569, "time_util": 0.3759612008374376, "overall_util": 1990.8531308709346, "drain": 779.2320000000002, "t_local": 39.8977340390129}, {"device_id": 24, "stat_util": 3346.3147801926357, "device_util": 1.5087844033166034, "time_util": 1.0, "overall_util": 5048.867548942477, "drain": 883.8300000000002, "t_local": 29.103022348347785}, {"device_id": 25, "stat_util": 3293.8056157082847, "device_util": 2.358406298487034, "time_util": 1.0, "overall_util": 7768.131910078382, "drain": 377.90500000000003, "t_local": 23.493022348347786}, {"device_id": 26, "stat_util": 3311.9403377414123, "device_util": 1.4423616904938281, "time_util": 0.347519686618381, "overall_util": 1660.1070561532142, "drain": 944.53,