{"loss": 25.395744800567627, "accuracy": 0.08408408408408409}