{"loss": 23.085724353790283, "accuracy": 0.23423423423423423}