{"loss": 17.604735136032104, "accuracy": 0.43843843843843844}