{"loss": 22.062036514282227, "accuracy": 0.29429429429429427}