{"loss": 20.229375958442688, "accuracy": 0.34534534534534533}