{"loss": 19.38442897796631, "accuracy": 0.3963963963963964}