{"loss": 18.99053990840912, "accuracy": 0.4084084084084084}