{"loss": 18.980665802955627, "accuracy": 0.3963963963963964}