{"loss": 19.087838888168335, "accuracy": 0.38738738738738737}