{"loss": 18.175288796424866, "accuracy": 0.36936936936936937}