{"loss": 17.90179753303528, "accuracy": 0.42342342342342343}