{"rnd": 1, "global_loss": 22.759717094898225, "global_accuracy": 0.2479479479479479, "global_accuracies": [2.7747747747747744, 2.9399399399399404, 3.4024024024024024, 2.3453453453453452, 3.039039039039039, 2.444444444444444, 2.9729729729729732, 2.675675675675676, 3.006006006006006, 2.4774774774774775, 2.5765765765765765, 2.840840840840841, 2.7087087087087087, 2.5435435435435436, 2.6426426426426426, 2.5105105105105103, 2.5765765765765765, 2.6426426426426426, 2.7417417417417416, 2.444444444444444, 2.9069069069069067, 2.5105105105105103, 2.7087087087087087, 2.7417417417417416, 2.3783783783783785, 2.6096096096096097, 3.1381381381381384, 2.6096096096096097, 2.7417417417417416, 3.171171171171171], "global_examples": [11, 11, 11, 11, 11, 11, 11, 11, 11, 11, 11, 11, 11, 11, 11, 11, 11, 11, 11, 11, 11, 11, 11, 11, 11, 11, 11, 11, 11, 11], "user_loss": 22.747354412078856, "user_weighted_accuracy": 0.251051051051051, "user_weighted_accuracy_var": 0.062022743464184946, "user_accuracy": 0.2510510510510511, "user_accuracy_var": 0.000512584656728801, "user_accuracies": [0.25825825825825827, 0.24024024024024024, 0.3033033033033033, 0.21921921921921922, 0.2972972972972973, 0.22822822822822822, 0.26126126126126126, 0.24324324324324326, 0.2822822822822823, 0.24024024024024024, 0.24024024024024024, 0.25825825825825827, 0.24624624624624625, 0.24924924924924924, 0.24324324324324326, 0.2222222222222222, 0.24924924924924924, 0.24024024024024024, 0.23123123123123124, 0.24624624624624625, 0.25825825825825827, 0.22522522522522523, 0.25225225225225223, 0.26126126126126126, 0.22822822822822822, 0.23423423423423423, 0.2972972972972973, 0.22522522522522523, 0.26126126126126126, 0.2882882882882883], "device_weighted_accuracy": 0.2479479479479479, "device_weighted_accuracy_var": 0.06195606016426839, "device_accuracy": 0.24794794794794794, "device_accuracy_var": 0.0005120335550765984, "device_accuracies": [0.25225225225225223, 0.2672672672672673, 0.30930930930930933, 0.2132132132132132, 0.27627627627627627, 0.2222222222222222, 0.2702702702702703, 0.24324324324324326, 0.2732732732732733, 0.22522522522522523, 0.23423423423423423, 0.25825825825825827, 0.24624624624624625, 0.23123123123123124, 0.24024024024024024, 0.22822822822822822, 0.23423423423423423, 0.24024024024024024, 0.24924924924924924, 0.2222222222222222, 0.26426426426426425, 0.22822822822822822, 0.24624624624624625, 0.24924924924924924, 0.21621621621621623, 0.23723723723723725, 0.2852852852852853, 0.23723723723723725, 0.24924924924924924, 0.2882882882882883], "total_loss": 31546.01462544203, "dead_devices": 0, "max_round_time": 52.15396084623217, "selected_devices": [0, 1, 2, 3, 4, 5, 6, 7, 8, 9, 10, 11, 12, 13, 14, 15, 16, 17, 18, 19, 20, 21, 22, 23, 24, 25, 26, 27, 28, 29], "device_snapshot": [{"device_id": 0, "stat_util": 4282.5937471969255, "device_util": 3.823526870376636, "time_util": 0.29585981514484144, "overall_util": 4844.589758476094, "drain": 87.315, "t_local": 50.699686919822426}, {"device_id": 1, "stat_util": 4355.752972375578, "device_util": 4.082982924338867, "time_util": 1.0, "overall_util": 17784.46500884775, "drain": 67.361, "t_local": 11.499686919822423}, {"device_id": 2, "stat_util": 4295.906382140076, "device_util": 4.082982924338867, "time_util": 1.0, "overall_util": 17540.11240283629, "drain": 67.361, "t_local": 11.499686919822423}, {"device_id": 3, "stat_util": 4337.895954948907, "device_util": 3.3005438725446585, "time_util": 0.49317345669824425, "overall_util": 7060.969497216343, "drain": 147.305, "t_local": 30.415262209008098}, {"device_id": 4, "stat_util": 4313.731635142653, "device_util": 3.426499789749624, "time_util": 0.37626743607898677, "overall_util": 5561.609176188726, "drain": 129.872, "t_local": 39.865262209008094}, {"device_id": 5, "stat_util": 4347.1349624048, "device_util": 3.9921512189260366, "time_util": 1.0, "overall_util": 17354.42013900031, "drain": 73.766, "t_local": 17.795262209008094}, {"device_id": 6, "stat_util": 4333.574989162097, "device_util": 3.0517996029279284, "time_util": 0.34733378555637756, "overall_util": 4593.5596251723, "drain": 188.906, "t_local": 43.186124194547354}, {"device_id": 7, "stat_util": 4342.78176181555, "device_util": 3.3005438725446585, "time_util": 1.0, "overall_util": 14333.541733759012, "drain": 147.305, "t_local": 29.126124194547355}, {"device_id": 8, "stat_util": 4346.461522073341, "device_util": 4.061118914593781, "time_util": 1.0, "overall_util": 17651.49709884612, "drain": 68.85, "t_local": 16.396124194547355}, {"device_id": 9, "stat_util": 4377.801353336764, "device_util": 3.0517996029279284, "time_util": 0.32903076993686325, "overall_util": 4395.907821727858, "drain": 188.906, "t_local": 45.58844147882675}, {"device_id": 10, "stat_util": 4350.487259490649, "device_util": 4.061118914593781, "time_util": 1.0, "overall_util": 17667.846097216738, "drain": 68.85, "t_local": 18.798441478826746}, {"device_id": 11, "stat_util": 4369.713295737504, "device_util": 4.061118914593781, "time_util": 1.0, "overall_util": 17745.925316671506, "drain": 68.85, "t_local": 18.798441478826746}, {"device_id": 12, "stat_util": 4288.958173642043, "device_util": 3.9678442109211347, "time_util": 1.0, "overall_util": 17017.917860168465, "drain": 75.581, "t_local": 24.747789395318843}, {"device_id": 13, "stat_util": 4332.513399041295, "device_util": 4.061118914593781, "time_util": 1.0, "overall_util": 17594.852112577595, "drain": 68.85, "t_local": 17.627789395318842}, {"device_id": 14, "stat_util": 4299.767695421743, "device_util": 3.823526870376636, "time_util": 0.28880705502941467, "overall_util": 4748.068076604803, "drain": 87.315, "t_local": 51.937789395318845}, {"device_id": 15, "stat_util": 4333.617594852432, "device_util": 4.061118914593781, "time_util": 1.0, "overall_util": 17599.33638307162, "drain": 68.85, "t_local": 16.334837744156157}, {"device_id": 16, "stat_util": 4316.773903430364, "device_util": 3.3005438725446585, "time_util": 1.0, "overall_util": 14247.701656127776, "drain": 147.305, "t_local": 29.064837744156158}, {"device_id": 17, "stat_util": 4338.956720605819, "device_util": 4.082982924338867, "time_util": 1.0, "overall_util": 17715.886199678927, "drain": 67.361, "t_local": 11.444837744156155}, {"device_id": 18, "stat_util": 4332.202888582672, "device_util": 3.9921512189260366, "time_util": 1.0, "overall_util": 17294.809042290213, "drain": 73.766, "t_local": 19.83550293192405}, {"device_id": 19, "stat_util": 4304.817431745691, "device_util": 3.9921512189260366, "time_util": 1.0, "overall_util": 17185.482157397608, "drain": 73.766, "t_local": 19.83550293192405}, {"device_id": 20, "stat_util": 4350.359729680219, "device_util": 3.3005438725446585, "time_util": 0.4621712389255759, "overall_util": 6636.110298126507, "drain": 147.305, "t_local": 32.45550293192405}, {"device_id": 21, "stat_util": 4330.885646094865, "device_util": 3.9678442109211347, "time_util": 1.0, "overall_util": 17184.279539018946, "drain": 75.581, "t_local": 24.837734039012904}, {"device_id": 22, "stat_util": 4376.095952381045, "device_util": 3.0517996029279284, "time_util": 0.33702007805771167, "overall_util": 4500.892320695813, "drain": 188.906, "t_local": 44.5077340390129}, {"device_id": 23, "stat_util": 4330.680338964494, "device_util": 3.426499789749624, "time_util": 0.3759612008374376, "overall_util": 5578.916558177723, "drain": 129.872, "t_local": 39.8977340390129}, {"device_id": 24, "stat_util": 4349.645747421724, "device_util": 3.3005438725446585, "time_util": 1.0, "overall_util": 14356.196619392704, "drain": 147.305, "t_local": 29.103022348347785}, {"device_id": 25, "stat_util": 4349.8155453262225, "device_util": 3.9678442109211347, "time_util": 1.0, "overall_util": 17259.39043009741, "drain": 75.581, "t_local": 23.493022348347786}, {"device_id": 26, "stat_util": 4327.058364946919, "device_util": 3.0517996029279284, "time_util": 0.347519686618381, "overall_util": 4589.106930493871, "drain": 188.906, "t_local": 43.16302234834779}, {"device_id": 27,