{"rnd": 10, "global_loss": 17.754172563552856, "global_accuracy": 0.42332332332332334, "global_accuracies": [4.822822822822823, 4.987987987987988, 4.063063063063063, 4.888888888888888, 4.624624624624625, 4.228228228228228, 4.624624624624625, 4.78978978978979, 4.78978978978979, 4.6906906906906904, 5.186186186186186, 4.78978978978979, 4.4924924924924925, 4.987987987987988, 4.723723723723723, 4.4924924924924925, 4.426426426426426, 5.021021021021021, 4.03003003003003, 4.822822822822823, 4.8558558558558556, 4.261261261261261, 5.087087087087087, 4.78978978978979, 4.78978978978979, 4.195195195195195, 4.36036036036036, 4.294294294294294, 4.822822822822823, 4.756756756756757], "global_examples": [11, 11, 11, 11, 11, 11, 11, 11, 11, 11, 11, 11, 11, 11, 11, 11, 11, 11, 11, 11, 11, 11, 11, 11, 11, 11, 11, 11, 11, 11], "user_loss": 17.826126190026603, "user_weighted_accuracy": 0.42442442442442435, "user_weighted_accuracy_var": 0.07975322670017368, "user_accuracy": 0.4244244244244244, "user_accuracy_var": 0.0006591175760344931, "user_accuracies": [0.45645645645645644, 0.46546546546546547, 0.3813813813813814, 0.4294294294294294, 0.4594594594594595, 0.3813813813813814, 0.40540540540540543, 0.4174174174174174, 0.4264264264264264, 0.44144144144144143, 0.4624624624624625, 0.43543543543543545, 0.3993993993993994, 0.4444444444444444, 0.4444444444444444, 0.43543543543543545, 0.4024024024024024, 0.45345345345345345, 0.43243243243243246, 0.4174174174174174, 0.42342342342342343, 0.37237237237237236, 0.46546546546546547, 0.38738738738738737, 0.4264264264264264, 0.4084084084084084, 0.4114114114114114, 0.4264264264264264, 0.42042042042042044, 0.3993993993993994], "device_weighted_accuracy": 0.42332332332332334, "device_weighted_accuracy_var": 0.0908214420626833, "device_accuracy": 0.42332332332332334, "device_accuracy_var": 0.0007505904302701099, "device_accuracies": [0.43843843843843844, 0.45345345345345345, 0.36936936936936937, 0.4444444444444444, 0.42042042042042044, 0.3843843843843844, 0.42042042042042044, 0.43543543543543545, 0.43543543543543545, 0.4264264264264264, 0.47147147147147145, 0.43543543543543545, 0.4084084084084084, 0.45345345345345345, 0.4294294294294294, 0.4084084084084084, 0.4024024024024024, 0.45645645645645644, 0.3663663663663664, 0.43843843843843844, 0.44144144144144143, 0.38738738738738737, 0.4624624624624625, 0.43543543543543545, 0.43543543543543545, 0.3813813813813814, 0.3963963963963964, 0.39039039039039036, 0.43843843843843844, 0.43243243243243246], "total_loss": 23880.88092895647, "dead_devices": 0, "max_round_time": 52.15396084623217, "selected_devices": [2, 8, 27, 22, 9, 16, 0, 12, 10, 14, 20, 17, 26, 25, 4], "device_snapshot": [{"device_id": 0, "stat_util": 3201.6691818244744, "device_util": 2.437232509256745, "time_util": 0.29585981514484144, "overall_util": 2308.656923119137, "drain": 349.26, "t_local": 50.699686919822426}, {"device_id": 1, "stat_util": 3330.292277370642, "device_util": 2.291223455110812, "time_util": 1.0, "overall_util": 7630.443778286017, "drain": 404.166, "t_local": 11.499686919822423}, {"device_id": 2, "stat_util": 3229.8303125154434, "device_util": 2.4735450119047666, "time_util": 1.0, "overall_util": 7989.130658821388, "drain": 336.805, "t_local": 11.499686919822423}, {"device_id": 3, "stat_util": 3251.182620743496, "device_util": 1.6911059601105582, "time_util": 0.49317345669824425, "overall_util": 2711.514174807353, "drain": 736.5250000000001, "t_local": 30.415262209008098}, {"device_id": 4, "stat_util": 3216.720248350402, "device_util": 1.8170618773155236, "time_util": 0.37626743607898677, "overall_util": 2199.275538169803, "drain": 649.3600000000001, "t_local": 39.865262209008094}, {"device_id": 5, "stat_util": 3291.228157598251, "device_util": 2.046241069870723, "time_util": 1.0, "overall_util": 6734.646226392494, "drain": 516.3620000000001, "t_local": 17.795262209008094}, {"device_id": 6, "stat_util": 3299.1070530475554, "device_util": 1.2600401336998734, "time_util": 0.34733378555637756, "overall_util": 1443.869079389543, "drain": 1133.436, "t_local": 43.186124194547354}, {"device_id": 7, "stat_util": 3291.701182907713, "device_util": 1.5087844033166034, "time_util": 1.0, "overall_util": 4966.467405149971, "drain": 883.8300000000002, "t_local": 29.126124194547355}, {"device_id": 8, "stat_util": 3237.883388545721, "device_util": 2.4516810021596798, "time_util": 1.0, "overall_util": 7938.257190905953, "drain": 344.25, "t_local": 16.396124194547355}, {"device_id": 9, "stat_util": 3319.882436592628, "device_util": 0.9723580612480925, "time_util": 0.32903076993686325, "overall_util": 1062.1489828017297, "drain": 1511.2479999999998, "t_local": 45.58844147882675}, {"device_id": 10, "stat_util": 3266.309520156366, "device_util": 2.4516810021596798, "time_util": 1.0, "overall_util": 8007.948997740662, "drain": 344.25, "t_local": 18.798441478826746}, {"device_id": 11, "stat_util": 3320.1542180769184, "device_util": 2.4516810021596798, "time_util": 1.0, "overall_util": 8139.959020699507, "drain": 344.25, "t_local": 18.798441478826746}, {"device_id": 12, "stat_util": 3259.5059586409334, "device_util": 2.1760847416930793, "time_util": 1.0, "overall_util": 7092.961182056209, "drain": 453.48600000000005, "t_local": 24.747789395318843}, {"device_id": 13, "stat_util": 3294.561724600202, "device_util": 2.4516810021596798, "time_util": 1.0, "overall_util": 8077.214390644746, "drain": 344.25, "t_local": 17.627789395318842}, {"device_id": 14, "stat_util": 3168.230657981842, "device_util": 2.437232509256745, "time_util": 0.28880705502941467, "overall_util": 2230.0856985895875, "drain": 349.26, "t_local": 51.937789395318845}, {"device_id": 15, "stat_util": 3325.684443278186, "device_util": 2.67482455347389, "time_util": 1.0, "overall_util": 8895.622405986636, "drain": 275.4, "t_local": 16.334837744156157}, {"device_id": 16, "stat_util": 3275.058343039575, "device_util": 1.6911059601105582, "time_util": 1.0, "overall_util": 5538.470683624035, "drain": 736.5250000000001, "t_local": 29.064837744156158}, {"device_id": 17, "stat_util": 3174.535031995862, "device_util": 2.4735450119047666, "time_util": 1.0, "overall_util": 7852.355293510303, "drain": 336.805, "t_local": 11.444837744156155}, {"device_id": 18, "stat_util": 3335.2323474131153, "device_util": 2.6058568578061463, "time_util": 1.0, "overall_util": 8691.138084883358, "drain": 295.064, "t_local": 19.83550293192405}, {"device_id": 19, "stat_util": 3308.805191860626, "device_util": 2.2003917496979817, "time_util": 1.0, "overall_util": 7280.667645527969, "drain": 442.59600000000006, "t_local": 19.83550293192405}, {"device_id": 20, "stat_util": 3252.6934946511874, "device_util": 1.2211023308648226, "time_util": 0.4621712389255759, "overall_util": 1835.6848218798868, "drain": 1178.4400000000003, "t_local": 32.45550293192405}, {"device_id": 21, "stat_util": 3306.934161750201, "device_util": 2.581549849801244, "time_util": 1.0, "overall_util": 8537.015388568834, "drain": 302.324, "t_local": 24.837734039012904}, {"device_id": 22, "stat_util": 3350.4094670912496, "device_util": 1.1058894538726152, "time_util": 0.33702007805771167, "overall_util": 1248.7208939563513, "drain": 1322.3419999999999, "t_local": 44.5077340390129}, {"device_id": 23, "stat_util": 3297.8609014775307, "device_util": 1.8170618773155236, "time_util": 0.3759612008374376, "overall_util": 2252.9164118335793, "drain": 649.3600000000001, "t_local": 39.8977340390129}, {"device_id": 24, "stat_util": 3318.7084108595336, "device_util": 1.354633723489345, "time_util": 1.0, "overall_util": 4495.6343317780575, "drain": 1031.1350000000002, "t_local": 29.103022348347785}, {"device_id": 25, "stat_util": 3275.9003016207866, "device_util": 2.1760847416930793, "time_util": 1.0, "overall_util": 7128.63666166475, "drain": 453.48600000000005, "t_local": 23.493022348347786}, {"device_id": 26, "stat_util": 3299.094174921572, "device_util": 1.1058894538726152, "time_util": 0.347519686618381, "overall_util": 1267.9024510610989,