{"rnd": 2, "global_loss": 21.036214991410574, "global_accuracy": 0.3121121121121121, "global_accuracies": [3.369369369369369, 3.6666666666666665, 3.4684684684684686, 3.2702702702702706, 3.237237237237237, 3.4024024024024024, 2.840840840840841, 3.3363363363363363, 3.6996996996997, 3.1051051051051055, 3.4354354354354357, 3.4684684684684686, 3.5675675675675675, 3.6336336336336337, 3.6666666666666665, 3.369369369369369, 3.5345345345345343, 3.5015015015015014, 3.963963963963964, 3.6336336336336337, 2.9399399399399404, 3.5675675675675675, 3.171171171171171, 4.063063063063063, 3.3363363363363363, 3.4024024024024024, 3.237237237237237, 3.4354354354354357, 3.369369369369369, 3.3033033033033035], "global_examples": [11, 11, 11, 11, 11, 11, 11, 11, 11, 11, 11, 11, 11, 11, 11, 11, 11, 11, 11, 11, 11, 11, 11, 11, 11, 11, 11, 11, 11, 11], "user_loss": 21.00363624493281, "user_weighted_accuracy": 0.31321321321321316, "user_weighted_accuracy_var": 0.05180564949333715, "user_accuracy": 0.3132132132132132, "user_accuracy_var": 0.00042814586358129876, "user_accuracies": [0.3153153153153153, 0.3333333333333333, 0.3033033033033033, 0.3183183183183183, 0.30930930930930933, 0.3213213213213213, 0.25825825825825827, 0.3183183183183183, 0.3003003003003003, 0.3213213213213213, 0.3303303303303303, 0.3063063063063063, 0.33633633633633636, 0.3153153153153153, 0.3183183183183183, 0.3183183183183183, 0.32432432432432434, 0.34534534534534533, 0.3483483483483483, 0.34234234234234234, 0.2852852852852853, 0.3123123123123123, 0.2972972972972973, 0.3303303303303303, 0.3303303303303303, 0.3063063063063063, 0.3003003003003003, 0.2912912912912913, 0.2882882882882883, 0.2702702702702703], "device_weighted_accuracy": 0.3121121121121121, "device_weighted_accuracy_var": 0.06386562738915087, "device_accuracy": 0.31211211211211204, "device_accuracy_var": 0.0005278151023896769, "device_accuracies": [0.3063063063063063, 0.3333333333333333, 0.3153153153153153, 0.2972972972972973, 0.29429429429429427, 0.30930930930930933, 0.25825825825825827, 0.3033033033033033, 0.33633633633633636, 0.2822822822822823, 0.3123123123123123, 0.3153153153153153, 0.32432432432432434, 0.3303303303303303, 0.3333333333333333, 0.3063063063063063, 0.3213213213213213, 0.3183183183183183, 0.36036036036036034, 0.3303303303303303, 0.2672672672672673, 0.32432432432432434, 0.2882882882882883, 0.36936936936936937, 0.3033033033033033, 0.30930930930930933, 0.29429429429429427, 0.3123123123123123, 0.3063063063063063, 0.3003003003003003], "total_loss": 30027.08090197245, "dead_devices": 0, "max_round_time": 52.15396084623217, "selected_devices": [9, 22, 11, 1, 10, 20, 25, 24, 27, 5, 8, 7, 17, 3, 15], "device_snapshot": [{"device_id": 0, "stat_util": 4282.5937471969255, "device_util": 3.823526870376636, "time_util": 0.29585981514484144, "overall_util": 4844.589758476094, "drain": 87.315, "t_local": 50.699686919822426}, {"device_id": 1, "stat_util": 3991.7368136880814, "device_util": 3.3898357437789217, "time_util": 1.0, "overall_util": 13531.33213079804, "drain": 134.722, "t_local": 11.499686919822423}, {"device_id": 2, "stat_util": 4295.906382140076, "device_util": 4.082982924338867, "time_util": 1.0, "overall_util": 17540.11240283629, "drain": 67.361, "t_local": 11.499686919822423}, {"device_id": 3, "stat_util": 3967.2397246338514, "device_util": 2.607396691984713, "time_util": 0.49317345669824425, "overall_util": 5101.46895820136, "drain": 294.61, "t_local": 30.415262209008098}, {"device_id": 4, "stat_util": 4313.731635142653, "device_util": 3.426499789749624, "time_util": 0.37626743607898677, "overall_util": 5561.609176188726, "drain": 129.872, "t_local": 39.865262209008094}, {"device_id": 5, "stat_util": 3945.558651882693, "device_util": 3.2990040383660912, "time_util": 1.0, "overall_util": 13016.413926171275, "drain": 147.532, "t_local": 17.795262209008094}, {"device_id": 6, "stat_util": 4333.574989162097, "device_util": 3.0517996029279284, "time_util": 0.34733378555637756, "overall_util": 4593.5596251723, "drain": 188.906, "t_local": 43.186124194547354}, {"device_id": 7, "stat_util": 3896.7040173253445, "device_util": 2.607396691984713, "time_util": 1.0, "overall_util": 10160.253164417645, "drain": 294.61, "t_local": 29.126124194547355}, {"device_id": 8, "stat_util": 3894.295202002505, "device_util": 3.367971734033835, "time_util": 1.0, "overall_util": 13115.87616432802, "drain": 137.7, "t_local": 16.396124194547355}, {"device_id": 9, "stat_util": 3982.1308052434447, "device_util": 2.358652422367983, "time_util": 0.32903076993686325, "overall_util": 3090.409158098512, "drain": 377.812, "t_local": 45.58844147882675}, {"device_id": 10, "stat_util": 3919.0424837370656, "device_util": 3.367971734033835, "time_util": 1.0, "overall_util": 13199.224309704192, "drain": 137.7, "t_local": 18.798441478826746}, {"device_id": 11, "stat_util": 3955.176347753883, "device_util": 3.367971734033835, "time_util": 1.0, "overall_util": 13320.922142354255, "drain": 137.7, "t_local": 18.798441478826746}, {"device_id": 12, "stat_util": 4288.958173642043, "device_util": 3.9678442109211347, "time_util": 1.0, "overall_util": 17017.917860168465, "drain": 75.581, "t_local": 24.747789395318843}, {"device_id": 13, "stat_util": 4332.513399041295, "device_util": 4.061118914593781, "time_util": 1.0, "overall_util": 17594.852112577595, "drain": 68.85, "t_local": 17.627789395318842}, {"device_id": 14, "stat_util": 4299.767695421743, "device_util": 3.823526870376636, "time_util": 0.28880705502941467, "overall_util": 4748.068076604803, "drain": 87.315, "t_local": 51.937789395318845}, {"device_id": 15, "stat_util": 3848.524093641703, "device_util": 3.367971734033835, "time_util": 1.0, "overall_util": 12961.72036513344, "drain": 137.7, "t_local": 16.334837744156157}, {"device_id": 16, "stat_util": 4316.773903430364, "device_util": 3.3005438725446585, "time_util": 1.0, "overall_util": 14247.701656127776, "drain": 147.305, "t_local": 29.064837744156158}, {"device_id": 17, "stat_util": 3900.630760929287, "device_util": 3.3898357437789217, "time_util": 1.0, "overall_util": 13222.497576681671, "drain": 134.722, "t_local": 11.444837744156155}, {"device_id": 18, "stat_util": 4332.202888582672, "device_util": 3.9921512189260366, "time_util": 1.0, "overall_util": 17294.809042290213, "drain": 73.766, "t_local": 19.83550293192405}, {"device_id": 19, "stat_util": 4304.817431745691, "device_util": 3.9921512189260366, "time_util": 1.0, "overall_util": 17185.482157397608, "drain": 73.766, "t_local": 19.83550293192405}, {"device_id": 20, "stat_util": 3945.635712352977, "device_util": 2.607396691984713, "time_util": 0.4621712389255759, "overall_util": 4754.742605165358, "drain": 294.61, "t_local": 32.45550293192405}, {"device_id": 21, "stat_util": 4330.885646094865, "device_util": 3.9678442109211347, "time_util": 1.0, "overall_util": 17184.279539018946, "drain": 75.581, "t_local": 24.837734039012904}, {"device_id": 22, "stat_util": 3972.794021577177, "device_util": 2.358652422367983, "time_util": 0.33702007805771167, "overall_util": 3158.026501983384, "drain": 377.812, "t_local": 44.5077340390129}, {"device_id": 23, "stat_util": 4330.680338964494, "device_util": 3.426499789749624, "time_util": 0.3759612008374376, "overall_util": 5578.916558177723, "drain": 129.872, "t_local": 39.8977340390129}, {"device_id": 24, "stat_util": 3963.614885821219, "device_util": 2.607396691984713, "time_util": 1.0, "overall_util": 10334.716341591613, "drain": 294.61, "t_local": 29.103022348347785}, {"device_id": 25, "stat_util": 3924.289488234514, "device_util": 3.2746970303611893, "time_util": 1.0, "overall_util": 12850.859133399194, "drain": 151.162, "t_local": 23.493022348347786}, {"device_id": 26, "stat_util": 4327.058364946919, "device_util": 3.0517996029279284, "time_util": 0.347519686618381, "overall_util": 4589.106930493871, "drain": 188.906, "t_local": 43.16302234834779}, {"device_id": 27, "stat_util": 3907.7269112279864, "device_util": 3.1303796898166905, "time_util": 0.28760998698114537,