{"rnd": 3, "global_loss": 19.838043264547984, "global_accuracy": 0.35535535535535534, "global_accuracies": [3.6666666666666665, 3.963963963963964, 3.6666666666666665, 3.963963963963964, 4.327327327327327, 4.1291291291291286, 3.8318318318318316, 3.8318318318318316, 3.4024024024024024, 3.6996996996997, 4.063063063063063, 4.195195195195195, 4.063063063063063, 3.6996996996997, 3.930930930930931, 4.03003003003003, 3.963963963963964, 4.03003003003003, 4.1291291291291286, 3.8318318318318316, 4.195195195195195, 3.765765765765766, 4.063063063063063, 3.7327327327327327, 3.963963963963964, 3.765765765765766, 3.6336336336336337, 3.8978978978978978, 3.7327327327327327, 4.096096096096096], "global_examples": [11, 11, 11, 11, 11, 11, 11, 11, 11, 11, 11, 11, 11, 11, 11, 11, 11, 11, 11, 11, 11, 11, 11, 11, 11, 11, 11, 11, 11, 11], "user_loss": 19.84027889172236, "user_weighted_accuracy": 0.35635635635635626, "user_weighted_accuracy_var": 0.06695003311619925, "user_accuracy": 0.3563563563563564, "user_accuracy_var": 0.0005533060588115645, "user_accuracies": [0.3153153153153153, 0.3813813813813814, 0.3633633633633634, 0.3483483483483483, 0.34534534534534533, 0.35135135135135137, 0.3303303303303303, 0.34234234234234234, 0.3063063063063063, 0.3183183183183183, 0.3633633633633634, 0.3633633633633634, 0.39039039039039036, 0.3483483483483483, 0.3843843843843844, 0.40540540540540543, 0.3303303303303303, 0.35435435435435436, 0.3993993993993994, 0.35135135135135137, 0.37537537537537535, 0.3633633633633634, 0.3783783783783784, 0.33633633633633636, 0.35735735735735735, 0.34234234234234234, 0.35435435435435436, 0.35435435435435436, 0.3813813813813814, 0.35435435435435436], "device_weighted_accuracy": 0.35535535535535534, "device_weighted_accuracy_var": 0.041416391366341294, "device_accuracy": 0.3553553553553553, "device_accuracy_var": 0.0003422842261681101, "device_accuracies": [0.3333333333333333, 0.36036036036036034, 0.3333333333333333, 0.36036036036036034, 0.3933933933933934, 0.37537537537537535, 0.3483483483483483, 0.3483483483483483, 0.30930930930930933, 0.33633633633633636, 0.36936936936936937, 0.3813813813813814, 0.36936936936936937, 0.33633633633633636, 0.35735735735735735, 0.3663663663663664, 0.36036036036036034, 0.3663663663663664, 0.37537537537537535, 0.3483483483483483, 0.3813813813813814, 0.34234234234234234, 0.36936936936936937, 0.33933933933933935, 0.36036036036036034, 0.34234234234234234, 0.3303303303303303, 0.35435435435435436, 0.33933933933933935, 0.37237237237237236], "total_loss": 27748.26986990174, "dead_devices": 0, "max_round_time": 52.15396084623217, "selected_devices": [6, 13, 18, 21, 23, 26, 28, 16, 4, 29, 19, 14, 2, 12, 0], "device_snapshot": [{"device_id": 0, "stat_util": 3610.680445667156, "device_util": 3.1303796898166905, "time_util": 0.29585981514484144, "overall_util": 3344.0445356425666, "drain": 174.63, "t_local": 50.699686919822426}, {"device_id": 1, "stat_util": 3991.7368136880814, "device_util": 3.3898357437789217, "time_util": 1.0, "overall_util": 13531.33213079804, "drain": 134.722, "t_local": 11.499686919822423}, {"device_id": 2, "stat_util": 3677.5107228176503, "device_util": 3.3898357437789217, "time_util": 1.0, "overall_util": 12466.15729633753, "drain": 134.722, "t_local": 11.499686919822423}, {"device_id": 3, "stat_util": 3967.2397246338514, "device_util": 2.607396691984713, "time_util": 0.49317345669824425, "overall_util": 5101.46895820136, "drain": 294.61, "t_local": 30.415262209008098}, {"device_id": 4, "stat_util": 3691.3351441552936, "device_util": 2.7333526091896787, "time_util": 0.37626743607898677, "overall_util": 3796.4332812254233, "drain": 259.744, "t_local": 39.865262209008094}, {"device_id": 5, "stat_util": 3945.558651882693, "device_util": 3.2990040383660912, "time_util": 1.0, "overall_util": 13016.413926171275, "drain": 147.532, "t_local": 17.795262209008094}, {"device_id": 6, "stat_util": 3717.2726879205397, "device_util": 2.358652422367983, "time_util": 0.34733378555637756, "overall_util": 3045.3372675220758, "drain": 377.812, "t_local": 43.186124194547354}, {"device_id": 7, "stat_util": 3896.7040173253445, "device_util": 2.607396691984713, "time_util": 1.0, "overall_util": 10160.253164417645, "drain": 294.61, "t_local": 29.126124194547355}, {"device_id": 8, "stat_util": 3894.295202002505, "device_util": 3.367971734033835, "time_util": 1.0, "overall_util": 13115.87616432802, "drain": 137.7, "t_local": 16.396124194547355}, {"device_id": 9, "stat_util": 3982.1308052434447, "device_util": 2.358652422367983, "time_util": 0.32903076993686325, "overall_util": 3090.409158098512, "drain": 377.812, "t_local": 45.58844147882675}, {"device_id": 10, "stat_util": 3919.0424837370656, "device_util": 3.367971734033835, "time_util": 1.0, "overall_util": 13199.224309704192, "drain": 137.7, "t_local": 18.798441478826746}, {"device_id": 11, "stat_util": 3955.176347753883, "device_util": 3.367971734033835, "time_util": 1.0, "overall_util": 13320.922142354255, "drain": 137.7, "t_local": 18.798441478826746}, {"device_id": 12, "stat_util": 3683.60514948834, "device_util": 3.2746970303611893, "time_util": 1.0, "overall_util": 12062.690844052651, "drain": 151.162, "t_local": 24.747789395318843}, {"device_id": 13, "stat_util": 3735.4528335747978, "device_util": 3.367971734033835, "time_util": 1.0, "overall_util": 12580.899557296514, "drain": 137.7, "t_local": 17.627789395318842}, {"device_id": 14, "stat_util": 3602.4649107627984, "device_util": 3.1303796898166905, "time_util": 0.28880705502941467, "overall_util": 3256.9011276437473, "drain": 174.63, "t_local": 51.937789395318845}, {"device_id": 15, "stat_util": 3848.524093641703, "device_util": 3.367971734033835, "time_util": 1.0, "overall_util": 12961.72036513344, "drain": 137.7, "t_local": 16.334837744156157}, {"device_id": 16, "stat_util": 3703.5794101487404, "device_util": 2.607396691984713, "time_util": 1.0, "overall_util": 9656.70070252452, "drain": 294.61, "t_local": 29.064837744156158}, {"device_id": 17, "stat_util": 3900.630760929287, "device_util": 3.3898357437789217, "time_util": 1.0, "overall_util": 13222.497576681671, "drain": 134.722, "t_local": 11.444837744156155}, {"device_id": 18, "stat_util": 3722.4090476280544, "device_util": 3.2990040383660912, "time_util": 1.0, "overall_util": 12280.242480575427, "drain": 147.532, "t_local": 19.83550293192405}, {"device_id": 19, "stat_util": 3729.182197274104, "device_util": 3.2990040383660912, "time_util": 1.0, "overall_util": 12302.587128610203, "drain": 147.532, "t_local": 19.83550293192405}, {"device_id": 20, "stat_util": 3945.635712352977, "device_util": 2.607396691984713, "time_util": 0.4621712389255759, "overall_util": 4754.742605165358, "drain": 294.61, "t_local": 32.45550293192405}, {"device_id": 21, "stat_util": 3670.1612677043954, "device_util": 3.2746970303611893, "time_util": 1.0, "overall_util": 12018.66620429824, "drain": 151.162, "t_local": 24.837734039012904}, {"device_id": 22, "stat_util": 3972.794021577177, "device_util": 2.358652422367983, "time_util": 0.33702007805771167, "overall_util": 3158.026501983384, "drain": 377.812, "t_local": 44.5077340390129}, {"device_id": 23, "stat_util": 3709.9468792995463, "device_util": 2.7333526091896787, "time_util": 0.3759612008374376, "overall_util": 3812.4695149000772, "drain": 259.744, "t_local": 39.8977340390129}, {"device_id": 24, "stat_util": 3963.614885821219, "device_util": 2.607396691984713, "time_util": 1.0, "overall_util": 10334.716341591613, "drain": 294.61, "t_local": 29.103022348347785}, {"device_id": 25, "stat_util": 3924.289488234514, "device_util": 3.2746970303611893, "time_util": 1.0, "overall_util": 12850.859133399194, "drain": 151.162, "t_local": 23.493022348347786}, {"device_id": 26, "stat_util": 3719.927440822174, "device_util": 2.358652422367983, "time_util": 0.347519686618381, "overall_util": 3049.1432452936906, "drain": 377.812, "t_local": 43.16302234834779}, {"device_id": 27, "stat_util": 3907.7269112279864, "device_util": 3.1303796898166905,