{"rnd": 4, "global_loss": 19.429625674088797, "global_accuracy": 0.3688688688688689, "global_accuracies": [3.996996996996997, 3.8318318318318316, 3.7327327327327327, 3.8978978978978978, 4.195195195195195, 3.6666666666666665, 3.765765765765766, 4.096096096096096, 3.930930930930931, 3.930930930930931, 3.996996996996997, 3.6336336336336337, 4.327327327327327, 4.162162162162162, 4.261261261261261, 3.963963963963964, 4.294294294294294, 4.327327327327327, 4.45945945945946, 4.36036036036036, 3.996996996996997, 3.930930930930931, 3.930930930930931, 4.1291291291291286, 4.195195195195195, 4.228228228228228, 3.7327327327327327, 4.756756756756757, 4.096096096096096, 3.8978978978978978], "global_examples": [11, 11, 11, 11, 11, 11, 11, 11, 11, 11, 11, 11, 11, 11, 11, 11, 11, 11, 11, 11, 11, 11, 11, 11, 11, 11, 11, 11, 11, 11], "user_loss": 19.384879171848297, "user_weighted_accuracy": 0.37027027027027026, "user_weighted_accuracy_var": 0.050277995713431126, "user_accuracy": 0.3702702702702702, "user_accuracy_var": 0.0004155206257308361, "user_accuracies": [0.35735735735735735, 0.36936936936936937, 0.3333333333333333, 0.36936936936936937, 0.3783783783783784, 0.37237237237237236, 0.34534534534534533, 0.3783783783783784, 0.35135135135135137, 0.3663663663663664, 0.35435435435435436, 0.34534534534534533, 0.3843843843843844, 0.37537537537537535, 0.38738738738738737, 0.35435435435435436, 0.36936936936936937, 0.37537537537537535, 0.3843843843843844, 0.4084084084084084, 0.34534534534534533, 0.37537537537537535, 0.34534534534534533, 0.4084084084084084, 0.37537537537537535, 0.39039039039039036, 0.37537537537537535, 0.42042042042042044, 0.36936936936936937, 0.34234234234234234], "device_weighted_accuracy": 0.3688688688688689, "device_weighted_accuracy_var": 0.06285810334859383, "device_accuracy": 0.3688688688688689, "device_accuracy_var": 0.0005194884574263955, "device_accuracies": [0.3633633633633634, 0.3483483483483483, 0.33933933933933935, 0.35435435435435436, 0.3813813813813814, 0.3333333333333333, 0.34234234234234234, 0.37237237237237236, 0.35735735735735735, 0.35735735735735735, 0.3633633633633634, 0.3303303303303303, 0.3933933933933934, 0.3783783783783784, 0.38738738738738737, 0.36036036036036034, 0.39039039039039036, 0.3933933933933934, 0.40540540540540543, 0.3963963963963964, 0.3633633633633634, 0.35735735735735735, 0.35735735735735735, 0.37537537537537535, 0.3813813813813814, 0.3843843843843844, 0.33933933933933935, 0.43243243243243246, 0.37237237237237236, 0.35435435435435436], "total_loss": 26550.81872737209, "dead_devices": 0, "max_round_time": 52.15396084623217, "selected_devices": [1, 9, 22, 3, 24, 11, 20, 5, 25, 10, 27, 17, 7, 8, 15], "device_snapshot": [{"device_id": 0, "stat_util": 3610.680445667156, "device_util": 3.1303796898166905, "time_util": 0.29585981514484144, "overall_util": 3344.0445356425666, "drain": 174.63, "t_local": 50.699686919822426}, {"device_id": 1, "stat_util": 3621.807958396543, "device_util": 2.984370635670757, "time_util": 1.0, "overall_util": 10808.8173190773, "drain": 202.08300000000003, "t_local": 11.499686919822423}, {"device_id": 2, "stat_util": 3677.5107228176503, "device_util": 3.3898357437789217, "time_util": 1.0, "overall_util": 12466.15729633753, "drain": 134.722, "t_local": 11.499686919822423}, {"device_id": 3, "stat_util": 3598.774516656522, "device_util": 2.201931583876549, "time_util": 0.49317345669824425, "overall_util": 3908.0323639931307, "drain": 441.915, "t_local": 30.415262209008098}, {"device_id": 4, "stat_util": 3691.3351441552936, "device_util": 2.7333526091896787, "time_util": 0.37626743607898677, "overall_util": 3796.4332812254233, "drain": 259.744, "t_local": 39.865262209008094}, {"device_id": 5, "stat_util": 3598.4931444875338, "device_util": 2.893538930257927, "time_util": 1.0, "overall_util": 10412.380003840943, "drain": 221.298, "t_local": 17.795262209008094}, {"device_id": 6, "stat_util": 3717.2726879205397, "device_util": 2.358652422367983, "time_util": 0.34733378555637756, "overall_util": 3045.3372675220758, "drain": 377.812, "t_local": 43.186124194547354}, {"device_id": 7, "stat_util": 3628.356949328382, "device_util": 2.201931583876549, "time_util": 1.0, "overall_util": 7989.393764304128, "drain": 441.915, "t_local": 29.126124194547355}, {"device_id": 8, "stat_util": 3586.679642652333, "device_util": 2.9625066259256707, "time_util": 1.0, "overall_util": 10625.562206430253, "drain": 206.54999999999998, "t_local": 16.396124194547355}, {"device_id": 9, "stat_util": 3732.9643837186195, "device_util": 1.9531873142598186, "time_util": 0.32903076993686325, "overall_util": 2399.022134453511, "drain": 566.7180000000001, "t_local": 45.58844147882675}, {"device_id": 10, "stat_util": 3526.6478396411335, "device_util": 2.9625066259256707, "time_util": 1.0, "overall_util": 10447.71759224331, "drain": 206.54999999999998, "t_local": 18.798441478826746}, {"device_id": 11, "stat_util": 3565.5613611034146, "device_util": 2.9625066259256707, "time_util": 1.0, "overall_util": 10562.999157413418, "drain": 206.54999999999998, "t_local": 18.798441478826746}, {"device_id": 12, "stat_util": 3683.60514948834, "device_util": 3.2746970303611893, "time_util": 1.0, "overall_util": 12062.690844052651, "drain": 151.162, "t_local": 24.747789395318843}, {"device_id": 13, "stat_util": 3735.4528335747978, "device_util": 3.367971734033835, "time_util": 1.0, "overall_util": 12580.899557296514, "drain": 137.7, "t_local": 17.627789395318842}, {"device_id": 14, "stat_util": 3602.4649107627984, "device_util": 3.1303796898166905, "time_util": 0.28880705502941467, "overall_util": 3256.9011276437473, "drain": 174.63, "t_local": 51.937789395318845}, {"device_id": 15, "stat_util": 3529.2317919230613, "device_util": 2.9625066259256707, "time_util": 1.0, "overall_util": 10455.372567999597, "drain": 206.54999999999998, "t_local": 16.334837744156157}, {"device_id": 16, "stat_util": 3703.5794101487404, "device_util": 2.607396691984713, "time_util": 1.0, "overall_util": 9656.70070252452, "drain": 294.61, "t_local": 29.064837744156158}, {"device_id": 17, "stat_util": 3518.659806869032, "device_util": 2.984370635670757, "time_util": 1.0, "overall_util": 10500.985004534876, "drain": 202.08300000000003, "t_local": 11.444837744156155}, {"device_id": 18, "stat_util": 3722.4090476280544, "device_util": 3.2990040383660912, "time_util": 1.0, "overall_util": 12280.242480575427, "drain": 147.532, "t_local": 19.83550293192405}, {"device_id": 19, "stat_util": 3729.182197274104, "device_util": 3.2990040383660912, "time_util": 1.0, "overall_util": 12302.587128610203, "drain": 147.532, "t_local": 19.83550293192405}, {"device_id": 20, "stat_util": 3652.7814690708947, "device_util": 2.201931583876549, "time_util": 0.4621712389255759, "overall_util": 3717.3241018403905, "drain": 441.915, "t_local": 32.45550293192405}, {"device_id": 21, "stat_util": 3670.1612677043954, "device_util": 3.2746970303611893, "time_util": 1.0, "overall_util": 12018.66620429824, "drain": 151.162, "t_local": 24.837734039012904}, {"device_id": 22, "stat_util": 3637.966205292895, "device_util": 1.9531873142598186, "time_util": 0.33702007805771167, "overall_util": 2394.739789152925, "drain": 566.7180000000001, "t_local": 44.5077340390129}, {"device_id": 23, "stat_util": 3709.9468792995463, "device_util": 2.7333526091896787, "time_util": 0.3759612008374376, "overall_util": 3812.4695149000772, "drain": 259.744, "t_local": 39.8977340390129}, {"device_id": 24, "stat_util": 3628.440502234847, "device_util": 2.201931583876549, "time_util": 1.0, "overall_util": 7989.577742087798, "drain": 441.915, "t_local": 29.103022348347785}, {"device_id": 25, "stat_util": 3606.841550426552, "device_util": 2.869231922253025, "time_util": 1.0, "overall_util": 10348.864914992459, "drain": 226.743, "t_local": 23.493022348347786}, {"device_id": 26, "stat_util": 3719.927440822174, "device_util": 2.358652422367983, "time_util": 0.347519686618381, "overall_util": 3049.1432452936906, "drain": 377.812,