{"rnd": 5, "global_loss": 19.047291163603465, "global_accuracy": 0.3784784784784784, "global_accuracies": [3.8318318318318316, 4.78978978978979, 4.096096096096096, 4.195195195195195, 3.798798798798799, 4.294294294294294, 4.03003003003003, 3.8978978978978978, 4.162162162162162, 3.864864864864865, 4.1291291291291286, 4.03003003003003, 4.096096096096096, 3.864864864864865, 4.03003003003003, 4.558558558558558, 4.03003003003003, 4.45945945945946, 4.096096096096096, 3.765765765765766, 4.294294294294294, 4.4924924924924925, 4.162162162162162, 4.1291291291291286, 4.558558558558558, 3.8978978978978978, 4.228228228228228, 4.327327327327327, 4.393393393393393, 4.393393393393393], "global_examples": [11, 11, 11, 11, 11, 11, 11, 11, 11, 11, 11, 11, 11, 11, 11, 11, 11, 11, 11, 11, 11, 11, 11, 11, 11, 11, 11, 11, 11, 11], "user_loss": 19.087994937102, "user_weighted_accuracy": 0.38358358358358363, "user_weighted_accuracy_var": 0.06604798993187377, "user_accuracy": 0.3835835835835835, "user_accuracy_var": 0.000545851156461767, "user_accuracies": [0.35735735735735735, 0.43243243243243246, 0.3843843843843844, 0.4084084084084084, 0.34534534534534533, 0.4024024024024024, 0.37237237237237236, 0.34534534534534533, 0.3993993993993994, 0.39039039039039036, 0.3663663663663664, 0.3933933933933934, 0.3663663663663664, 0.3333333333333333, 0.35135135135135137, 0.3933933933933934, 0.3843843843843844, 0.4144144144144144, 0.3993993993993994, 0.35435435435435436, 0.3783783783783784, 0.38738738738738737, 0.3813813813813814, 0.39039039039039036, 0.4144144144144144, 0.3663663663663664, 0.38738738738738737, 0.3933933933933934, 0.4024024024024024, 0.4114114114114114], "device_weighted_accuracy": 0.3784784784784784, "device_weighted_accuracy_var": 0.06266896526155784, "device_accuracy": 0.37847847847847854, "device_accuracy_var": 0.0005179253327401475, "device_accuracies": [0.3483483483483483, 0.43543543543543545, 0.37237237237237236, 0.3813813813813814, 0.34534534534534533, 0.39039039039039036, 0.3663663663663664, 0.35435435435435436, 0.3783783783783784, 0.35135135135135137, 0.37537537537537535, 0.3663663663663664, 0.37237237237237236, 0.35135135135135137, 0.3663663663663664, 0.4144144144144144, 0.3663663663663664, 0.40540540540540543, 0.37237237237237236, 0.34234234234234234, 0.39039039039039036, 0.4084084084084084, 0.3783783783783784, 0.37537537537537535, 0.4144144144144144, 0.35435435435435436, 0.3843843843843844, 0.3933933933933934, 0.3993993993993994, 0.3993993993993994], "total_loss": 25893.431566101313, "dead_devices": 0, "max_round_time": 52.15396084623217, "selected_devices": [13, 9, 19, 18, 26, 6, 23, 16, 4, 28, 12, 2, 21, 29, 20], "device_snapshot": [{"device_id": 0, "stat_util": 3610.680445667156, "device_util": 3.1303796898166905, "time_util": 0.29585981514484144, "overall_util": 3344.0445356425666, "drain": 174.63, "t_local": 50.699686919822426}, {"device_id": 1, "stat_util": 3621.807958396543, "device_util": 2.984370635670757, "time_util": 1.0, "overall_util": 10808.8173190773, "drain": 202.08300000000003, "t_local": 11.499686919822423}, {"device_id": 2, "stat_util": 3537.8407050196192, "device_util": 2.984370635670757, "time_util": 1.0, "overall_util": 10558.22791374128, "drain": 202.08300000000003, "t_local": 11.499686919822423}, {"device_id": 3, "stat_util": 3598.774516656522, "device_util": 2.201931583876549, "time_util": 0.49317345669824425, "overall_util": 3908.0323639931307, "drain": 441.915, "t_local": 30.415262209008098}, {"device_id": 4, "stat_util": 3531.471494080361, "device_util": 2.3278875010815145, "time_util": 0.37626743607898677, "overall_util": 3093.245056960036, "drain": 389.61600000000004, "t_local": 39.865262209008094}, {"device_id": 5, "stat_util": 3598.4931444875338, "device_util": 2.893538930257927, "time_util": 1.0, "overall_util": 10412.380003840943, "drain": 221.298, "t_local": 17.795262209008094}, {"device_id": 6, "stat_util": 3593.273005362949, "device_util": 1.9531873142598186, "time_util": 0.34733378555637756, "overall_util": 2437.704950945781, "drain": 566.7180000000001, "t_local": 43.186124194547354}, {"device_id": 7, "stat_util": 3628.356949328382, "device_util": 2.201931583876549, "time_util": 1.0, "overall_util": 7989.393764304128, "drain": 441.915, "t_local": 29.126124194547355}, {"device_id": 8, "stat_util": 3586.679642652333, "device_util": 2.9625066259256707, "time_util": 1.0, "overall_util": 10625.562206430253, "drain": 206.54999999999998, "t_local": 16.396124194547355}, {"device_id": 9, "stat_util": 3539.5904100612897, "device_util": 1.6655052418080376, "time_util": 0.32903076993686325, "overall_util": 1939.7042947438315, "drain": 755.624, "t_local": 45.58844147882675}, {"device_id": 10, "stat_util": 3526.6478396411335, "device_util": 2.9625066259256707, "time_util": 1.0, "overall_util": 10447.71759224331, "drain": 206.54999999999998, "t_local": 18.798441478826746}, {"device_id": 11, "stat_util": 3565.5613611034146, "device_util": 2.9625066259256707, "time_util": 1.0, "overall_util": 10562.999157413418, "drain": 206.54999999999998, "t_local": 18.798441478826746}, {"device_id": 12, "stat_util": 3527.8250916316147, "device_util": 2.869231922253025, "time_util": 1.0, "overall_util": 10122.148369034632, "drain": 226.743, "t_local": 24.747789395318843}, {"device_id": 13, "stat_util": 3553.921231006718, "device_util": 2.9625066259256707, "time_util": 1.0, "overall_util": 10528.515194875317, "drain": 206.54999999999998, "t_local": 17.627789395318842}, {"device_id": 14, "stat_util": 3602.4649107627984, "device_util": 3.1303796898166905, "time_util": 0.28880705502941467, "overall_util": 3256.9011276437473, "drain": 174.63, "t_local": 51.937789395318845}, {"device_id": 15, "stat_util": 3529.2317919230613, "device_util": 2.9625066259256707, "time_util": 1.0, "overall_util": 10455.372567999597, "drain": 206.54999999999998, "t_local": 16.334837744156157}, {"device_id": 16, "stat_util": 3458.0209250589182, "device_util": 2.201931583876549, "time_util": 1.0, "overall_util": 7614.325492593233, "drain": 441.915, "t_local": 29.064837744156158}, {"device_id": 17, "stat_util": 3518.659806869032, "device_util": 2.984370635670757, "time_util": 1.0, "overall_util": 10500.985004534876, "drain": 202.08300000000003, "t_local": 11.444837744156155}, {"device_id": 18, "stat_util": 3491.4956621761944, "device_util": 2.893538930257927, "time_util": 1.0, "overall_util": 10102.7786233335, "drain": 221.298, "t_local": 19.83550293192405}, {"device_id": 19, "stat_util": 3538.12653493469, "device_util": 2.893538930257927, "time_util": 1.0, "overall_util": 10237.706869012109, "drain": 221.298, "t_local": 19.83550293192405}, {"device_id": 20, "stat_util": 3552.059255679462, "device_util": 1.914249511424768, "time_util": 0.4621712389255759, "overall_util": 3142.5461387850105, "drain": 589.22, "t_local": 32.45550293192405}, {"device_id": 21, "stat_util": 3447.9509256933547, "device_util": 2.869231922253025, "time_util": 1.0, "overall_util": 9892.970862361242, "drain": 226.743, "t_local": 24.837734039012904}, {"device_id": 22, "stat_util": 3637.966205292895, "device_util": 1.9531873142598186, "time_util": 0.33702007805771167, "overall_util": 2394.739789152925, "drain": 566.7180000000001, "t_local": 44.5077340390129}, {"device_id": 23, "stat_util": 3501.8004324080357, "device_util": 2.3278875010815145, "time_util": 0.3759612008374376, "overall_util": 3064.7595612498317, "drain": 389.61600000000004, "t_local": 39.8977340390129}, {"device_id": 24, "stat_util": 3628.440502234847, "device_util": 2.201931583876549, "time_util": 1.0, "overall_util": 7989.577742087798, "drain": 441.915, "t_local": 29.103022348347785}, {"device_id": 25, "stat_util": 3606.841550426552, "device_util": 2.869231922253025, "time_util": 1.0, "overall_util": 10348.864914992459, "drain": 226.743, "t_local": 23.493022348347786}, {"device_id": 26, "stat_util": 3562.4282325555923, "device_util": 1.9531873142598186, "time_util": 0.347519686618381, "overall_util": 2418.073128301784,