{"rnd": 6, "global_loss": 18.78158946832021, "global_accuracy": 0.3878878878878879, "global_accuracies": [4.327327327327327, 4.558558558558558, 4.03003003003003, 4.426426426426426, 4.36036036036036, 3.8978978978978978, 4.294294294294294, 3.6996996996997, 4.327327327327327, 4.096096096096096, 4.063063063063063, 4.558558558558558, 3.963963963963964, 4.063063063063063, 4.261261261261261, 4.756756756756757, 4.822822822822823, 4.063063063063063, 4.03003003003003, 4.558558558558558, 4.1291291291291286, 4.096096096096096, 4.1291291291291286, 4.525525525525525, 4.525525525525525, 4.4924924924924925, 4.393393393393393, 4.558558558558558, 4.393393393393393, 3.600600600600601], "global_examples": [11, 11, 11, 11, 11, 11, 11, 11, 11, 11, 11, 11, 11, 11, 11, 11, 11, 11, 11, 11, 11, 11, 11, 11, 11, 11, 11, 11, 11, 11], "user_loss": 18.75507284005483, "user_weighted_accuracy": 0.38918918918918916, "user_weighted_accuracy_var": 0.05794900005110213, "user_accuracy": 0.38918918918918916, "user_accuracy_var": 0.0004789173557942327, "user_accuracies": [0.3933933933933934, 0.4144144144144144, 0.38738738738738737, 0.3963963963963964, 0.3963963963963964, 0.3633633633633634, 0.35435435435435436, 0.3783783783783784, 0.4144144144144144, 0.3933933933933934, 0.35735735735735735, 0.42342342342342343, 0.3963963963963964, 0.37537537537537535, 0.38738738738738737, 0.3933933933933934, 0.4294294294294294, 0.36936936936936937, 0.34234234234234234, 0.3843843843843844, 0.39039039039039036, 0.37537537537537535, 0.3783783783783784, 0.38738738738738737, 0.4114114114114114, 0.40540540540540543, 0.40540540540540543, 0.42342342342342343, 0.3993993993993994, 0.3483483483483483], "device_weighted_accuracy": 0.3878878878878879, "device_weighted_accuracy_var": 0.08249936623309995, "device_accuracy": 0.38788788788788786, "device_accuracy_var": 0.0006818129440752061, "device_accuracies": [0.3933933933933934, 0.4144144144144144, 0.3663663663663664, 0.4024024024024024, 0.3963963963963964, 0.35435435435435436, 0.39039039039039036, 0.33633633633633636, 0.3933933933933934, 0.37237237237237236, 0.36936936936936937, 0.4144144144144144, 0.36036036036036034, 0.36936936936936937, 0.38738738738738737, 0.43243243243243246, 0.43843843843843844, 0.36936936936936937, 0.3663663663663664, 0.4144144144144144, 0.37537537537537535, 0.37237237237237236, 0.37537537537537535, 0.4114114114114114, 0.4114114114114114, 0.4084084084084084, 0.3993993993993994, 0.4144144144144144, 0.3993993993993994, 0.32732732732732733], "total_loss": 25335.83246054252, "dead_devices": 0, "max_round_time": 52.15396084623217, "selected_devices": [27, 22, 24, 7, 1, 0, 25, 14, 3, 5, 6, 8, 11, 26, 13], "device_snapshot": [{"device_id": 0, "stat_util": 3369.262928105597, "device_util": 2.724914581708526, "time_util": 0.29585981514484144, "overall_util": 2716.275259329667, "drain": 261.945, "t_local": 50.699686919822426}, {"device_id": 1, "stat_util": 3458.535603152028, "device_util": 2.6966885632189763, "time_util": 1.0, "overall_util": 9326.593406505719, "drain": 269.444, "t_local": 11.499686919822423}, {"device_id": 2, "stat_util": 3537.8407050196192, "device_util": 2.984370635670757, "time_util": 1.0, "overall_util": 10558.22791374128, "drain": 202.08300000000003, "t_local": 11.499686919822423}, {"device_id": 3, "stat_util": 3392.2519351472297, "device_util": 1.914249511424768, "time_util": 0.49317345669824425, "overall_util": 3202.479349773002, "drain": 589.22, "t_local": 30.415262209008098}, {"device_id": 4, "stat_util": 3531.471494080361, "device_util": 2.3278875010815145, "time_util": 0.37626743607898677, "overall_util": 3093.245056960036, "drain": 389.61600000000004, "t_local": 39.865262209008094}, {"device_id": 5, "stat_util": 3545.4515403542823, "device_util": 2.6058568578061463, "time_util": 1.0, "overall_util": 9238.939210451572, "drain": 295.064, "t_local": 17.795262209008094}, {"device_id": 6, "stat_util": 3470.4623286134297, "device_util": 1.6655052418080376, "time_util": 0.34733378555637756, "overall_util": 2007.6147052805386, "drain": 755.624, "t_local": 43.186124194547354}, {"device_id": 7, "stat_util": 3459.803816074001, "device_util": 1.914249511424768, "time_util": 1.0, "overall_util": 6622.927764545205, "drain": 589.22, "t_local": 29.126124194547355}, {"device_id": 8, "stat_util": 3387.155968529323, "device_util": 2.67482455347389, "time_util": 1.0, "overall_util": 9060.047951067869, "drain": 275.4, "t_local": 16.396124194547355}, {"device_id": 9, "stat_util": 3539.5904100612897, "device_util": 1.6655052418080376, "time_util": 0.32903076993686325, "overall_util": 1939.7042947438315, "drain": 755.624, "t_local": 45.58844147882675}, {"device_id": 10, "stat_util": 3526.6478396411335, "device_util": 2.9625066259256707, "time_util": 1.0, "overall_util": 10447.71759224331, "drain": 206.54999999999998, "t_local": 18.798441478826746}, {"device_id": 11, "stat_util": 3433.7361571531333, "device_util": 2.67482455347389, "time_util": 1.0, "overall_util": 9184.64178330428, "drain": 275.4, "t_local": 18.798441478826746}, {"device_id": 12, "stat_util": 3527.8250916316147, "device_util": 2.869231922253025, "time_util": 1.0, "overall_util": 10122.148369034632, "drain": 226.743, "t_local": 24.747789395318843}, {"device_id": 13, "stat_util": 3426.977237753847, "device_util": 2.67482455347389, "time_util": 1.0, "overall_util": 9166.56285974012, "drain": 275.4, "t_local": 17.627789395318842}, {"device_id": 14, "stat_util": 3355.5809489605367, "device_util": 2.724914581708526, "time_util": 0.28880705502941467, "overall_util": 2640.7568259200934, "drain": 261.945, "t_local": 51.937789395318845}, {"device_id": 15, "stat_util": 3529.2317919230613, "device_util": 2.9625066259256707, "time_util": 1.0, "overall_util": 10455.372567999597, "drain": 206.54999999999998, "t_local": 16.334837744156157}, {"device_id": 16, "stat_util": 3458.0209250589182, "device_util": 2.201931583876549, "time_util": 1.0, "overall_util": 7614.325492593233, "drain": 441.915, "t_local": 29.064837744156158}, {"device_id": 17, "stat_util": 3518.659806869032, "device_util": 2.984370635670757, "time_util": 1.0, "overall_util": 10500.985004534876, "drain": 202.08300000000003, "t_local": 11.444837744156155}, {"device_id": 18, "stat_util": 3491.4956621761944, "device_util": 2.893538930257927, "time_util": 1.0, "overall_util": 10102.7786233335, "drain": 221.298, "t_local": 19.83550293192405}, {"device_id": 19, "stat_util": 3538.12653493469, "device_util": 2.893538930257927, "time_util": 1.0, "overall_util": 10237.706869012109, "drain": 221.298, "t_local": 19.83550293192405}, {"device_id": 20, "stat_util": 3552.059255679462, "device_util": 1.914249511424768, "time_util": 0.4621712389255759, "overall_util": 3142.5461387850105, "drain": 589.22, "t_local": 32.45550293192405}, {"device_id": 21, "stat_util": 3447.9509256933547, "device_util": 2.869231922253025, "time_util": 1.0, "overall_util": 9892.970862361242, "drain": 226.743, "t_local": 24.837734039012904}, {"device_id": 22, "stat_util": 3484.627243557855, "device_util": 1.6655052418080376, "time_util": 0.33702007805771167, "overall_util": 1955.9516110634422, "drain": 755.624, "t_local": 44.5077340390129}, {"device_id": 23, "stat_util": 3501.8004324080357, "device_util": 2.3278875010815145, "time_util": 0.3759612008374376, "overall_util": 3064.7595612498317, "drain": 389.61600000000004, "t_local": 39.8977340390129}, {"device_id": 24, "stat_util": 3501.6409741485922, "device_util": 1.914249511424768, "time_util": 1.0, "overall_util": 6703.014523948891, "drain": 589.22, "t_local": 29.103022348347785}, {"device_id": 25, "stat_util": 3473.431660919955, "device_util": 2.581549849801244, "time_util": 1.0, "overall_util": 8966.836982542794, "drain": 302.324, "t_local": 23.493022348347786}, {"device_id": 26, "stat_util": 3487.628298197421, "device_util": 1.6655052418080376, "time_util": 0.347519686618381, "overall_util": 2018.6248191496938, "drain": 755.624, "t_local": 43.16302234834779}, {"device_id": 27, "stat_util": 3498.7950584455357,