{"rnd": 7, "global_loss": 18.737573842207592, "global_accuracy": 0.38908908908908907, "global_accuracies": [4.426426426426426, 4.162162162162162, 4.393393393393393, 4.063063063063063, 4.624624624624625, 3.600600600600601, 4.063063063063063, 4.327327327327327, 3.864864864864865, 3.5015015015015014, 4.36036036036036, 4.162162162162162, 4.657657657657658, 4.228228228228228, 4.393393393393393, 4.096096096096096, 4.162162162162162, 4.723723723723723, 4.327327327327327, 4.36036036036036, 4.36036036036036, 4.756756756756757, 4.6906906906906904, 3.6336336336336337, 4.195195195195195, 4.591591591591591, 4.756756756756757, 4.195195195195195, 4.195195195195195, 4.525525525525525], "global_examples": [11, 11, 11, 11, 11, 11, 11, 11, 11, 11, 11, 11, 11, 11, 11, 11, 11, 11, 11, 11, 11, 11, 11, 11, 11, 11, 11, 11, 11, 11], "user_loss": 18.741650176048278, "user_weighted_accuracy": 0.39009009009009005, "user_weighted_accuracy_var": 0.11336282228174116, "user_accuracy": 0.3900900900900901, "user_accuracy_var": 0.0009368828287747205, "user_accuracies": [0.4294294294294294, 0.3483483483483483, 0.3633633633633634, 0.36036036036036034, 0.47147147147147145, 0.37537537537537535, 0.4144144144144144, 0.37537537537537535, 0.38738738738738737, 0.3633633633633634, 0.3843843843843844, 0.3963963963963964, 0.4144144144144144, 0.36936936936936937, 0.36036036036036034, 0.3633633633633634, 0.3813813813813814, 0.4294294294294294, 0.37537537537537535, 0.36936936936936937, 0.39039039039039036, 0.43543543543543545, 0.42342342342342343, 0.36036036036036034, 0.4024024024024024, 0.43843843843843844, 0.42342342342342343, 0.36036036036036034, 0.3813813813813814, 0.35435435435435436], "device_weighted_accuracy": 0.38908908908908907, "device_weighted_accuracy_var": 0.1053850747644541, "device_accuracy": 0.38908908908908896, "device_accuracy_var": 0.0008709510311111913, "device_accuracies": [0.4024024024024024, 0.3783783783783784, 0.3993993993993994, 0.36936936936936937, 0.42042042042042044, 0.32732732732732733, 0.36936936936936937, 0.3933933933933934, 0.35135135135135137, 0.3183183183183183, 0.3963963963963964, 0.3783783783783784, 0.42342342342342343, 0.3843843843843844, 0.3993993993993994, 0.37237237237237236, 0.3783783783783784, 0.4294294294294294, 0.3933933933933934, 0.3963963963963964, 0.3963963963963964, 0.43243243243243246, 0.4264264264264264, 0.3303303303303303, 0.3813813813813814, 0.4174174174174174, 0.43243243243243246, 0.3813813813813814, 0.3813813813813814, 0.4114114114114114], "total_loss": 24909.679909857114, "dead_devices": 0, "max_round_time": 52.15396084623217, "selected_devices": [20, 5, 9, 19, 2, 4, 15, 12, 10, 17, 23, 24, 27, 18, 26], "device_snapshot": [{"device_id": 0, "stat_util": 3369.262928105597, "device_util": 2.724914581708526, "time_util": 0.29585981514484144, "overall_util": 2716.275259329667, "drain": 261.945, "t_local": 50.699686919822426}, {"device_id": 1, "stat_util": 3458.535603152028, "device_util": 2.6966885632189763, "time_util": 1.0, "overall_util": 9326.593406505719, "drain": 269.444, "t_local": 11.499686919822423}, {"device_id": 2, "stat_util": 3387.9061725240645, "device_util": 2.6966885632189763, "time_util": 1.0, "overall_util": 9136.12782870462, "drain": 269.444, "t_local": 11.499686919822423}, {"device_id": 3, "stat_util": 3392.2519351472297, "device_util": 1.914249511424768, "time_util": 0.49317345669824425, "overall_util": 3202.479349773002, "drain": 589.22, "t_local": 30.415262209008098}, {"device_id": 4, "stat_util": 3341.1935645850203, "device_util": 2.0402054286297338, "time_util": 0.37626743607898677, "overall_util": 2564.910226664241, "drain": 519.488, "t_local": 39.865262209008094}, {"device_id": 5, "stat_util": 3525.4282032637834, "device_util": 2.382713306491936, "time_util": 1.0, "overall_util": 8400.084690998576, "drain": 368.83000000000004, "t_local": 17.795262209008094}, {"device_id": 6, "stat_util": 3470.4623286134297, "device_util": 1.6655052418080376, "time_util": 0.34733378555637756, "overall_util": 2007.6147052805386, "drain": 755.624, "t_local": 43.186124194547354}, {"device_id": 7, "stat_util": 3459.803816074001, "device_util": 1.914249511424768, "time_util": 1.0, "overall_util": 6622.927764545205, "drain": 589.22, "t_local": 29.126124194547355}, {"device_id": 8, "stat_util": 3387.155968529323, "device_util": 2.67482455347389, "time_util": 1.0, "overall_util": 9060.047951067869, "drain": 275.4, "t_local": 16.396124194547355}, {"device_id": 9, "stat_util": 3455.98810519195, "device_util": 1.4423616904938281, "time_util": 0.32903076993686325, "overall_util": 1640.1475957605523, "drain": 944.53, "t_local": 45.58844147882675}, {"device_id": 10, "stat_util": 3356.861329233832, "device_util": 2.67482455347389, "time_util": 1.0, "overall_util": 8979.015106041652, "drain": 275.4, "t_local": 18.798441478826746}, {"device_id": 11, "stat_util": 3433.7361571531333, "device_util": 2.67482455347389, "time_util": 1.0, "overall_util": 9184.64178330428, "drain": 275.4, "t_local": 18.798441478826746}, {"device_id": 12, "stat_util": 3390.5905401686764, "device_util": 2.581549849801244, "time_util": 1.0, "overall_util": 8752.978499709965, "drain": 302.324, "t_local": 24.747789395318843}, {"device_id": 13, "stat_util": 3426.977237753847, "device_util": 2.67482455347389, "time_util": 1.0, "overall_util": 9166.56285974012, "drain": 275.4, "t_local": 17.627789395318842}, {"device_id": 14, "stat_util": 3355.5809489605367, "device_util": 2.724914581708526, "time_util": 0.28880705502941467, "overall_util": 2640.7568259200934, "drain": 261.945, "t_local": 51.937789395318845}, {"device_id": 15, "stat_util": 3325.684443278186, "device_util": 2.67482455347389, "time_util": 1.0, "overall_util": 8895.622405986636, "drain": 275.4, "t_local": 16.334837744156157}, {"device_id": 16, "stat_util": 3458.0209250589182, "device_util": 2.201931583876549, "time_util": 1.0, "overall_util": 7614.325492593233, "drain": 441.915, "t_local": 29.064837744156158}, {"device_id": 17, "stat_util": 3349.668090935143, "device_util": 2.6966885632189763, "time_util": 1.0, "overall_util": 9033.011631404343, "drain": 269.444, "t_local": 11.444837744156155}, {"device_id": 18, "stat_util": 3335.2323474131153, "device_util": 2.6058568578061463, "time_util": 1.0, "overall_util": 8691.138084883358, "drain": 295.064, "t_local": 19.83550293192405}, {"device_id": 19, "stat_util": 3439.5824609817882, "device_util": 2.6058568578061463, "time_util": 1.0, "overall_util": 8963.059543939135, "drain": 295.064, "t_local": 19.83550293192405}, {"device_id": 20, "stat_util": 3484.6474559410444, "device_util": 1.6911059601105582, "time_util": 0.4621712389255759, "overall_util": 2723.532628959624, "drain": 736.5250000000001, "t_local": 32.45550293192405}, {"device_id": 21, "stat_util": 3447.9509256933547, "device_util": 2.869231922253025, "time_util": 1.0, "overall_util": 9892.970862361242, "drain": 226.743, "t_local": 24.837734039012904}, {"device_id": 22, "stat_util": 3484.627243557855, "device_util": 1.6655052418080376, "time_util": 0.33702007805771167, "overall_util": 1955.9516110634422, "drain": 755.624, "t_local": 44.5077340390129}, {"device_id": 23, "stat_util": 3442.58606538442, "device_util": 2.0402054286297338, "time_util": 0.3759612008374376, "overall_util": 2640.594615819993, "drain": 519.488, "t_local": 39.8977340390129}, {"device_id": 24, "stat_util": 3435.120033680497, "device_util": 1.6911059601105582, "time_util": 1.0, "overall_util": 5809.1519626522695, "drain": 736.5250000000001, "t_local": 29.103022348347785}, {"device_id": 25, "stat_util": 3473.431660919955, "device_util": 2.581549849801244, "time_util": 1.0, "overall_util": 8966.836982542794, "drain": 302.324, "t_local": 23.493022348347786}, {"device_id": 26, "stat_util": 3416.26279054653, "device_util": 1.4423616904938281, "time_util": 0.347519686618381, "overall_util": 1712.3985899237448, "drain": 944.53, "t_local": 43.16302234834779}, {"device_id": 27, "stat_util": 3385.416651732684, "device_util": 2.2140889579425354,