{"rnd": 8, "global_loss": 18.34141492843628, "global_accuracy": 0.40750750750750747, "global_accuracies": [4.6906906906906904, 4.921921921921922, 3.8978978978978978, 4.4924924924924925, 4.624624624624625, 3.996996996996997, 4.4924924924924925, 4.657657657657658, 5.021021021021021, 4.525525525525525, 4.228228228228228, 4.624624624624625, 4.558558558558558, 4.393393393393393, 4.426426426426426, 4.756756756756757, 4.426426426426426, 4.426426426426426, 4.327327327327327, 4.822822822822823, 4.195195195195195, 4.888888888888888, 4.4924924924924925, 4.096096096096096, 4.4924924924924925, 4.45945945945946, 3.996996996996997, 4.954954954954955, 4.327327327327327, 4.261261261261261], "global_examples": [11, 11, 11, 11, 11, 11, 11, 11, 11, 11, 11, 11, 11, 11, 11, 11, 11, 11, 11, 11, 11, 11, 11, 11, 11, 11, 11, 11, 11, 11], "user_loss": 18.384447193145753, "user_weighted_accuracy": 0.4101101101101101, "user_weighted_accuracy_var": 0.06879412946480015, "user_accuracy": 0.4101101101101101, "user_accuracy_var": 0.0005685465245024804, "user_accuracies": [0.4444444444444444, 0.4594594594594595, 0.40540540540540543, 0.42342342342342343, 0.39039039039039036, 0.38738738738738737, 0.3993993993993994, 0.44144144144144143, 0.4264264264264264, 0.3963963963963964, 0.42342342342342343, 0.45645645645645644, 0.4264264264264264, 0.4144144144144144, 0.40540540540540543, 0.4174174174174174, 0.36036036036036034, 0.40540540540540543, 0.3813813813813814, 0.4174174174174174, 0.3663663663663664, 0.42342342342342343, 0.4114114114114114, 0.3993993993993994, 0.42042042042042044, 0.4084084084084084, 0.37537537537537535, 0.42342342342342343, 0.3783783783783784, 0.4144144144144144], "device_weighted_accuracy": 0.40750750750750747, "device_weighted_accuracy_var": 0.08032185338491643, "device_accuracy": 0.4075075075075075, "device_accuracy_var": 0.0006638169701232763, "device_accuracies": [0.4264264264264264, 0.44744744744744747, 0.35435435435435436, 0.4084084084084084, 0.42042042042042044, 0.3633633633633634, 0.4084084084084084, 0.42342342342342343, 0.45645645645645644, 0.4114114114114114, 0.3843843843843844, 0.42042042042042044, 0.4144144144144144, 0.3993993993993994, 0.4024024024024024, 0.43243243243243246, 0.4024024024024024, 0.4024024024024024, 0.3933933933933934, 0.43843843843843844, 0.3813813813813814, 0.4444444444444444, 0.4084084084084084, 0.37237237237237236, 0.4084084084084084, 0.40540540540540543, 0.3633633633633634, 0.45045045045045046, 0.3933933933933934, 0.38738738738738737], "total_loss": 24599.641979466876, "dead_devices": 0, "max_round_time": 52.15396084623217, "selected_devices": [5, 20, 22, 29, 28, 25, 6, 7, 1, 16, 9, 21, 23, 19, 24], "device_snapshot": [{"device_id": 0, "stat_util": 3369.262928105597, "device_util": 2.724914581708526, "time_util": 0.29585981514484144, "overall_util": 2716.275259329667, "drain": 261.945, "t_local": 50.699686919822426}, {"device_id": 1, "stat_util": 3390.372269862363, "device_util": 2.4735450119047666, "time_util": 1.0, "overall_util": 8386.23841661829, "drain": 336.805, "t_local": 11.499686919822423}, {"device_id": 2, "stat_util": 3387.9061725240645, "device_util": 2.6966885632189763, "time_util": 1.0, "overall_util": 9136.12782870462, "drain": 269.444, "t_local": 11.499686919822423}, {"device_id": 3, "stat_util": 3392.2519351472297, "device_util": 1.914249511424768, "time_util": 0.49317345669824425, "overall_util": 3202.479349773002, "drain": 589.22, "t_local": 30.415262209008098}, {"device_id": 4, "stat_util": 3341.1935645850203, "device_util": 2.0402054286297338, "time_util": 0.37626743607898677, "overall_util": 2564.910226664241, "drain": 519.488, "t_local": 39.865262209008094}, {"device_id": 5, "stat_util": 3405.1113323482386, "device_util": 2.2003917496979817, "time_util": 1.0, "overall_util": 7492.578882502166, "drain": 442.59600000000006, "t_local": 17.795262209008094}, {"device_id": 6, "stat_util": 3459.920635664554, "device_util": 1.4423616904938281, "time_util": 0.34733378555637756, "overall_util": 1733.3543134886243, "drain": 944.53, "t_local": 43.186124194547354}, {"device_id": 7, "stat_util": 3388.435621538681, "device_util": 1.6911059601105582, "time_util": 1.0, "overall_util": 5730.203675034987, "drain": 736.5250000000001, "t_local": 29.126124194547355}, {"device_id": 8, "stat_util": 3387.155968529323, "device_util": 2.67482455347389, "time_util": 1.0, "overall_util": 9060.047951067869, "drain": 275.4, "t_local": 16.396124194547355}, {"device_id": 9, "stat_util": 3387.948311741409, "device_util": 1.2600401336998734, "time_util": 0.32903076993686325, "overall_util": 1404.6161829235566, "drain": 1133.436, "t_local": 45.58844147882675}, {"device_id": 10, "stat_util": 3356.861329233832, "device_util": 2.67482455347389, "time_util": 1.0, "overall_util": 8979.015106041652, "drain": 275.4, "t_local": 18.798441478826746}, {"device_id": 11, "stat_util": 3433.7361571531333, "device_util": 2.67482455347389, "time_util": 1.0, "overall_util": 9184.64178330428, "drain": 275.4, "t_local": 18.798441478826746}, {"device_id": 12, "stat_util": 3390.5905401686764, "device_util": 2.581549849801244, "time_util": 1.0, "overall_util": 8752.978499709965, "drain": 302.324, "t_local": 24.747789395318843}, {"device_id": 13, "stat_util": 3426.977237753847, "device_util": 2.67482455347389, "time_util": 1.0, "overall_util": 9166.56285974012, "drain": 275.4, "t_local": 17.627789395318842}, {"device_id": 14, "stat_util": 3355.5809489605367, "device_util": 2.724914581708526, "time_util": 0.28880705502941467, "overall_util": 2640.7568259200934, "drain": 261.945, "t_local": 51.937789395318845}, {"device_id": 15, "stat_util": 3325.684443278186, "device_util": 2.67482455347389, "time_util": 1.0, "overall_util": 8895.622405986636, "drain": 275.4, "t_local": 16.334837744156157}, {"device_id": 16, "stat_util": 3371.855840140382, "device_util": 1.914249511424768, "time_util": 1.0, "overall_util": 6454.573394583477, "drain": 589.22, "t_local": 29.064837744156158}, {"device_id": 17, "stat_util": 3349.668090935143, "device_util": 2.6966885632189763, "time_util": 1.0, "overall_util": 9033.011631404343, "drain": 269.444, "t_local": 11.444837744156155}, {"device_id": 18, "stat_util": 3335.2323474131153, "device_util": 2.6058568578061463, "time_util": 1.0, "overall_util": 8691.138084883358, "drain": 295.064, "t_local": 19.83550293192405}, {"device_id": 19, "stat_util": 3390.1708594086995, "device_util": 2.382713306491936, "time_util": 1.0, "overall_util": 8077.805217994311, "drain": 368.83000000000004, "t_local": 19.83550293192405}, {"device_id": 20, "stat_util": 3406.4749435531535, "device_util": 1.5087844033166034, "time_util": 0.4621712389255759, "overall_util": 2375.392060278164, "drain": 883.8300000000002, "t_local": 32.45550293192405}, {"device_id": 21, "stat_util": 3306.934161750201, "device_util": 2.581549849801244, "time_util": 1.0, "overall_util": 8537.015388568834, "drain": 302.324, "t_local": 24.837734039012904}, {"device_id": 22, "stat_util": 3457.2377589978, "device_util": 1.4423616904938281, "time_util": 0.33702007805771167, "overall_util": 1680.580040584477, "drain": 944.53, "t_local": 44.5077340390129}, {"device_id": 23, "stat_util": 3297.8609014775307, "device_util": 1.8170618773155236, "time_util": 0.3759612008374376, "overall_util": 2252.9164118335793, "drain": 649.3600000000001, "t_local": 39.8977340390129}, {"device_id": 24, "stat_util": 3420.997134500797, "device_util": 1.5087844033166034, "time_util": 1.0, "overall_util": 5161.547120325595, "drain": 883.8300000000002, "t_local": 29.103022348347785}, {"device_id": 25, "stat_util": 3344.018150973279, "device_util": 2.358406298487034, "time_util": 1.0, "overall_util": 7886.553469510347, "drain": 377.90500000000003, "t_local": 23.493022348347786}, {"device_id": 26, "stat_util": 3416.26279054653, "device_util": 1.4423616904938281, "time_util": 0.347519686618381, "overall_util": 1712.3985899237448, "drain": 944.53, "t_local": 43.16302234834779}, {"device_id": 27, "stat_util": 3385.416651732684,