{"rnd": 9, "global_loss": 17.928436346848805, "global_accuracy": 0.4167167167167168, "global_accuracies": [4.294294294294294, 4.228228228228228, 4.987987987987988, 4.327327327327327, 4.822822822822823, 4.822822822822823, 4.558558558558558, 4.426426426426426, 4.4924924924924925, 4.558558558558558, 4.954954954954955, 4.888888888888888, 4.591591591591591, 4.4924924924924925, 4.4924924924924925, 5.153153153153153, 4.525525525525525, 4.954954954954955, 4.45945945945946, 4.78978978978979, 4.261261261261261, 4.888888888888888, 4.393393393393393, 4.723723723723723, 4.228228228228228, 4.195195195195195, 4.558558558558558, 4.294294294294294, 4.921921921921922, 4.228228228228228], "global_examples": [11, 11, 11, 11, 11, 11, 11, 11, 11, 11, 11, 11, 11, 11, 11, 11, 11, 11, 11, 11, 11, 11, 11, 11, 11, 11, 11, 11, 11, 11], "user_loss": 17.92358812491099, "user_weighted_accuracy": 0.41981981981981986, "user_weighted_accuracy_var": 0.08019454890325765, "user_accuracy": 0.4198198198198198, "user_accuracy_var": 0.0006627648669690713, "user_accuracies": [0.4144144144144144, 0.4114114114114114, 0.4594594594594595, 0.3663663663663664, 0.42342342342342343, 0.4084084084084084, 0.4264264264264264, 0.4084084084084084, 0.4174174174174174, 0.4594594594594595, 0.4294294294294294, 0.44144144144144143, 0.39039039039039036, 0.4264264264264264, 0.4444444444444444, 0.45045045045045046, 0.42042042042042044, 0.44744744744744747, 0.42042042042042044, 0.4294294294294294, 0.4144144144144144, 0.4114114114114114, 0.4024024024024024, 0.46546546546546547, 0.37537537537537535, 0.4144144144144144, 0.40540540540540543, 0.3993993993993994, 0.45045045045045046, 0.36036036036036034], "device_weighted_accuracy": 0.4167167167167168, "device_weighted_accuracy_var": 0.07381356331306284, "device_accuracy": 0.4167167167167168, "device_accuracy_var": 0.0006100294488682878, "device_accuracies": [0.39039039039039036, 0.3843843843843844, 0.45345345345345345, 0.3933933933933934, 0.43843843843843844, 0.43843843843843844, 0.4144144144144144, 0.4024024024024024, 0.4084084084084084, 0.4144144144144144, 0.45045045045045046, 0.4444444444444444, 0.4174174174174174, 0.4084084084084084, 0.4084084084084084, 0.46846846846846846, 0.4114114114114114, 0.45045045045045046, 0.40540540540540543, 0.43543543543543545, 0.38738738738738737, 0.4444444444444444, 0.3993993993993994, 0.4294294294294294, 0.3843843843843844, 0.3813813813813814, 0.4144144144144144, 0.39039039039039036, 0.44744744744744747, 0.3843843843843844], "total_loss": 24270.604557031395, "dead_devices": 0, "max_round_time": 52.15396084623217, "selected_devices": [6, 22, 11, 13, 24, 26, 20, 5, 28, 3, 12, 1, 19, 7, 9], "device_snapshot": [{"device_id": 0, "stat_util": 3369.262928105597, "device_util": 2.724914581708526, "time_util": 0.29585981514484144, "overall_util": 2716.275259329667, "drain": 261.945, "t_local": 50.699686919822426}, {"device_id": 1, "stat_util": 3330.292277370642, "device_util": 2.291223455110812, "time_util": 1.0, "overall_util": 7630.443778286017, "drain": 404.166, "t_local": 11.499686919822423}, {"device_id": 2, "stat_util": 3387.9061725240645, "device_util": 2.6966885632189763, "time_util": 1.0, "overall_util": 9136.12782870462, "drain": 269.444, "t_local": 11.499686919822423}, {"device_id": 3, "stat_util": 3251.182620743496, "device_util": 1.6911059601105582, "time_util": 0.49317345669824425, "overall_util": 2711.514174807353, "drain": 736.5250000000001, "t_local": 30.415262209008098}, {"device_id": 4, "stat_util": 3341.1935645850203, "device_util": 2.0402054286297338, "time_util": 0.37626743607898677, "overall_util": 2564.910226664241, "drain": 519.488, "t_local": 39.865262209008094}, {"device_id": 5, "stat_util": 3291.228157598251, "device_util": 2.046241069870723, "time_util": 1.0, "overall_util": 6734.646226392494, "drain": 516.3620000000001, "t_local": 17.795262209008094}, {"device_id": 6, "stat_util": 3299.1070530475554, "device_util": 1.2600401336998734, "time_util": 0.34733378555637756, "overall_util": 1443.869079389543, "drain": 1133.436, "t_local": 43.186124194547354}, {"device_id": 7, "stat_util": 3291.701182907713, "device_util": 1.5087844033166034, "time_util": 1.0, "overall_util": 4966.467405149971, "drain": 883.8300000000002, "t_local": 29.126124194547355}, {"device_id": 8, "stat_util": 3387.155968529323, "device_util": 2.67482455347389, "time_util": 1.0, "overall_util": 9060.047951067869, "drain": 275.4, "t_local": 16.396124194547355}, {"device_id": 9, "stat_util": 3376.075533122061, "device_util": 1.1058894538726152, "time_util": 0.32903076993686325, "overall_util": 1228.4582033664444, "drain": 1322.3419999999999, "t_local": 45.58844147882675}, {"device_id": 10, "stat_util": 3356.861329233832, "device_util": 2.67482455347389, "time_util": 1.0, "overall_util": 8979.015106041652, "drain": 275.4, "t_local": 18.798441478826746}, {"device_id": 11, "stat_util": 3320.1542180769184, "device_util": 2.4516810021596798, "time_util": 1.0, "overall_util": 8139.959020699507, "drain": 344.25, "t_local": 18.798441478826746}, {"device_id": 12, "stat_util": 3364.0538758507096, "device_util": 2.358406298487034, "time_util": 1.0, "overall_util": 7933.805849256033, "drain": 377.90500000000003, "t_local": 24.747789395318843}, {"device_id": 13, "stat_util": 3294.561724600202, "device_util": 2.4516810021596798, "time_util": 1.0, "overall_util": 8077.214390644746, "drain": 344.25, "t_local": 17.627789395318842}, {"device_id": 14, "stat_util": 3355.5809489605367, "device_util": 2.724914581708526, "time_util": 0.28880705502941467, "overall_util": 2640.7568259200934, "drain": 261.945, "t_local": 51.937789395318845}, {"device_id": 15, "stat_util": 3325.684443278186, "device_util": 2.67482455347389, "time_util": 1.0, "overall_util": 8895.622405986636, "drain": 275.4, "t_local": 16.334837744156157}, {"device_id": 16, "stat_util": 3371.855840140382, "device_util": 1.914249511424768, "time_util": 1.0, "overall_util": 6454.573394583477, "drain": 589.22, "t_local": 29.064837744156158}, {"device_id": 17, "stat_util": 3349.668090935143, "device_util": 2.6966885632189763, "time_util": 1.0, "overall_util": 9033.011631404343, "drain": 269.444, "t_local": 11.444837744156155}, {"device_id": 18, "stat_util": 3335.2323474131153, "device_util": 2.6058568578061463, "time_util": 1.0, "overall_util": 8691.138084883358, "drain": 295.064, "t_local": 19.83550293192405}, {"device_id": 19, "stat_util": 3308.805191860626, "device_util": 2.2003917496979817, "time_util": 1.0, "overall_util": 7280.667645527969, "drain": 442.59600000000006, "t_local": 19.83550293192405}, {"device_id": 20, "stat_util": 3354.5972602631873, "device_util": 1.354633723489345, "time_util": 0.4621712389255759, "overall_util": 2100.2219193810292, "drain": 1031.1350000000002, "t_local": 32.45550293192405}, {"device_id": 21, "stat_util": 3306.934161750201, "device_util": 2.581549849801244, "time_util": 1.0, "overall_util": 8537.015388568834, "drain": 302.324, "t_local": 24.837734039012904}, {"device_id": 22, "stat_util": 3379.61298917649, "device_util": 1.2600401336998734, "time_util": 0.33702007805771167, "overall_util": 1435.1824782867166, "drain": 1133.436, "t_local": 44.5077340390129}, {"device_id": 23, "stat_util": 3297.8609014775307, "device_util": 1.8170618773155236, "time_util": 0.3759612008374376, "overall_util": 2252.9164118335793, "drain": 649.3600000000001, "t_local": 39.8977340390129}, {"device_id": 24, "stat_util": 3318.7084108595336, "device_util": 1.354633723489345, "time_util": 1.0, "overall_util": 4495.6343317780575, "drain": 1031.1350000000002, "t_local": 29.103022348347785}, {"device_id": 25, "stat_util": 3344.018150973279, "device_util": 2.358406298487034, "time_util": 1.0, "overall_util": 7886.553469510347, "drain": 377.90500000000003, "t_local": 23.493022348347786}, {"device_id": 26, "stat_util": 3344.870992043928, "device_util": 1.2600401336998734, "time_util": 0.347519686618381, "overall_util": 1464.681385611493, "drain": 1133.436, "t_local": 43.16302234834779}, {"device_id": 27,