{"loss": 25.36278772354126, "accuracy": 0.12012012012012012}