{"loss": 22.81230115890503, "accuracy": 0.24324324324324326}