{"loss": 17.189411401748657, "accuracy": 0.4264264264264264}