{"loss": 21.79600954055786, "accuracy": 0.3123123123123123}