{"loss": 20.2593674659729, "accuracy": 0.3303303303303303}