{"loss": 19.34364116191864, "accuracy": 0.3663663663663664}