{"loss": 19.408104300498962, "accuracy": 0.3963963963963964}