{"loss": 19.365713715553284, "accuracy": 0.38738738738738737}