{"loss": 18.462557911872864, "accuracy": 0.39039039039039036}