{"loss": 17.839401602745056, "accuracy": 0.42342342342342343}