{"loss": 18.065810799598694, "accuracy": 0.4084084084084084}