{"global_loss": 9.267871856689453, "global_accuracy": 0.08, "f1_score": 0.05634920634920635, "rnd": 0}