{"global_loss": 5.460499495267868, "global_accuracy": 0.41, "f1_score": 0.35149702149702144, "rnd": 1}