{"global_loss": 1.1308691054582596, "global_accuracy": 0.93, "f1_score": 0.9287433329671181, "rnd": 10}