{"global_loss": 1.4949343502521515, "global_accuracy": 0.85, "f1_score": 0.8486321195144726, "rnd": 11}