{"global_loss": 1.7814561426639557, "global_accuracy": 0.83, "f1_score": 0.8145611204876249, "rnd": 12}