{"global_loss": 0.7899545505642891, "global_accuracy": 0.92, "f1_score": 0.9282709446804818, "rnd": 13}