{"global_loss": 0.5179218873381615, "global_accuracy": 0.95, "f1_score": 0.9528577472752907, "rnd": 14}