{"global_loss": 1.0088079497218132, "global_accuracy": 0.9, "f1_score": 0.8954335606921813, "rnd": 15}