{"global_loss": 0.7419909164309502, "global_accuracy": 0.96, "f1_score": 0.9585913064814667, "rnd": 16}