{"global_loss": 1.6621471792459488, "global_accuracy": 0.88, "f1_score": 0.8658730691106852, "rnd": 17}