{"global_loss": 0.22781682573258877, "global_accuracy": 0.97, "f1_score": 0.9683412495432956, "rnd": 18}