{"global_loss": 0.9441549256443977, "global_accuracy": 0.93, "f1_score": 0.9321915584415585, "rnd": 19}