{"global_loss": 4.4136621952056885, "global_accuracy": 0.58, "f1_score": 0.5426979402455635, "rnd": 2}