{"global_loss": 1.4504780620336533, "global_accuracy": 0.92, "f1_score": 0.9140220798691564, "rnd": 20}