{"global_loss": 3.334903210401535, "global_accuracy": 0.75, "f1_score": 0.7264966484062594, "rnd": 3}