{"global_loss": 3.6731411814689636, "global_accuracy": 0.8, "f1_score": 0.7939941451164361, "rnd": 4}