{"global_loss": 1.3561962768435478, "global_accuracy": 0.86, "f1_score": 0.8659952658141721, "rnd": 5}