{"global_loss": 1.0275407582521439, "global_accuracy": 0.93, "f1_score": 0.9292610698903605, "rnd": 6}