{"global_loss": 1.2434709519147873, "global_accuracy": 0.91, "f1_score": 0.8995879120879122, "rnd": 7}