{"global_loss": 0.9872618932276964, "global_accuracy": 0.9, "f1_score": 0.895645350555001, "rnd": 8}