{"global_loss": 1.858912169933319, "global_accuracy": 0.87, "f1_score": 0.8624255480861892, "rnd": 9}