{"loss": 9.176728010177612, "accuracy": 0.15, "f1_score": 0.2071127149558522}