{"loss": 7.710658431053162, "accuracy": 0.4, "f1_score": 1.1327272727272728}