{"loss": 0.6491778567433357, "accuracy": 0.94, "f1_score": 3.7112265512265514}