{"loss": 1.0817372649908066, "accuracy": 0.9, "f1_score": 3.5956349206349207}