{"loss": 1.7397475838661194, "accuracy": 0.85, "f1_score": 3.0995735129068462}