{"loss": 0.7609590557403862, "accuracy": 0.91, "f1_score": 3.6186868686868685}