{"loss": 0.6783519852906466, "accuracy": 0.92, "f1_score": 3.7942846042846043}