{"loss": 0.9668213874101639, "accuracy": 0.92, "f1_score": 3.7393530543530544}