{"loss": 1.0353548154234886, "accuracy": 0.93, "f1_score": 3.368643578643579}