{"loss": 0.7834347751922905, "accuracy": 0.88, "f1_score": 3.3529517396184065}