{"loss": 0.3111209347844124, "accuracy": 0.97, "f1_score": 3.906910866910867}