{"loss": 1.610366314649582, "accuracy": 0.91, "f1_score": 3.106940836940837}