{"loss": 5.318319320678711, "accuracy": 0.5, "f1_score": 1.3827561327561328}