{"loss": 1.1365911066532135, "accuracy": 0.89, "f1_score": 3.5321611721611723}