{"loss": 3.6534915566444397, "accuracy": 0.75, "f1_score": 2.6104256854256858}