{"loss": 2.7495946288108826, "accuracy": 0.74, "f1_score": 2.6505844155844156}