{"loss": 2.908934861421585, "accuracy": 0.77, "f1_score": 2.713679392502922}