{"loss": 1.281963124871254, "accuracy": 0.9, "f1_score": 3.6575818625818624}