{"loss": 0.9419418759644032, "accuracy": 0.9, "f1_score": 3.4807503607503607}