{"loss": 1.1814738512039185, "accuracy": 0.9, "f1_score": 3.5467624350957685}