{"loss": 1.3696411354467273, "accuracy": 0.83, "f1_score": 3.3903439153439154}