{"rnd": 1, "global_loss": 23.096705643335977, "global_accuracy": 0.25605605605605614, "global_accuracies": [2.675675675675676, 2.873873873873874, 2.9399399399399404, 2.3123123123123124, 2.6096096096096097, 2.9729729729729732, 2.5765765765765765, 2.873873873873874, 2.7087087087087087, 2.7417417417417416, 2.7747747747747744, 3.1381381381381384, 2.9399399399399404, 2.4774774774774775, 3.4354354354354357, 2.5765765765765765, 3.072072072072072, 3.204204204204204, 3.006006006006006, 2.675675675675676, 3.039039039039039, 2.9729729729729732, 2.7417417417417416, 2.6426426426426426, 3.204204204204204, 2.7417417417417416, 2.5435435435435436, 2.807807807807808, 2.5105105105105103, 2.7087087087087087], "global_examples": [11, 11, 11, 11, 11, 11, 11, 11, 11, 11, 11, 11, 11, 11, 11, 11, 11, 11, 11, 11, 11, 11, 11, 11, 11, 11, 11, 11, 11, 11], "user_loss": 23.116160762310027, "user_weighted_accuracy": 0.25495495495495496, "user_weighted_accuracy_var": 0.041635840044248466, "user_accuracy": 0.25495495495495496, "user_accuracy_var": 0.0003440978516053591, "user_accuracies": [0.24324324324324326, 0.2672672672672673, 0.24324324324324326, 0.22822822822822822, 0.24624624624624625, 0.24624624624624625, 0.23423423423423423, 0.27627627627627627, 0.2552552552552553, 0.23423423423423423, 0.24624624624624625, 0.2732732732732733, 0.24924924924924924, 0.24924924924924924, 0.3003003003003003, 0.24024024024024024, 0.2882882882882883, 0.2732732732732733, 0.2912912912912913, 0.2552552552552553, 0.2732732732732733, 0.21921921921921922, 0.24924924924924924, 0.2672672672672673, 0.24024024024024024, 0.25825825825825827, 0.25225225225225223, 0.24924924924924924, 0.24324324324324326, 0.2552552552552553], "device_weighted_accuracy": 0.25605605605605614, "device_weighted_accuracy_var": 0.06102855608361116, "device_accuracy": 0.256056056056056, "device_accuracy_var": 0.0005043682320959598, "device_accuracies": [0.24324324324324326, 0.26126126126126126, 0.2672672672672673, 0.21021021021021022, 0.23723723723723725, 0.2702702702702703, 0.23423423423423423, 0.26126126126126126, 0.24624624624624625, 0.24924924924924924, 0.25225225225225223, 0.2852852852852853, 0.2672672672672673, 0.22522522522522523, 0.3123123123123123, 0.23423423423423423, 0.27927927927927926, 0.2912912912912913, 0.2732732732732733, 0.24324324324324326, 0.27627627627627627, 0.2702702702702703, 0.24924924924924924, 0.24024024024024024, 0.2912912912912913, 0.24924924924924924, 0.23123123123123124, 0.2552552552552553, 0.22822822822822822, 0.24624624624624625], "total_loss": 31689.327390782037, "dead_devices": 0, "max_round_time": 52.15396084623217, "selected_devices": [0, 1, 2, 3, 4, 5, 6, 7, 8, 9, 10, 11, 12, 13, 14, 15, 16, 17, 18, 19, 20, 21, 22, 23, 24, 25, 26, 27, 28, 29], "device_snapshot": [{"device_id": 0, "stat_util": 4329.249612927396, "device_util": 3.823526870376636, "time_util": 0.29585981514484144, "overall_util": 4897.368177965128, "drain": 87.315, "t_local": 50.699686919822426}, {"device_id": 1, "stat_util": 4334.102661673992, "device_util": 4.082982924338867, "time_util": 1.0, "overall_util": 17696.067159946542, "drain": 67.361, "t_local": 11.499686919822423}, {"device_id": 2, "stat_util": 4337.231443127464, "device_util": 4.082982924338867, "time_util": 1.0, "overall_util": 17708.84192119506, "drain": 67.361, "t_local": 11.499686919822423}, {"device_id": 3, "stat_util": 4332.822621600533, "device_util": 3.3005438725446585, "time_util": 0.49317345669824425, "overall_util": 7052.7114263925805, "drain": 147.305, "t_local": 30.415262209008098}, {"device_id": 4, "stat_util": 4350.262618248097, "device_util": 3.426499789749624, "time_util": 0.37626743607898677, "overall_util": 5608.707852703338, "drain": 129.872, "t_local": 39.865262209008094}, {"device_id": 5, "stat_util": 4360.486092000967, "device_util": 3.9921512189260366, "time_util": 1.0, "overall_util": 17407.71986729169, "drain": 73.766, "t_local": 17.795262209008094}, {"device_id": 6, "stat_util": 4350.345783222604, "device_util": 3.0517996029279284, "time_util": 0.34733378555637756, "overall_util": 4611.336551306285, "drain": 188.906, "t_local": 43.186124194547354}, {"device_id": 7, "stat_util": 4368.012326926094, "device_util": 3.3005438725446585, "time_util": 1.0, "overall_util": 14416.816320835454, "drain": 147.305, "t_local": 29.126124194547355}, {"device_id": 8, "stat_util": 4352.688828023332, "device_util": 4.061118914593781, "time_util": 1.0, "overall_util": 17676.786928826587, "drain": 68.85, "t_local": 16.396124194547355}, {"device_id": 9, "stat_util": 4370.702329564439, "device_util": 3.0517996029279284, "time_util": 0.32903076993686325, "overall_util": 4388.77943658457, "drain": 188.906, "t_local": 45.58844147882675}, {"device_id": 10, "stat_util": 4361.979439108113, "device_util": 4.061118914593781, "time_util": 1.0, "overall_util": 17714.517205231128, "drain": 68.85, "t_local": 18.798441478826746}, {"device_id": 11, "stat_util": 4360.6806359721995, "device_util": 4.061118914593781, "time_util": 1.0, "overall_util": 17709.242611249538, "drain": 68.85, "t_local": 18.798441478826746}, {"device_id": 12, "stat_util": 4357.944577045169, "device_util": 3.9678442109211347, "time_util": 1.0, "overall_util": 17291.645161543827, "drain": 75.581, "t_local": 24.747789395318843}, {"device_id": 13, "stat_util": 4349.243906324643, "device_util": 4.061118914593781, "time_util": 1.0, "overall_util": 17662.79669215675, "drain": 68.85, "t_local": 17.627789395318842}, {"device_id": 14, "stat_util": 4334.07554375482, "device_util": 3.823526870376636, "time_util": 0.28880705502941467, "overall_util": 4785.952913876528, "drain": 87.315, "t_local": 51.937789395318845}, {"device_id": 15, "stat_util": 4354.241526984231, "device_util": 4.061118914593781, "time_util": 1.0, "overall_util": 17683.09262394537, "drain": 68.85, "t_local": 16.334837744156157}, {"device_id": 16, "stat_util": 4364.643603048103, "device_util": 3.3005438725446585, "time_util": 1.0, "overall_util": 14405.697699881657, "drain": 147.305, "t_local": 29.064837744156158}, {"device_id": 17, "stat_util": 4367.6028486898085, "device_util": 4.082982924338867, "time_util": 1.0, "overall_util": 17832.84785149428, "drain": 67.361, "t_local": 11.444837744156155}, {"device_id": 18, "stat_util": 4347.535623216731, "device_util": 3.9921512189260366, "time_util": 1.0, "overall_util": 17356.01963754904, "drain": 73.766, "t_local": 19.83550293192405}, {"device_id": 19, "stat_util": 4357.188136631982, "device_util": 3.9921512189260366, "time_util": 1.0, "overall_util": 17394.553930745435, "drain": 73.766, "t_local": 19.83550293192405}, {"device_id": 20, "stat_util": 4357.571881180576, "device_util": 3.3005438725446585, "time_util": 0.4621712389255759, "overall_util": 6647.111832670109, "drain": 147.305, "t_local": 32.45550293192405}, {"device_id": 21, "stat_util": 4331.041225902592, "device_util": 3.9678442109211347, "time_util": 1.0, "overall_util": 17184.896855458373, "drain": 75.581, "t_local": 24.837734039012904}, {"device_id": 22, "stat_util": 4366.658975523415, "device_util": 3.0517996029279284, "time_util": 0.33702007805771167, "overall_util": 4491.186222582041, "drain": 188.906, "t_local": 44.5077340390129}, {"device_id": 23, "stat_util": 4371.059832729157, "device_util": 3.426499789749624, "time_util": 0.3759612008374376, "overall_util": 5630.934672825359, "drain": 129.872, "t_local": 39.8977340390129}, {"device_id": 24, "stat_util": 4364.786611951128, "device_util": 3.3005438725446585, "time_util": 1.0, "overall_util": 14406.169707040257, "drain": 147.305, "t_local": 29.103022348347785}, {"device_id": 25, "stat_util": 4365.9461449107985, "device_util": 3.9678442109211347, "time_util": 1.0, "overall_util": 17323.39413627776, "drain": 75.581, "t_local": 23.493022348347786}, {"device_id": 26, "stat_util": 4351.42901421877, "device_util": 3.0517996029279284, "time_util": 0.347519686618381, "overall_util": 4614.953477048474, "drain": 188.906, "t_local": 43.16302234834779}, {"device_id": 27,