{"rnd": 10, "global_loss": 17.757424767812093, "global_accuracy": 0.4172172172172171, "global_accuracies": [4.987987987987988, 4.921921921921922, 4.525525525525525, 5.2192192192192195, 5.054054054054054, 4.558558558558558, 4.063063063063063, 4.261261261261261, 4.723723723723723, 4.624624624624625, 4.6906906906906904, 4.987987987987988, 4.294294294294294, 5.12012012012012, 4.558558558558558, 4.657657657657658, 4.4924924924924925, 4.096096096096096, 4.624624624624625, 4.393393393393393, 4.624624624624625, 4.294294294294294, 4.8558558558558556, 4.6906906906906904, 4.327327327327327, 4.36036036036036, 4.393393393393393, 4.294294294294294, 4.162162162162162, 4.822822822822823], "global_examples": [11, 11, 11, 11, 11, 11, 11, 11, 11, 11, 11, 11, 11, 11, 11, 11, 11, 11, 11, 11, 11, 11, 11, 11, 11, 11, 11, 11, 11, 11], "user_loss": 17.792744334538778, "user_weighted_accuracy": 0.4111111111111111, "user_weighted_accuracy_var": 0.06673300928556188, "user_accuracy": 0.4111111111111111, "user_accuracy_var": 0.0005515124734343954, "user_accuracies": [0.4144144144144144, 0.4144144144144144, 0.3933933933933934, 0.4444444444444444, 0.45045045045045046, 0.3843843843843844, 0.3663663663663664, 0.4024024024024024, 0.4624624624624625, 0.4264264264264264, 0.42342342342342343, 0.4024024024024024, 0.4084084084084084, 0.4624624624624625, 0.4024024024024024, 0.4084084084084084, 0.4144144144144144, 0.3843843843843844, 0.40540540540540543, 0.4174174174174174, 0.3993993993993994, 0.40540540540540543, 0.43243243243243246, 0.4024024024024024, 0.42042042042042044, 0.39039039039039036, 0.39039039039039036, 0.40540540540540543, 0.3663663663663664, 0.43243243243243246], "device_weighted_accuracy": 0.4172172172172171, "device_weighted_accuracy_var": 0.09267281295309329, "device_accuracy": 0.4172172172172173, "device_accuracy_var": 0.0007658910161412666, "device_accuracies": [0.45345345345345345, 0.44744744744744747, 0.4114114114114114, 0.4744744744744745, 0.4594594594594595, 0.4144144144144144, 0.36936936936936937, 0.38738738738738737, 0.4294294294294294, 0.42042042042042044, 0.4264264264264264, 0.45345345345345345, 0.39039039039039036, 0.46546546546546547, 0.4144144144144144, 0.42342342342342343, 0.4084084084084084, 0.37237237237237236, 0.42042042042042044, 0.3993993993993994, 0.42042042042042044, 0.39039039039039036, 0.44144144144144143, 0.4264264264264264, 0.3933933933933934, 0.3963963963963964, 0.3993993993993994, 0.39039039039039036, 0.3783783783783784, 0.43843843843843844], "total_loss": 23795.15795807044, "dead_devices": 0, "max_round_time": 52.15396084623217, "selected_devices": [27, 7, 1, 18, 17, 20, 25, 9, 5, 23, 16, 12, 21, 26, 3], "device_snapshot": [{"device_id": 0, "stat_util": 3203.114708290208, "device_util": 2.437232509256745, "time_util": 0.29585981514484144, "overall_util": 2309.6992621283052, "drain": 349.26, "t_local": 50.699686919822426}, {"device_id": 1, "stat_util": 3206.1421874314206, "device_util": 2.291223455110812, "time_util": 1.0, "overall_util": 7345.988180263156, "drain": 404.166, "t_local": 11.499686919822423}, {"device_id": 2, "stat_util": 3265.715760354653, "device_util": 2.4735450119047666, "time_util": 1.0, "overall_util": 8077.894929324034, "drain": 336.805, "t_local": 11.499686919822423}, {"device_id": 3, "stat_util": 3210.018295066726, "device_util": 1.6911059601105582, "time_util": 0.49317345669824425, "overall_util": 2677.1827743327085, "drain": 736.5250000000001, "t_local": 30.415262209008098}, {"device_id": 4, "stat_util": 3292.4893018271764, "device_util": 2.0402054286297338, "time_util": 0.37626743607898677, "overall_util": 2527.521772743508, "drain": 519.488, "t_local": 39.865262209008094}, {"device_id": 5, "stat_util": 3277.047750109451, "device_util": 1.912709677246201, "time_util": 1.0, "overall_util": 6268.040944432237, "drain": 590.128, "t_local": 17.795262209008094}, {"device_id": 6, "stat_util": 3290.064851197529, "device_util": 1.4423616904938281, "time_util": 0.34733378555637756, "overall_util": 1648.2598018856545, "drain": 944.53, "t_local": 43.186124194547354}, {"device_id": 7, "stat_util": 3313.4254948846183, "device_util": 1.5087844033166034, "time_util": 1.0, "overall_util": 4999.24470823351, "drain": 883.8300000000002, "t_local": 29.126124194547355}, {"device_id": 8, "stat_util": 3239.783349961951, "device_util": 2.4516810021596798, "time_util": 1.0, "overall_util": 7942.915290214961, "drain": 344.25, "t_local": 16.396124194547355}, {"device_id": 9, "stat_util": 3327.8303561589173, "device_util": 1.1058894538726152, "time_util": 0.32903076993686325, "overall_util": 1210.9031508115534, "drain": 1322.3419999999999, "t_local": 45.58844147882675}, {"device_id": 10, "stat_util": 3295.4709763581554, "device_util": 2.67482455347389, "time_util": 1.0, "overall_util": 8814.806682823368, "drain": 275.4, "t_local": 18.798441478826746}, {"device_id": 11, "stat_util": 3297.949274894189, "device_util": 2.2693594453657253, "time_util": 1.0, "overall_util": 7484.2323373181725, "drain": 413.1, "t_local": 18.798441478826746}, {"device_id": 12, "stat_util": 3226.6941282440825, "device_util": 2.1760847416930793, "time_util": 1.0, "overall_util": 7021.5598585826, "drain": 453.48600000000005, "t_local": 24.747789395318843}, {"device_id": 13, "stat_util": 3277.1681522125755, "device_util": 2.4516810021596798, "time_util": 1.0, "overall_util": 8034.570899662313, "drain": 344.25, "t_local": 17.627789395318842}, {"device_id": 14, "stat_util": 3320.0698912592165, "device_util": 2.724914581708526, "time_util": 0.28880705502941467, "overall_util": 2612.810527068488, "drain": 261.945, "t_local": 51.937789395318845}, {"device_id": 15, "stat_util": 3319.8438803217846, "device_util": 2.67482455347389, "time_util": 1.0, "overall_util": 8879.999924784743, "drain": 275.4, "t_local": 16.334837744156157}, {"device_id": 16, "stat_util": 3276.1563952929373, "device_util": 1.5087844033166034, "time_util": 1.0, "overall_util": 4943.013672043929, "drain": 883.8300000000002, "t_local": 29.064837744156158}, {"device_id": 17, "stat_util": 3200.295444033333, "device_util": 2.4735450119047666, "time_util": 1.0, "overall_util": 7916.074832210201, "drain": 336.805, "t_local": 11.444837744156155}, {"device_id": 18, "stat_util": 3207.176312056432, "device_util": 2.382713306491936, "time_util": 1.0, "overall_util": 7641.781675002594, "drain": 368.83000000000004, "t_local": 19.83550293192405}, {"device_id": 19, "stat_util": 3301.088290114196, "device_util": 2.2003917496979817, "time_util": 1.0, "overall_util": 7263.687438591894, "drain": 442.59600000000006, "t_local": 19.83550293192405}, {"device_id": 20, "stat_util": 3299.1971704223083, "device_util": 1.2211023308648226, "time_util": 0.4621712389255759, "overall_util": 1861.929560867759, "drain": 1178.4400000000003, "t_local": 32.45550293192405}, {"device_id": 21, "stat_util": 3202.4095885846164, "device_util": 2.358406298487034, "time_util": 1.0, "overall_util": 7552.582944053231, "drain": 377.90500000000003, "t_local": 24.837734039012904}, {"device_id": 22, "stat_util": 3325.0150541019325, "device_util": 1.2600401336998734, "time_util": 0.33702007805771167, "overall_util": 1411.9969833733676, "drain": 1133.436, "t_local": 44.5077340390129}, {"device_id": 23, "stat_util": 3222.2161654395077, "device_util": 1.634740320521569, "time_util": 0.3759612008374376, "overall_util": 1980.3706202699489, "drain": 779.2320000000002, "t_local": 39.8977340390129}, {"device_id": 24, "stat_util": 3305.6584470746734, "device_util": 1.5087844033166034, "time_util": 1.0, "overall_util": 4987.525907638051, "drain": 883.8300000000002, "t_local": 29.103022348347785}, {"device_id": 25, "stat_util": 3262.1153148249955, "device_util": 2.1760847416930793, "time_util": 1.0, "overall_util": 7098.639362233988, "drain": 453.48600000000005, "t_local": 23.493022348347786}, {"device_id": 26, "stat_util": 3282.3821712115164, "device_util": 1.1058894538726152, "time_util": 0.347519686618381, "overall_util": 1261.4797212623578, "drain": 1322.3419999999999,