{"rnd": 2, "global_loss": 21.252705009778342, "global_accuracy": 0.3089089089089089, "global_accuracies": [3.8978978978978978, 3.4684684684684686, 3.600600600600601, 3.4024024024024024, 3.6336336336336337, 3.7327327327327327, 3.798798798798799, 3.4684684684684686, 3.5345345345345343, 3.237237237237237, 3.072072072072072, 3.4024024024024024, 3.369369369369369, 3.798798798798799, 3.2702702702702706, 3.006006006006006, 3.6996996996997, 3.5015015015015014, 3.204204204204204, 3.3363363363363363, 3.4354354354354357, 2.873873873873874, 3.171171171171171, 3.4024024024024024, 3.1381381381381384, 2.9729729729729732, 3.3363363363363363, 3.3033033033033035, 3.4684684684684686, 3.4024024024024024], "global_examples": [11, 11, 11, 11, 11, 11, 11, 11, 11, 11, 11, 11, 11, 11, 11, 11, 11, 11, 11, 11, 11, 11, 11, 11, 11, 11, 11, 11, 11, 11], "user_loss": 21.261885404586792, "user_weighted_accuracy": 0.3081081081081082, "user_weighted_accuracy_var": 0.06529628727826926, "user_accuracy": 0.30810810810810807, "user_accuracy_var": 0.0005396387378369364, "user_accuracies": [0.33933933933933935, 0.3003003003003003, 0.3183183183183183, 0.27927927927927926, 0.30930930930930933, 0.32432432432432434, 0.3033033033033033, 0.34534534534534533, 0.3213213213213213, 0.27927927927927926, 0.27627627627627627, 0.27927927927927926, 0.2912912912912913, 0.35735735735735735, 0.27927927927927926, 0.29429429429429427, 0.3213213213213213, 0.32432432432432434, 0.2882882882882883, 0.2972972972972973, 0.33933933933933935, 0.27627627627627627, 0.3153153153153153, 0.32732732732732733, 0.33633633633633636, 0.3003003003003003, 0.33633633633633636, 0.2822822822822823, 0.30930930930930933, 0.2912912912912913], "device_weighted_accuracy": 0.3089089089089089, "device_weighted_accuracy_var": 0.061595970344719086, "device_accuracy": 0.30890890890890893, "device_accuracy_var": 0.0005090576061547032, "device_accuracies": [0.35435435435435436, 0.3153153153153153, 0.32732732732732733, 0.30930930930930933, 0.3303303303303303, 0.33933933933933935, 0.34534534534534533, 0.3153153153153153, 0.3213213213213213, 0.29429429429429427, 0.27927927927927926, 0.30930930930930933, 0.3063063063063063, 0.34534534534534533, 0.2972972972972973, 0.2732732732732733, 0.33633633633633636, 0.3183183183183183, 0.2912912912912913, 0.3033033033033033, 0.3123123123123123, 0.26126126126126126, 0.2882882882882883, 0.30930930930930933, 0.2852852852852853, 0.2702702702702703, 0.3033033033033033, 0.3003003003003003, 0.3153153153153153, 0.30930930930930933], "total_loss": 30290.0466897885, "dead_devices": 0, "max_round_time": 52.15396084623217, "selected_devices": [23, 9, 7, 17, 22, 25, 24, 16, 10, 11, 5, 28, 12, 20, 19], "device_snapshot": [{"device_id": 0, "stat_util": 4329.249612927396, "device_util": 3.823526870376636, "time_util": 0.29585981514484144, "overall_util": 4897.368177965128, "drain": 87.315, "t_local": 50.699686919822426}, {"device_id": 1, "stat_util": 4334.102661673992, "device_util": 4.082982924338867, "time_util": 1.0, "overall_util": 17696.067159946542, "drain": 67.361, "t_local": 11.499686919822423}, {"device_id": 2, "stat_util": 4337.231443127464, "device_util": 4.082982924338867, "time_util": 1.0, "overall_util": 17708.84192119506, "drain": 67.361, "t_local": 11.499686919822423}, {"device_id": 3, "stat_util": 4332.822621600533, "device_util": 3.3005438725446585, "time_util": 0.49317345669824425, "overall_util": 7052.7114263925805, "drain": 147.305, "t_local": 30.415262209008098}, {"device_id": 4, "stat_util": 4350.262618248097, "device_util": 3.426499789749624, "time_util": 0.37626743607898677, "overall_util": 5608.707852703338, "drain": 129.872, "t_local": 39.865262209008094}, {"device_id": 5, "stat_util": 3959.126431496662, "device_util": 3.2990040383660912, "time_util": 1.0, "overall_util": 13061.17408590942, "drain": 147.532, "t_local": 17.795262209008094}, {"device_id": 6, "stat_util": 4350.345783222604, "device_util": 3.0517996029279284, "time_util": 0.34733378555637756, "overall_util": 4611.336551306285, "drain": 188.906, "t_local": 43.186124194547354}, {"device_id": 7, "stat_util": 3967.396506423147, "device_util": 2.607396691984713, "time_util": 1.0, "overall_util": 10344.576526639421, "drain": 294.61, "t_local": 29.126124194547355}, {"device_id": 8, "stat_util": 4352.688828023332, "device_util": 4.061118914593781, "time_util": 1.0, "overall_util": 17676.786928826587, "drain": 68.85, "t_local": 16.396124194547355}, {"device_id": 9, "stat_util": 4066.325294754536, "device_util": 2.358652422367983, "time_util": 0.32903076993686325, "overall_util": 3155.7499101159733, "drain": 377.812, "t_local": 45.58844147882675}, {"device_id": 10, "stat_util": 3936.43409390063, "device_util": 3.367971734033835, "time_util": 1.0, "overall_util": 13257.798761144413, "drain": 137.7, "t_local": 18.798441478826746}, {"device_id": 11, "stat_util": 3995.532425008318, "device_util": 3.367971734033835, "time_util": 1.0, "overall_util": 13456.840269843678, "drain": 137.7, "t_local": 18.798441478826746}, {"device_id": 12, "stat_util": 3912.659307247344, "device_util": 3.2746970303611893, "time_util": 1.0, "overall_util": 12812.773814257946, "drain": 151.162, "t_local": 24.747789395318843}, {"device_id": 13, "stat_util": 4349.243906324643, "device_util": 4.061118914593781, "time_util": 1.0, "overall_util": 17662.79669215675, "drain": 68.85, "t_local": 17.627789395318842}, {"device_id": 14, "stat_util": 4334.07554375482, "device_util": 3.823526870376636, "time_util": 0.28880705502941467, "overall_util": 4785.952913876528, "drain": 87.315, "t_local": 51.937789395318845}, {"device_id": 15, "stat_util": 4354.241526984231, "device_util": 4.061118914593781, "time_util": 1.0, "overall_util": 17683.09262394537, "drain": 68.85, "t_local": 16.334837744156157}, {"device_id": 16, "stat_util": 3968.388245359503, "device_util": 2.607396691984713, "time_util": 1.0, "overall_util": 10347.162383461387, "drain": 294.61, "t_local": 29.064837744156158}, {"device_id": 17, "stat_util": 3923.1375420783584, "device_util": 3.3898357437789217, "time_util": 1.0, "overall_util": 13298.791867898202, "drain": 134.722, "t_local": 11.444837744156155}, {"device_id": 18, "stat_util": 4347.535623216731, "device_util": 3.9921512189260366, "time_util": 1.0, "overall_util": 17356.01963754904, "drain": 73.766, "t_local": 19.83550293192405}, {"device_id": 19, "stat_util": 4008.3909027151244, "device_util": 3.2990040383660912, "time_util": 1.0, "overall_util": 13223.697775407098, "drain": 147.532, "t_local": 19.83550293192405}, {"device_id": 20, "stat_util": 3999.59719601767, "device_util": 2.607396691984713, "time_util": 0.4621712389255759, "overall_util": 4819.769633538802, "drain": 294.61, "t_local": 32.45550293192405}, {"device_id": 21, "stat_util": 4331.041225902592, "device_util": 3.9678442109211347, "time_util": 1.0, "overall_util": 17184.896855458373, "drain": 75.581, "t_local": 24.837734039012904}, {"device_id": 22, "stat_util": 3996.6322338036975, "device_util": 2.358652422367983, "time_util": 0.33702007805771167, "overall_util": 3176.975812106785, "drain": 377.812, "t_local": 44.5077340390129}, {"device_id": 23, "stat_util": 4013.414219744566, "device_util": 2.7333526091896787, "time_util": 0.3759612008374376, "overall_util": 4124.323032445018, "drain": 259.744, "t_local": 39.8977340390129}, {"device_id": 24, "stat_util": 4010.0307787521842, "device_util": 2.607396691984713, "time_util": 1.0, "overall_util": 10455.740987275329, "drain": 294.61, "t_local": 29.103022348347785}, {"device_id": 25, "stat_util": 3940.0939151501016, "device_util": 3.2746970303611893, "time_util": 1.0, "overall_util": 12902.61384328623, "drain": 151.162, "t_local": 23.493022348347786}, {"device_id": 26, "stat_util": 4351.42901421877, "device_util": 3.0517996029279284, "time_util": 0.347519686618381, "overall_util": 4614.953477048474, "drain": 188.906, "t_local": 43.16302234834779}, {"device_id": 27, "stat_util": 4345.055060442495, "device_util": 3.823526870376636,