{"rnd": 3, "global_loss": 20.247384321689605, "global_accuracy": 0.3326326326326326, "global_accuracies": [3.5345345345345343, 3.7327327327327327, 3.6336336336336337, 3.8318318318318316, 3.237237237237237, 3.963963963963964, 3.5345345345345343, 3.7327327327327327, 3.8318318318318316, 3.5345345345345343, 3.369369369369369, 3.8978978978978978, 3.7327327327327327, 3.5015015015015014, 3.5675675675675675, 4.03003003003003, 3.6336336336336337, 3.7327327327327327, 3.6666666666666665, 3.5675675675675675, 3.600600600600601, 3.7327327327327327, 4.03003003003003, 3.4684684684684686, 3.996996996996997, 3.4354354354354357, 3.7327327327327327, 3.4024024024024024, 3.6996996996997, 3.4024024024024024], "global_examples": [11, 11, 11, 11, 11, 11, 11, 11, 11, 11, 11, 11, 11, 11, 11, 11, 11, 11, 11, 11, 11, 11, 11, 11, 11, 11, 11, 11, 11, 11], "user_loss": 20.234037470817565, "user_weighted_accuracy": 0.3319319319319319, "user_weighted_accuracy_var": 0.08531097664230798, "user_accuracy": 0.33193193193193193, "user_accuracy_var": 0.0007050493937380826, "user_accuracies": [0.35135135135135137, 0.35135135135135137, 0.3063063063063063, 0.35735735735735735, 0.3333333333333333, 0.3633633633633634, 0.30930930930930933, 0.33933933933933935, 0.34534534534534533, 0.30930930930930933, 0.2972972972972973, 0.34234234234234234, 0.33933933933933935, 0.3333333333333333, 0.3213213213213213, 0.34234234234234234, 0.3813813813813814, 0.3633633633633634, 0.3633633633633634, 0.3333333333333333, 0.32432432432432434, 0.2882882882882883, 0.36936936936936937, 0.30930930930930933, 0.36036036036036034, 0.3063063063063063, 0.3033033033033033, 0.2702702702702703, 0.33933933933933935, 0.3033033033033033], "device_weighted_accuracy": 0.3326326326326326, "device_weighted_accuracy_var": 0.04020518015513011, "device_accuracy": 0.33263263263263265, "device_accuracy_var": 0.0003322742161581003, "device_accuracies": [0.3213213213213213, 0.33933933933933935, 0.3303303303303303, 0.3483483483483483, 0.29429429429429427, 0.36036036036036034, 0.3213213213213213, 0.33933933933933935, 0.3483483483483483, 0.3213213213213213, 0.3063063063063063, 0.35435435435435436, 0.33933933933933935, 0.3183183183183183, 0.32432432432432434, 0.3663663663663664, 0.3303303303303303, 0.33933933933933935, 0.3333333333333333, 0.32432432432432434, 0.32732732732732733, 0.33933933933933935, 0.3663663663663664, 0.3153153153153153, 0.3633633633633634, 0.3123123123123123, 0.33933933933933935, 0.30930930930930933, 0.33633633633633636, 0.30930930930930933], "total_loss": 28066.090328145026, "dead_devices": 0, "max_round_time": 52.15396084623217, "selected_devices": [15, 8, 26, 6, 4, 13, 18, 27, 2, 1, 14, 3, 29, 21, 0], "device_snapshot": [{"device_id": 0, "stat_util": 3687.796645804935, "device_util": 3.1303796898166905, "time_util": 0.29585981514484144, "overall_util": 3415.4659786533202, "drain": 174.63, "t_local": 50.699686919822426}, {"device_id": 1, "stat_util": 3753.043274921831, "device_util": 3.3898357437789217, "time_util": 1.0, "overall_util": 12722.200241279126, "drain": 134.722, "t_local": 11.499686919822423}, {"device_id": 2, "stat_util": 3737.2879070792064, "device_util": 3.3898357437789217, "time_util": 1.0, "overall_util": 12668.792132209812, "drain": 134.722, "t_local": 11.499686919822423}, {"device_id": 3, "stat_util": 3683.4533092752526, "device_util": 2.607396691984713, "time_util": 0.49317345669824425, "overall_util": 4736.548336006102, "drain": 294.61, "t_local": 30.415262209008098}, {"device_id": 4, "stat_util": 3708.0499640604307, "device_util": 2.7333526091896787, "time_util": 0.37626743607898677, "overall_util": 3813.623998431913, "drain": 259.744, "t_local": 39.865262209008094}, {"device_id": 5, "stat_util": 3959.126431496662, "device_util": 3.2990040383660912, "time_util": 1.0, "overall_util": 13061.17408590942, "drain": 147.532, "t_local": 17.795262209008094}, {"device_id": 6, "stat_util": 3826.841485651994, "device_util": 2.358652422367983, "time_util": 0.34733378555637756, "overall_util": 3135.100373729882, "drain": 377.812, "t_local": 43.186124194547354}, {"device_id": 7, "stat_util": 3967.396506423147, "device_util": 2.607396691984713, "time_util": 1.0, "overall_util": 10344.576526639421, "drain": 294.61, "t_local": 29.126124194547355}, {"device_id": 8, "stat_util": 3690.382422321704, "device_util": 3.367971734033835, "time_util": 1.0, "overall_util": 12429.103686154813, "drain": 137.7, "t_local": 16.396124194547355}, {"device_id": 9, "stat_util": 4066.325294754536, "device_util": 2.358652422367983, "time_util": 0.32903076993686325, "overall_util": 3155.7499101159733, "drain": 377.812, "t_local": 45.58844147882675}, {"device_id": 10, "stat_util": 3936.43409390063, "device_util": 3.367971734033835, "time_util": 1.0, "overall_util": 13257.798761144413, "drain": 137.7, "t_local": 18.798441478826746}, {"device_id": 11, "stat_util": 3995.532425008318, "device_util": 3.367971734033835, "time_util": 1.0, "overall_util": 13456.840269843678, "drain": 137.7, "t_local": 18.798441478826746}, {"device_id": 12, "stat_util": 3912.659307247344, "device_util": 3.2746970303611893, "time_util": 1.0, "overall_util": 12812.773814257946, "drain": 151.162, "t_local": 24.747789395318843}, {"device_id": 13, "stat_util": 3792.861181201535, "device_util": 3.367971734033835, "time_util": 1.0, "overall_util": 12774.249249400953, "drain": 137.7, "t_local": 17.627789395318842}, {"device_id": 14, "stat_util": 3652.8591891122924, "device_util": 3.1303796898166905, "time_util": 0.28880705502941467, "overall_util": 3302.461372101064, "drain": 174.63, "t_local": 51.937789395318845}, {"device_id": 15, "stat_util": 3700.287660823217, "device_util": 3.367971734033835, "time_util": 1.0, "overall_util": 12462.464249446772, "drain": 137.7, "t_local": 16.334837744156157}, {"device_id": 16, "stat_util": 3968.388245359503, "device_util": 2.607396691984713, "time_util": 1.0, "overall_util": 10347.162383461387, "drain": 294.61, "t_local": 29.064837744156158}, {"device_id": 17, "stat_util": 3923.1375420783584, "device_util": 3.3898357437789217, "time_util": 1.0, "overall_util": 13298.791867898202, "drain": 134.722, "t_local": 11.444837744156155}, {"device_id": 18, "stat_util": 3737.0842462730484, "device_util": 3.2990040383660912, "time_util": 1.0, "overall_util": 12328.656020169086, "drain": 147.532, "t_local": 19.83550293192405}, {"device_id": 19, "stat_util": 4008.3909027151244, "device_util": 3.2990040383660912, "time_util": 1.0, "overall_util": 13223.697775407098, "drain": 147.532, "t_local": 19.83550293192405}, {"device_id": 20, "stat_util": 3999.59719601767, "device_util": 2.607396691984713, "time_util": 0.4621712389255759, "overall_util": 4819.769633538802, "drain": 294.61, "t_local": 32.45550293192405}, {"device_id": 21, "stat_util": 3676.6984236740377, "device_util": 3.2746970303611893, "time_util": 1.0, "overall_util": 12040.073409539038, "drain": 151.162, "t_local": 24.837734039012904}, {"device_id": 22, "stat_util": 3996.6322338036975, "device_util": 2.358652422367983, "time_util": 0.33702007805771167, "overall_util": 3176.975812106785, "drain": 377.812, "t_local": 44.5077340390129}, {"device_id": 23, "stat_util": 4013.414219744566, "device_util": 2.7333526091896787, "time_util": 0.3759612008374376, "overall_util": 4124.323032445018, "drain": 259.744, "t_local": 39.8977340390129}, {"device_id": 24, "stat_util": 4010.0307787521842, "device_util": 2.607396691984713, "time_util": 1.0, "overall_util": 10455.740987275329, "drain": 294.61, "t_local": 29.103022348347785}, {"device_id": 25, "stat_util": 3940.0939151501016, "device_util": 3.2746970303611893, "time_util": 1.0, "overall_util": 12902.61384328623, "drain": 151.162, "t_local": 23.493022348347786}, {"device_id": 26, "stat_util": 3805.4202561479783, "device_util": 2.358652422367983, "time_util": 0.347519686618381, "overall_util": 3119.2198380549203, "drain": 377.812, "t_local": 43.16302234834779}, {"device_id": 27, "stat_util": 3816.014065195141, "device_util": 3.1303796898166905,