{"rnd": 4, "global_loss": 19.500385582447052, "global_accuracy": 0.35985985985986, "global_accuracies": [3.864864864864865, 3.864864864864865, 3.6666666666666665, 3.8318318318318316, 3.963963963963964, 3.864864864864865, 3.765765765765766, 4.195195195195195, 4.03003003003003, 4.195195195195195, 3.6336336336336337, 3.996996996996997, 4.78978978978979, 4.096096096096096, 3.7327327327327327, 4.195195195195195, 3.600600600600601, 3.600600600600601, 3.8318318318318316, 4.096096096096096, 4.426426426426426, 4.063063063063063, 4.03003003003003, 3.8318318318318316, 4.063063063063063, 3.864864864864865, 3.6996996996997, 4.03003003003003, 3.8978978978978978, 4.03003003003003], "global_examples": [11, 11, 11, 11, 11, 11, 11, 11, 11, 11, 11, 11, 11, 11, 11, 11, 11, 11, 11, 11, 11, 11, 11, 11, 11, 11, 11, 11, 11, 11], "user_loss": 19.625705194473266, "user_weighted_accuracy": 0.35705705705705704, "user_weighted_accuracy_var": 0.0801181662142622, "user_accuracy": 0.357057057057057, "user_accuracy_var": 0.0006621336050765474, "user_accuracies": [0.35435435435435436, 0.35435435435435436, 0.33633633633633636, 0.32732732732732733, 0.35435435435435436, 0.34234234234234234, 0.3303303303303303, 0.34234234234234234, 0.34534534534534533, 0.37537537537537535, 0.3333333333333333, 0.4024024024024024, 0.4294294294294294, 0.3843843843843844, 0.3333333333333333, 0.36036036036036034, 0.34234234234234234, 0.2972972972972973, 0.35735735735735735, 0.3483483483483483, 0.3993993993993994, 0.36936936936936937, 0.35735735735735735, 0.34234234234234234, 0.3963963963963964, 0.35135135135135137, 0.3663663663663664, 0.35735735735735735, 0.3633633633633634, 0.35735735735735735], "device_weighted_accuracy": 0.35985985985986, "device_weighted_accuracy_var": 0.06162143124105082, "device_accuracy": 0.3598598598598598, "device_accuracy_var": 0.0005092680267855443, "device_accuracies": [0.35135135135135137, 0.35135135135135137, 0.3333333333333333, 0.3483483483483483, 0.36036036036036034, 0.35135135135135137, 0.34234234234234234, 0.3813813813813814, 0.3663663663663664, 0.3813813813813814, 0.3303303303303303, 0.3633633633633634, 0.43543543543543545, 0.37237237237237236, 0.33933933933933935, 0.3813813813813814, 0.32732732732732733, 0.32732732732732733, 0.3483483483483483, 0.37237237237237236, 0.4024024024024024, 0.36936936936936937, 0.3663663663663664, 0.3483483483483483, 0.36936936936936937, 0.35135135135135137, 0.33633633633633636, 0.3663663663663664, 0.35435435435435436, 0.3663663663663664], "total_loss": 26775.898746679228, "dead_devices": 0, "max_round_time": 52.15396084623217, "selected_devices": [9, 23, 24, 19, 20, 22, 11, 28, 16, 7, 5, 25, 10, 17, 12], "device_snapshot": [{"device_id": 0, "stat_util": 3687.796645804935, "device_util": 3.1303796898166905, "time_util": 0.29585981514484144, "overall_util": 3415.4659786533202, "drain": 174.63, "t_local": 50.699686919822426}, {"device_id": 1, "stat_util": 3753.043274921831, "device_util": 3.3898357437789217, "time_util": 1.0, "overall_util": 12722.200241279126, "drain": 134.722, "t_local": 11.499686919822423}, {"device_id": 2, "stat_util": 3737.2879070792064, "device_util": 3.3898357437789217, "time_util": 1.0, "overall_util": 12668.792132209812, "drain": 134.722, "t_local": 11.499686919822423}, {"device_id": 3, "stat_util": 3683.4533092752526, "device_util": 2.607396691984713, "time_util": 0.49317345669824425, "overall_util": 4736.548336006102, "drain": 294.61, "t_local": 30.415262209008098}, {"device_id": 4, "stat_util": 3708.0499640604307, "device_util": 2.7333526091896787, "time_util": 0.37626743607898677, "overall_util": 3813.623998431913, "drain": 259.744, "t_local": 39.865262209008094}, {"device_id": 5, "stat_util": 3630.1977255193497, "device_util": 2.893538930257927, "time_util": 1.0, "overall_util": 10504.11844332402, "drain": 221.298, "t_local": 17.795262209008094}, {"device_id": 6, "stat_util": 3826.841485651994, "device_util": 2.358652422367983, "time_util": 0.34733378555637756, "overall_util": 3135.100373729882, "drain": 377.812, "t_local": 43.186124194547354}, {"device_id": 7, "stat_util": 3626.935036376354, "device_util": 2.201931583876549, "time_util": 1.0, "overall_util": 7986.262809265534, "drain": 441.915, "t_local": 29.126124194547355}, {"device_id": 8, "stat_util": 3690.382422321704, "device_util": 3.367971734033835, "time_util": 1.0, "overall_util": 12429.103686154813, "drain": 137.7, "t_local": 16.396124194547355}, {"device_id": 9, "stat_util": 3669.028695581829, "device_util": 1.9531873142598186, "time_util": 0.32903076993686325, "overall_util": 2357.9333065797014, "drain": 566.7180000000001, "t_local": 45.58844147882675}, {"device_id": 10, "stat_util": 3575.0828602634733, "device_util": 2.9625066259256707, "time_util": 1.0, "overall_util": 10591.20666176384, "drain": 206.54999999999998, "t_local": 18.798441478826746}, {"device_id": 11, "stat_util": 3593.8339002982384, "device_util": 2.9625066259256707, "time_util": 1.0, "overall_util": 10646.756742109828, "drain": 206.54999999999998, "t_local": 18.798441478826746}, {"device_id": 12, "stat_util": 3596.7888830276984, "device_util": 2.869231922253025, "time_util": 1.0, "overall_util": 10320.021480787875, "drain": 226.743, "t_local": 24.747789395318843}, {"device_id": 13, "stat_util": 3792.861181201535, "device_util": 3.367971734033835, "time_util": 1.0, "overall_util": 12774.249249400953, "drain": 137.7, "t_local": 17.627789395318842}, {"device_id": 14, "stat_util": 3652.8591891122924, "device_util": 3.1303796898166905, "time_util": 0.28880705502941467, "overall_util": 3302.461372101064, "drain": 174.63, "t_local": 51.937789395318845}, {"device_id": 15, "stat_util": 3700.287660823217, "device_util": 3.367971734033835, "time_util": 1.0, "overall_util": 12462.464249446772, "drain": 137.7, "t_local": 16.334837744156157}, {"device_id": 16, "stat_util": 3617.679263664196, "device_util": 2.201931583876549, "time_util": 1.0, "overall_util": 7965.88223099745, "drain": 441.915, "t_local": 29.064837744156158}, {"device_id": 17, "stat_util": 3557.250508192863, "device_util": 2.984370635670757, "time_util": 1.0, "overall_util": 10616.15396037566, "drain": 202.08300000000003, "t_local": 11.444837744156155}, {"device_id": 18, "stat_util": 3737.0842462730484, "device_util": 3.2990040383660912, "time_util": 1.0, "overall_util": 12328.656020169086, "drain": 147.532, "t_local": 19.83550293192405}, {"device_id": 19, "stat_util": 3649.6841187845307, "device_util": 2.893538930257927, "time_util": 1.0, "overall_util": 10560.503080847137, "drain": 221.298, "t_local": 19.83550293192405}, {"device_id": 20, "stat_util": 3709.011930303884, "device_util": 2.201931583876549, "time_util": 0.4621712389255759, "overall_util": 3774.5481242925634, "drain": 441.915, "t_local": 32.45550293192405}, {"device_id": 21, "stat_util": 3676.6984236740377, "device_util": 3.2746970303611893, "time_util": 1.0, "overall_util": 12040.073409539038, "drain": 151.162, "t_local": 24.837734039012904}, {"device_id": 22, "stat_util": 3664.5926485214914, "device_util": 1.9531873142598186, "time_util": 0.33702007805771167, "overall_util": 2412.2670006345406, "drain": 566.7180000000001, "t_local": 44.5077340390129}, {"device_id": 23, "stat_util": 3611.3047058596376, "device_util": 2.3278875010815145, "time_util": 0.3759612008374376, "overall_util": 3160.5971955000887, "drain": 389.61600000000004, "t_local": 39.8977340390129}, {"device_id": 24, "stat_util": 3635.309447208291, "device_util": 2.201931583876549, "time_util": 1.0, "overall_util": 8004.702688972734, "drain": 441.915, "t_local": 29.103022348347785}, {"device_id": 25, "stat_util": 3631.95012785973, "device_util": 2.869231922253025, "time_util": 1.0, "overall_util": 10420.907246886094, "drain": 226.743, "t_local": 23.493022348347786}, {"device_id": 26, "stat_util": 3805.4202561479783, "device_util": 2.358652422367983, "time_util": 0.347519686618381, "overall_util": 3119.2198380549203, "drain": 377.812, "t_local": 43.16302234834779}, {"device_id": 27,