{"rnd": 5, "global_loss": 19.170061401526134, "global_accuracy": 0.3710710710710711, "global_accuracies": [4.063063063063063, 4.45945945945946, 4.327327327327327, 4.03003003003003, 4.426426426426426, 3.6666666666666665, 4.294294294294294, 3.5345345345345343, 4.327327327327327, 4.261261261261261, 4.096096096096096, 4.096096096096096, 3.8318318318318316, 3.996996996996997, 4.36036036036036, 4.261261261261261, 3.6336336336336337, 4.03003003003003, 3.996996996996997, 3.6996996996997, 3.996996996996997, 4.426426426426426, 3.930930930930931, 4.261261261261261, 3.7327327327327327, 3.6336336336336337, 4.162162162162162, 4.36036036036036, 4.393393393393393, 4.162162162162162], "global_examples": [11, 11, 11, 11, 11, 11, 11, 11, 11, 11, 11, 11, 11, 11, 11, 11, 11, 11, 11, 11, 11, 11, 11, 11, 11, 11, 11, 11, 11, 11], "user_loss": 19.111815369129182, "user_weighted_accuracy": 0.3714714714714714, "user_weighted_accuracy_var": 0.08075832589346103, "user_accuracy": 0.3714714714714714, "user_accuracy_var": 0.000667424180937695, "user_accuracies": [0.38738738738738737, 0.3963963963963964, 0.42042042042042044, 0.36036036036036034, 0.36936936936936937, 0.3483483483483483, 0.37537537537537535, 0.34534534534534533, 0.35435435435435436, 0.3963963963963964, 0.35435435435435436, 0.36036036036036034, 0.3213213213213213, 0.3963963963963964, 0.3933933933933934, 0.37537537537537535, 0.3783783783783784, 0.34234234234234234, 0.4024024024024024, 0.3213213213213213, 0.3633633633633634, 0.40540540540540543, 0.37537537537537535, 0.39039039039039036, 0.3213213213213213, 0.37237237237237236, 0.35735735735735735, 0.40540540540540543, 0.3933933933933934, 0.36036036036036034], "device_weighted_accuracy": 0.3710710710710711, "device_weighted_accuracy_var": 0.07206767327888446, "device_accuracy": 0.3710710710710711, "device_accuracy_var": 0.0005956006056106155, "device_accuracies": [0.36936936936936937, 0.40540540540540543, 0.3933933933933934, 0.3663663663663664, 0.4024024024024024, 0.3333333333333333, 0.39039039039039036, 0.3213213213213213, 0.3933933933933934, 0.38738738738738737, 0.37237237237237236, 0.37237237237237236, 0.3483483483483483, 0.3633633633633634, 0.3963963963963964, 0.38738738738738737, 0.3303303303303303, 0.3663663663663664, 0.3633633633633634, 0.33633633633633636, 0.3633633633633634, 0.4024024024024024, 0.35735735735735735, 0.38738738738738737, 0.33933933933933935, 0.3303303303303303, 0.3783783783783784, 0.3963963963963964, 0.3993993993993994, 0.3783783783783784], "total_loss": 26003.0358828336, "dead_devices": 0, "max_round_time": 52.15396084623217, "selected_devices": [6, 27, 26, 13, 1, 2, 18, 20, 4, 15, 29, 8, 0, 3, 21], "device_snapshot": [{"device_id": 0, "stat_util": 3454.724353053558, "device_util": 2.724914581708526, "time_util": 0.29585981514484144, "overall_util": 2785.1736383421135, "drain": 261.945, "t_local": 50.699686919822426}, {"device_id": 1, "stat_util": 3587.9228118327133, "device_util": 2.984370635670757, "time_util": 1.0, "overall_util": 10707.691482686805, "drain": 202.08300000000003, "t_local": 11.499686919822423}, {"device_id": 2, "stat_util": 3553.595316091177, "device_util": 2.984370635670757, "time_util": 1.0, "overall_util": 10605.245512399651, "drain": 202.08300000000003, "t_local": 11.499686919822423}, {"device_id": 3, "stat_util": 3488.3156849864945, "device_util": 2.201931583876549, "time_util": 0.49317345669824425, "overall_util": 3788.081339816048, "drain": 441.915, "t_local": 30.415262209008098}, {"device_id": 4, "stat_util": 3468.512070126615, "device_util": 2.3278875010815145, "time_util": 0.37626743607898677, "overall_util": 3038.098377378897, "drain": 389.61600000000004, "t_local": 39.865262209008094}, {"device_id": 5, "stat_util": 3630.1977255193497, "device_util": 2.893538930257927, "time_util": 1.0, "overall_util": 10504.11844332402, "drain": 221.298, "t_local": 17.795262209008094}, {"device_id": 6, "stat_util": 3564.103064125932, "device_util": 1.9531873142598186, "time_util": 0.34733378555637756, "overall_util": 2417.915831091502, "drain": 566.7180000000001, "t_local": 43.186124194547354}, {"device_id": 7, "stat_util": 3626.935036376354, "device_util": 2.201931583876549, "time_util": 1.0, "overall_util": 7986.262809265534, "drain": 441.915, "t_local": 29.126124194547355}, {"device_id": 8, "stat_util": 3514.5935179782628, "device_util": 2.9625066259256707, "time_util": 1.0, "overall_util": 10412.006584446017, "drain": 206.54999999999998, "t_local": 16.396124194547355}, {"device_id": 9, "stat_util": 3669.028695581829, "device_util": 1.9531873142598186, "time_util": 0.32903076993686325, "overall_util": 2357.9333065797014, "drain": 566.7180000000001, "t_local": 45.58844147882675}, {"device_id": 10, "stat_util": 3575.0828602634733, "device_util": 2.9625066259256707, "time_util": 1.0, "overall_util": 10591.20666176384, "drain": 206.54999999999998, "t_local": 18.798441478826746}, {"device_id": 11, "stat_util": 3593.8339002982384, "device_util": 2.9625066259256707, "time_util": 1.0, "overall_util": 10646.756742109828, "drain": 206.54999999999998, "t_local": 18.798441478826746}, {"device_id": 12, "stat_util": 3596.7888830276984, "device_util": 2.869231922253025, "time_util": 1.0, "overall_util": 10320.021480787875, "drain": 226.743, "t_local": 24.747789395318843}, {"device_id": 13, "stat_util": 3554.1229321923847, "device_util": 2.9625066259256707, "time_util": 1.0, "overall_util": 10529.112735974313, "drain": 206.54999999999998, "t_local": 17.627789395318842}, {"device_id": 14, "stat_util": 3652.8591891122924, "device_util": 3.1303796898166905, "time_util": 0.28880705502941467, "overall_util": 3302.461372101064, "drain": 174.63, "t_local": 51.937789395318845}, {"device_id": 15, "stat_util": 3490.0518019953784, "device_util": 2.9625066259256707, "time_util": 1.0, "overall_util": 10339.301588235136, "drain": 206.54999999999998, "t_local": 16.334837744156157}, {"device_id": 16, "stat_util": 3617.679263664196, "device_util": 2.201931583876549, "time_util": 1.0, "overall_util": 7965.88223099745, "drain": 441.915, "t_local": 29.064837744156158}, {"device_id": 17, "stat_util": 3557.250508192863, "device_util": 2.984370635670757, "time_util": 1.0, "overall_util": 10616.15396037566, "drain": 202.08300000000003, "t_local": 11.444837744156155}, {"device_id": 18, "stat_util": 3502.818066453434, "device_util": 2.893538930257927, "time_util": 1.0, "overall_util": 10135.54044089381, "drain": 221.298, "t_local": 19.83550293192405}, {"device_id": 19, "stat_util": 3649.6841187845307, "device_util": 2.893538930257927, "time_util": 1.0, "overall_util": 10560.503080847137, "drain": 221.298, "t_local": 19.83550293192405}, {"device_id": 20, "stat_util": 3621.6674671458845, "device_util": 1.914249511424768, "time_util": 0.4621712389255759, "overall_util": 3204.1292939144687, "drain": 589.22, "t_local": 32.45550293192405}, {"device_id": 21, "stat_util": 3492.019220179343, "device_util": 2.869231922253025, "time_util": 1.0, "overall_util": 10019.413019659685, "drain": 226.743, "t_local": 24.837734039012904}, {"device_id": 22, "stat_util": 3664.5926485214914, "device_util": 1.9531873142598186, "time_util": 0.33702007805771167, "overall_util": 2412.2670006345406, "drain": 566.7180000000001, "t_local": 44.5077340390129}, {"device_id": 23, "stat_util": 3611.3047058596376, "device_util": 2.3278875010815145, "time_util": 0.3759612008374376, "overall_util": 3160.5971955000887, "drain": 389.61600000000004, "t_local": 39.8977340390129}, {"device_id": 24, "stat_util": 3635.309447208291, "device_util": 2.201931583876549, "time_util": 1.0, "overall_util": 8004.702688972734, "drain": 441.915, "t_local": 29.103022348347785}, {"device_id": 25, "stat_util": 3631.95012785973, "device_util": 2.869231922253025, "time_util": 1.0, "overall_util": 10420.907246886094, "drain": 226.743, "t_local": 23.493022348347786}, {"device_id": 26, "stat_util": 3583.595713770264, "device_util": 1.9531873142598186, "time_util": 0.347519686618381, "overall_util": 2432.441001611139,