{"rnd": 6, "global_loss": 18.795407021045683, "global_accuracy": 0.3774774774774775, "global_accuracies": [4.162162162162162, 3.8978978978978978, 4.426426426426426, 3.8318318318318316, 4.294294294294294, 4.426426426426426, 4.45945945945946, 3.7327327327327327, 3.996996996996997, 4.162162162162162, 3.996996996996997, 4.525525525525525, 3.798798798798799, 4.426426426426426, 3.765765765765766, 4.591591591591591, 4.558558558558558, 4.162162162162162, 3.963963963963964, 4.558558558558558, 3.6666666666666665, 3.864864864864865, 4.591591591591591, 4.228228228228228, 3.6996996996997, 4.36036036036036, 3.996996996996997, 3.963963963963964, 4.723723723723723, 3.7327327327327327], "global_examples": [11, 11, 11, 11, 11, 11, 11, 11, 11, 11, 11, 11, 11, 11, 11, 11, 11, 11, 11, 11, 11, 11, 11, 11, 11, 11, 11, 11, 11, 11], "user_loss": 18.822671580314637, "user_weighted_accuracy": 0.38328328328328326, "user_weighted_accuracy_var": 0.09358576795013226, "user_accuracy": 0.3832832832832832, "user_accuracy_var": 0.0007734360987614242, "user_accuracies": [0.4144144144144144, 0.3783783783783784, 0.3963963963963964, 0.35135135135135137, 0.37237237237237236, 0.42042042042042044, 0.40540540540540543, 0.35435435435435436, 0.35735735735735735, 0.36936936936936937, 0.39039039039039036, 0.4144144144144144, 0.3663663663663664, 0.3993993993993994, 0.3843843843843844, 0.4144144144144144, 0.4114114114114114, 0.3483483483483483, 0.3783783783783784, 0.44744744744744747, 0.35735735735735735, 0.35735735735735735, 0.42342342342342343, 0.39039039039039036, 0.34234234234234234, 0.3813813813813814, 0.36036036036036034, 0.35135135135135137, 0.4144144144144144, 0.34534534534534533], "device_weighted_accuracy": 0.3774774774774775, "device_weighted_accuracy_var": 0.10105429754078393, "device_accuracy": 0.3774774774774775, "device_accuracy_var": 0.0008351594838081322, "device_accuracies": [0.3783783783783784, 0.35435435435435436, 0.4024024024024024, 0.3483483483483483, 0.39039039039039036, 0.4024024024024024, 0.40540540540540543, 0.33933933933933935, 0.3633633633633634, 0.3783783783783784, 0.3633633633633634, 0.4114114114114114, 0.34534534534534533, 0.4024024024024024, 0.34234234234234234, 0.4174174174174174, 0.4144144144144144, 0.3783783783783784, 0.36036036036036034, 0.4144144144144144, 0.3333333333333333, 0.35135135135135137, 0.4174174174174174, 0.3843843843843844, 0.33633633633633636, 0.3963963963963964, 0.3633633633633634, 0.36036036036036034, 0.4294294294294294, 0.33933933933933935], "total_loss": 25449.732017946244, "dead_devices": 0, "max_round_time": 52.15396084623217, "selected_devices": [9, 22, 14, 19, 24, 25, 5, 7, 20, 16, 23, 28, 12, 11, 1], "device_snapshot": [{"device_id": 0, "stat_util": 3454.724353053558, "device_util": 2.724914581708526, "time_util": 0.29585981514484144, "overall_util": 2785.1736383421135, "drain": 261.945, "t_local": 50.699686919822426}, {"device_id": 1, "stat_util": 3456.396986342807, "device_util": 2.6966885632189763, "time_util": 1.0, "overall_util": 9320.826223015183, "drain": 269.444, "t_local": 11.499686919822423}, {"device_id": 2, "stat_util": 3553.595316091177, "device_util": 2.984370635670757, "time_util": 1.0, "overall_util": 10605.245512399651, "drain": 202.08300000000003, "t_local": 11.499686919822423}, {"device_id": 3, "stat_util": 3488.3156849864945, "device_util": 2.201931583876549, "time_util": 0.49317345669824425, "overall_util": 3788.081339816048, "drain": 441.915, "t_local": 30.415262209008098}, {"device_id": 4, "stat_util": 3468.512070126615, "device_util": 2.3278875010815145, "time_util": 0.37626743607898677, "overall_util": 3038.098377378897, "drain": 389.61600000000004, "t_local": 39.865262209008094}, {"device_id": 5, "stat_util": 3498.806662557842, "device_util": 2.6058568578061463, "time_util": 1.0, "overall_util": 9117.389335764188, "drain": 295.064, "t_local": 17.795262209008094}, {"device_id": 6, "stat_util": 3564.103064125932, "device_util": 1.9531873142598186, "time_util": 0.34733378555637756, "overall_util": 2417.915831091502, "drain": 566.7180000000001, "t_local": 43.186124194547354}, {"device_id": 7, "stat_util": 3455.7408844869847, "device_util": 1.914249511424768, "time_util": 1.0, "overall_util": 6615.150299739806, "drain": 589.22, "t_local": 29.126124194547355}, {"device_id": 8, "stat_util": 3514.5935179782628, "device_util": 2.9625066259256707, "time_util": 1.0, "overall_util": 10412.006584446017, "drain": 206.54999999999998, "t_local": 16.396124194547355}, {"device_id": 9, "stat_util": 3502.817548342968, "device_util": 1.6655052418080376, "time_util": 0.32903076993686325, "overall_util": 1919.5526756179863, "drain": 755.624, "t_local": 45.58844147882675}, {"device_id": 10, "stat_util": 3575.0828602634733, "device_util": 2.9625066259256707, "time_util": 1.0, "overall_util": 10591.20666176384, "drain": 206.54999999999998, "t_local": 18.798441478826746}, {"device_id": 11, "stat_util": 3469.845721181573, "device_util": 2.67482455347389, "time_util": 1.0, "overall_util": 9281.228531782788, "drain": 275.4, "t_local": 18.798441478826746}, {"device_id": 12, "stat_util": 3455.165027267779, "device_util": 2.581549849801244, "time_util": 1.0, "overall_util": 8919.680757181646, "drain": 302.324, "t_local": 24.747789395318843}, {"device_id": 13, "stat_util": 3554.1229321923847, "device_util": 2.9625066259256707, "time_util": 1.0, "overall_util": 10529.112735974313, "drain": 206.54999999999998, "t_local": 17.627789395318842}, {"device_id": 14, "stat_util": 3320.0698912592165, "device_util": 2.724914581708526, "time_util": 0.28880705502941467, "overall_util": 2612.810527068488, "drain": 261.945, "t_local": 51.937789395318845}, {"device_id": 15, "stat_util": 3490.0518019953784, "device_util": 2.9625066259256707, "time_util": 1.0, "overall_util": 10339.301588235136, "drain": 206.54999999999998, "t_local": 16.334837744156157}, {"device_id": 16, "stat_util": 3459.195865079076, "device_util": 1.914249511424768, "time_util": 1.0, "overall_util": 6621.7639946501995, "drain": 589.22, "t_local": 29.064837744156158}, {"device_id": 17, "stat_util": 3557.250508192863, "device_util": 2.984370635670757, "time_util": 1.0, "overall_util": 10616.15396037566, "drain": 202.08300000000003, "t_local": 11.444837744156155}, {"device_id": 18, "stat_util": 3502.818066453434, "device_util": 2.893538930257927, "time_util": 1.0, "overall_util": 10135.54044089381, "drain": 221.298, "t_local": 19.83550293192405}, {"device_id": 19, "stat_util": 3471.5168869250956, "device_util": 2.6058568578061463, "time_util": 1.0, "overall_util": 9046.276086783604, "drain": 295.064, "t_local": 19.83550293192405}, {"device_id": 20, "stat_util": 3545.893627439256, "device_util": 1.6911059601105582, "time_util": 0.4621712389255759, "overall_util": 2771.401444552388, "drain": 736.5250000000001, "t_local": 32.45550293192405}, {"device_id": 21, "stat_util": 3492.019220179343, "device_util": 2.869231922253025, "time_util": 1.0, "overall_util": 10019.413019659685, "drain": 226.743, "t_local": 24.837734039012904}, {"device_id": 22, "stat_util": 3476.424250484998, "device_util": 1.6655052418080376, "time_util": 0.33702007805771167, "overall_util": 1951.3471996314713, "drain": 755.624, "t_local": 44.5077340390129}, {"device_id": 23, "stat_util": 3464.8863738715354, "device_util": 2.0402054286297338, "time_util": 0.3759612008374376, "overall_util": 2657.699801690089, "drain": 519.488, "t_local": 39.8977340390129}, {"device_id": 24, "stat_util": 3521.7277888837284, "device_util": 1.914249511424768, "time_util": 1.0, "overall_util": 6741.465699241706, "drain": 589.22, "t_local": 29.103022348347785}, {"device_id": 25, "stat_util": 3490.3263536783434, "device_util": 2.581549849801244, "time_util": 1.0, "overall_util": 9010.451474095651, "drain": 302.324, "t_local": 23.493022348347786}, {"device_id": 26, "stat_util": 3583.595713770264, "device_util": 1.9531873142598186, "time_util": 0.347519686618381, "overall_util": 2432.441001611139, "drain": 566.7180000000001,