{"rnd": 7, "global_loss": 18.45626958211263, "global_accuracy": 0.4001001001001001, "global_accuracies": [4.888888888888888, 4.096096096096096, 3.765765765765766, 4.426426426426426, 4.45945945945946, 4.36036036036036, 4.228228228228228, 3.963963963963964, 4.78978978978979, 4.723723723723723, 4.327327327327327, 4.591591591591591, 4.921921921921922, 4.4924924924924925, 4.162162162162162, 4.987987987987988, 4.294294294294294, 4.03003003003003, 4.063063063063063, 4.36036036036036, 4.624624624624625, 4.261261261261261, 4.954954954954955, 4.393393393393393, 4.4924924924924925, 4.162162162162162, 4.525525525525525, 4.195195195195195, 4.45945945945946, 4.03003003003003], "global_examples": [11, 11, 11, 11, 11, 11, 11, 11, 11, 11, 11, 11, 11, 11, 11, 11, 11, 11, 11, 11, 11, 11, 11, 11, 11, 11, 11, 11, 11, 11], "user_loss": 18.414990516503654, "user_weighted_accuracy": 0.39619619619619617, "user_weighted_accuracy_var": 0.09936539141744347, "user_accuracy": 0.39619619619619617, "user_accuracy_var": 0.000821201581962343, "user_accuracies": [0.42342342342342343, 0.3633633633633634, 0.33933933933933935, 0.4144144144144144, 0.43543543543543545, 0.40540540540540543, 0.3483483483483483, 0.3933933933933934, 0.39039039039039036, 0.4264264264264264, 0.3783783783783784, 0.40540540540540543, 0.4174174174174174, 0.4294294294294294, 0.39039039039039036, 0.4594594594594595, 0.4114114114114114, 0.3843843843843844, 0.35735735735735735, 0.39039039039039036, 0.4024024024024024, 0.37237237237237236, 0.43543543543543545, 0.36036036036036034, 0.40540540540540543, 0.3483483483483483, 0.42042042042042044, 0.3933933933933934, 0.3963963963963964, 0.38738738738738737], "device_weighted_accuracy": 0.4001001001001001, "device_weighted_accuracy_var": 0.09483698914129343, "device_accuracy": 0.40010010010010005, "device_accuracy_var": 0.0007837767697627557, "device_accuracies": [0.4444444444444444, 0.37237237237237236, 0.34234234234234234, 0.4024024024024024, 0.40540540540540543, 0.3963963963963964, 0.3843843843843844, 0.36036036036036034, 0.43543543543543545, 0.4294294294294294, 0.3933933933933934, 0.4174174174174174, 0.44744744744744747, 0.4084084084084084, 0.3783783783783784, 0.45345345345345345, 0.39039039039039036, 0.3663663663663664, 0.36936936936936937, 0.3963963963963964, 0.42042042042042044, 0.38738738738738737, 0.45045045045045046, 0.3993993993993994, 0.4084084084084084, 0.3783783783783784, 0.4114114114114114, 0.3813813813813814, 0.40540540540540543, 0.3663663663663664], "total_loss": 24972.113846208653, "dead_devices": 0, "max_round_time": 52.15396084623217, "selected_devices": [26, 10, 6, 17, 13, 2, 20, 28, 27, 24, 8, 18, 9, 5, 21], "device_snapshot": [{"device_id": 0, "stat_util": 3454.724353053558, "device_util": 2.724914581708526, "time_util": 0.29585981514484144, "overall_util": 2785.1736383421135, "drain": 261.945, "t_local": 50.699686919822426}, {"device_id": 1, "stat_util": 3456.396986342807, "device_util": 2.6966885632189763, "time_util": 1.0, "overall_util": 9320.826223015183, "drain": 269.444, "t_local": 11.499686919822423}, {"device_id": 2, "stat_util": 3378.98534434277, "device_util": 2.6966885632189763, "time_util": 1.0, "overall_util": 9112.071133373682, "drain": 269.444, "t_local": 11.499686919822423}, {"device_id": 3, "stat_util": 3488.3156849864945, "device_util": 2.201931583876549, "time_util": 0.49317345669824425, "overall_util": 3788.081339816048, "drain": 441.915, "t_local": 30.415262209008098}, {"device_id": 4, "stat_util": 3468.512070126615, "device_util": 2.3278875010815145, "time_util": 0.37626743607898677, "overall_util": 3038.098377378897, "drain": 389.61600000000004, "t_local": 39.865262209008094}, {"device_id": 5, "stat_util": 3455.1281876175435, "device_util": 2.382713306491936, "time_util": 1.0, "overall_util": 8232.579908271688, "drain": 368.83000000000004, "t_local": 17.795262209008094}, {"device_id": 6, "stat_util": 3413.8224477244844, "device_util": 1.6655052418080376, "time_util": 0.34733378555637756, "overall_util": 1974.8493135226586, "drain": 755.624, "t_local": 43.186124194547354}, {"device_id": 7, "stat_util": 3455.7408844869847, "device_util": 1.914249511424768, "time_util": 1.0, "overall_util": 6615.150299739806, "drain": 589.22, "t_local": 29.126124194547355}, {"device_id": 8, "stat_util": 3382.1147623691527, "device_util": 2.67482455347389, "time_util": 1.0, "overall_util": 9046.56360905152, "drain": 275.4, "t_local": 16.396124194547355}, {"device_id": 9, "stat_util": 3438.9649349235856, "device_util": 1.4423616904938281, "time_util": 0.32903076993686325, "overall_util": 1632.0687161643132, "drain": 944.53, "t_local": 45.58844147882675}, {"device_id": 10, "stat_util": 3295.4709763581554, "device_util": 2.67482455347389, "time_util": 1.0, "overall_util": 8814.806682823368, "drain": 275.4, "t_local": 18.798441478826746}, {"device_id": 11, "stat_util": 3469.845721181573, "device_util": 2.67482455347389, "time_util": 1.0, "overall_util": 9281.228531782788, "drain": 275.4, "t_local": 18.798441478826746}, {"device_id": 12, "stat_util": 3455.165027267779, "device_util": 2.581549849801244, "time_util": 1.0, "overall_util": 8919.680757181646, "drain": 302.324, "t_local": 24.747789395318843}, {"device_id": 13, "stat_util": 3395.9198652160367, "device_util": 2.67482455347389, "time_util": 1.0, "overall_util": 9083.489837109597, "drain": 275.4, "t_local": 17.627789395318842}, {"device_id": 14, "stat_util": 3320.0698912592165, "device_util": 2.724914581708526, "time_util": 0.28880705502941467, "overall_util": 2612.810527068488, "drain": 261.945, "t_local": 51.937789395318845}, {"device_id": 15, "stat_util": 3490.0518019953784, "device_util": 2.9625066259256707, "time_util": 1.0, "overall_util": 10339.301588235136, "drain": 206.54999999999998, "t_local": 16.334837744156157}, {"device_id": 16, "stat_util": 3459.195865079076, "device_util": 1.914249511424768, "time_util": 1.0, "overall_util": 6621.7639946501995, "drain": 589.22, "t_local": 29.064837744156158}, {"device_id": 17, "stat_util": 3372.4044392815526, "device_util": 2.6966885632189763, "time_util": 1.0, "overall_util": 9094.324481959467, "drain": 269.444, "t_local": 11.444837744156155}, {"device_id": 18, "stat_util": 3373.7142017122237, "device_util": 2.6058568578061463, "time_util": 1.0, "overall_util": 8791.416288809787, "drain": 295.064, "t_local": 19.83550293192405}, {"device_id": 19, "stat_util": 3471.5168869250956, "device_util": 2.6058568578061463, "time_util": 1.0, "overall_util": 9046.276086783604, "drain": 295.064, "t_local": 19.83550293192405}, {"device_id": 20, "stat_util": 3470.882940583676, "device_util": 1.5087844033166034, "time_util": 0.4621712389255759, "overall_util": 2420.3048358892893, "drain": 883.8300000000002, "t_local": 32.45550293192405}, {"device_id": 21, "stat_util": 3336.0496293561296, "device_util": 2.581549849801244, "time_util": 1.0, "overall_util": 8612.178419593813, "drain": 302.324, "t_local": 24.837734039012904}, {"device_id": 22, "stat_util": 3476.424250484998, "device_util": 1.6655052418080376, "time_util": 0.33702007805771167, "overall_util": 1951.3471996314713, "drain": 755.624, "t_local": 44.5077340390129}, {"device_id": 23, "stat_util": 3464.8863738715354, "device_util": 2.0402054286297338, "time_util": 0.3759612008374376, "overall_util": 2657.699801690089, "drain": 519.488, "t_local": 39.8977340390129}, {"device_id": 24, "stat_util": 3401.80686458237, "device_util": 1.6911059601105582, "time_util": 1.0, "overall_util": 5752.8158638402565, "drain": 736.5250000000001, "t_local": 29.103022348347785}, {"device_id": 25, "stat_util": 3490.3263536783434, "device_util": 2.581549849801244, "time_util": 1.0, "overall_util": 9010.451474095651, "drain": 302.324, "t_local": 23.493022348347786}, {"device_id": 26, "stat_util": 3488.930445185306, "device_util": 1.6655052418080376, "time_util": 0.347519686618381, "overall_util": 2019.3784964349952, "drain": 755.624, "t_local": 43.16302234834779}, {"device_id": 27, "stat_util": 3440.9918893808594,