{"rnd": 8, "global_loss": 18.334315919876097, "global_accuracy": 0.401001001001001, "global_accuracies": [4.36036036036036, 4.45945945945946, 4.261261261261261, 4.261261261261261, 3.8318318318318316, 4.162162162162162, 4.36036036036036, 4.525525525525525, 3.963963963963964, 4.756756756756757, 4.063063063063063, 5.186186186186186, 3.963963963963964, 4.4924924924924925, 4.591591591591591, 4.954954954954955, 4.525525525525525, 4.624624624624625, 4.822822822822823, 4.195195195195195, 4.294294294294294, 4.657657657657658, 4.261261261261261, 4.327327327327327, 3.8318318318318316, 4.6906906906906904, 4.591591591591591, 4.45945945945946, 4.426426426426426, 4.426426426426426], "global_examples": [11, 11, 11, 11, 11, 11, 11, 11, 11, 11, 11, 11, 11, 11, 11, 11, 11, 11, 11, 11, 11, 11, 11, 11, 11, 11, 11, 11, 11, 11], "user_loss": 18.249470023314156, "user_weighted_accuracy": 0.40490490490490494, "user_weighted_accuracy_var": 0.12214561909256608, "user_accuracy": 0.40490490490490494, "user_accuracy_var": 0.0010094679263848434, "user_accuracies": [0.38738738738738737, 0.36936936936936937, 0.40540540540540543, 0.3963963963963964, 0.3813813813813814, 0.39039039039039036, 0.36936936936936937, 0.3843843843843844, 0.3933933933933934, 0.4084084084084084, 0.36936936936936937, 0.43843843843843844, 0.3663663663663664, 0.4114114114114114, 0.44744744744744747, 0.46846846846846846, 0.4084084084084084, 0.45345345345345345, 0.45345345345345345, 0.36036036036036034, 0.42042042042042044, 0.4624624624624625, 0.3783783783783784, 0.3963963963963964, 0.37537537537537535, 0.4144144144144144, 0.4084084084084084, 0.3993993993993994, 0.36936936936936937, 0.4594594594594595], "device_weighted_accuracy": 0.401001001001001, "device_weighted_accuracy_var": 0.0955680805931056, "device_accuracy": 0.40100100100100095, "device_accuracy_var": 0.0007898188478769062, "device_accuracies": [0.3963963963963964, 0.40540540540540543, 0.38738738738738737, 0.38738738738738737, 0.3483483483483483, 0.3783783783783784, 0.3963963963963964, 0.4114114114114114, 0.36036036036036034, 0.43243243243243246, 0.36936936936936937, 0.47147147147147145, 0.36036036036036034, 0.4084084084084084, 0.4174174174174174, 0.45045045045045046, 0.4114114114114114, 0.42042042042042044, 0.43843843843843844, 0.3813813813813814, 0.39039039039039036, 0.42342342342342343, 0.38738738738738737, 0.3933933933933934, 0.3483483483483483, 0.4264264264264264, 0.4174174174174174, 0.40540540540540543, 0.4024024024024024, 0.4024024024024024], "total_loss": 24575.085830346743, "dead_devices": 0, "max_round_time": 52.15396084623217, "selected_devices": [25, 15, 26, 3, 22, 19, 20, 11, 4, 23, 16, 1, 7, 12, 5], "device_snapshot": [{"device_id": 0, "stat_util": 3454.724353053558, "device_util": 2.724914581708526, "time_util": 0.29585981514484144, "overall_util": 2785.1736383421135, "drain": 261.945, "t_local": 50.699686919822426}, {"device_id": 1, "stat_util": 3374.0358771476485, "device_util": 2.4735450119047666, "time_util": 1.0, "overall_util": 8345.82961390629, "drain": 336.805, "t_local": 11.499686919822423}, {"device_id": 2, "stat_util": 3378.98534434277, "device_util": 2.6966885632189763, "time_util": 1.0, "overall_util": 9112.071133373682, "drain": 269.444, "t_local": 11.499686919822423}, {"device_id": 3, "stat_util": 3331.769812996065, "device_util": 1.914249511424768, "time_util": 0.49317345669824425, "overall_util": 3145.380776046005, "drain": 589.22, "t_local": 30.415262209008098}, {"device_id": 4, "stat_util": 3292.4893018271764, "device_util": 2.0402054286297338, "time_util": 0.37626743607898677, "overall_util": 2527.521772743508, "drain": 519.488, "t_local": 39.865262209008094}, {"device_id": 5, "stat_util": 3381.2254539588034, "device_util": 2.2003917496979817, "time_util": 1.0, "overall_util": 7440.0205927597635, "drain": 442.59600000000006, "t_local": 17.795262209008094}, {"device_id": 6, "stat_util": 3413.8224477244844, "device_util": 1.6655052418080376, "time_util": 0.34733378555637756, "overall_util": 1974.8493135226586, "drain": 755.624, "t_local": 43.186124194547354}, {"device_id": 7, "stat_util": 3378.666057682988, "device_util": 1.6911059601105582, "time_util": 1.0, "overall_util": 5713.682307370945, "drain": 736.5250000000001, "t_local": 29.126124194547355}, {"device_id": 8, "stat_util": 3382.1147623691527, "device_util": 2.67482455347389, "time_util": 1.0, "overall_util": 9046.56360905152, "drain": 275.4, "t_local": 16.396124194547355}, {"device_id": 9, "stat_util": 3438.9649349235856, "device_util": 1.4423616904938281, "time_util": 0.32903076993686325, "overall_util": 1632.0687161643132, "drain": 944.53, "t_local": 45.58844147882675}, {"device_id": 10, "stat_util": 3295.4709763581554, "device_util": 2.67482455347389, "time_util": 1.0, "overall_util": 8814.806682823368, "drain": 275.4, "t_local": 18.798441478826746}, {"device_id": 11, "stat_util": 3415.033868102193, "device_util": 2.4516810021596798, "time_util": 1.0, "overall_util": 8372.573656158032, "drain": 344.25, "t_local": 18.798441478826746}, {"device_id": 12, "stat_util": 3338.6679062394965, "device_util": 2.358406298487034, "time_util": 1.0, "overall_util": 7873.935418631748, "drain": 377.90500000000003, "t_local": 24.747789395318843}, {"device_id": 13, "stat_util": 3395.9198652160367, "device_util": 2.67482455347389, "time_util": 1.0, "overall_util": 9083.489837109597, "drain": 275.4, "t_local": 17.627789395318842}, {"device_id": 14, "stat_util": 3320.0698912592165, "device_util": 2.724914581708526, "time_util": 0.28880705502941467, "overall_util": 2612.810527068488, "drain": 261.945, "t_local": 51.937789395318845}, {"device_id": 15, "stat_util": 3319.8438803217846, "device_util": 2.67482455347389, "time_util": 1.0, "overall_util": 8879.999924784743, "drain": 275.4, "t_local": 16.334837744156157}, {"device_id": 16, "stat_util": 3341.2349066759607, "device_util": 1.6911059601105582, "time_util": 1.0, "overall_util": 5650.382264809162, "drain": 736.5250000000001, "t_local": 29.064837744156158}, {"device_id": 17, "stat_util": 3372.4044392815526, "device_util": 2.6966885632189763, "time_util": 1.0, "overall_util": 9094.324481959467, "drain": 269.444, "t_local": 11.444837744156155}, {"device_id": 18, "stat_util": 3373.7142017122237, "device_util": 2.6058568578061463, "time_util": 1.0, "overall_util": 8791.416288809787, "drain": 295.064, "t_local": 19.83550293192405}, {"device_id": 19, "stat_util": 3413.7006101863312, "device_util": 2.382713306491936, "time_util": 1.0, "overall_util": 8133.869868270614, "drain": 368.83000000000004, "t_local": 19.83550293192405}, {"device_id": 20, "stat_util": 3368.4959788152933, "device_util": 1.354633723489345, "time_util": 0.4621712389255759, "overall_util": 2108.9235282746554, "drain": 1031.1350000000002, "t_local": 32.45550293192405}, {"device_id": 21, "stat_util": 3336.0496293561296, "device_util": 2.581549849801244, "time_util": 1.0, "overall_util": 8612.178419593813, "drain": 302.324, "t_local": 24.837734039012904}, {"device_id": 22, "stat_util": 3380.4671728214967, "device_util": 1.4423616904938281, "time_util": 0.33702007805771167, "overall_util": 1643.2614863438607, "drain": 944.53, "t_local": 44.5077340390129}, {"device_id": 23, "stat_util": 3344.0982419992565, "device_util": 1.8170618773155236, "time_util": 0.3759612008374376, "overall_util": 2284.503208976619, "drain": 649.3600000000001, "t_local": 39.8977340390129}, {"device_id": 24, "stat_util": 3401.80686458237, "device_util": 1.6911059601105582, "time_util": 1.0, "overall_util": 5752.8158638402565, "drain": 736.5250000000001, "t_local": 29.103022348347785}, {"device_id": 25, "stat_util": 3362.866971123775, "device_util": 2.358406298487034, "time_util": 1.0, "overall_util": 7931.006645672326, "drain": 377.90500000000003, "t_local": 23.493022348347786}, {"device_id": 26, "stat_util": 3382.6436750483117, "device_util": 1.4423616904938281, "time_util": 0.347519686618381, "overall_util": 1695.5470391200602, "drain": 944.53, "t_local": 43.16302234834779}, {"device_id": 27,