{"rnd": 9, "global_loss": 18.042714182535807, "global_accuracy": 0.41431431431431437, "global_accuracies": [4.558558558558558, 3.996996996996997, 4.426426426426426, 4.558558558558558, 4.657657657657658, 4.426426426426426, 4.294294294294294, 4.393393393393393, 4.426426426426426, 4.063063063063063, 4.393393393393393, 4.558558558558558, 4.36036036036036, 4.327327327327327, 5.153153153153153, 4.261261261261261, 5.153153153153153, 4.591591591591591, 4.624624624624625, 4.36036036036036, 4.78978978978979, 5.087087087087087, 4.954954954954955, 4.954954954954955, 4.393393393393393, 4.657657657657658, 4.327327327327327, 4.327327327327327, 5.021021021021021, 4.624624624624625], "global_examples": [11, 11, 11, 11, 11, 11, 11, 11, 11, 11, 11, 11, 11, 11, 11, 11, 11, 11, 11, 11, 11, 11, 11, 11, 11, 11, 11, 11, 11, 11], "user_loss": 18.06056568225225, "user_weighted_accuracy": 0.4124124124124125, "user_weighted_accuracy_var": 0.07960773586399211, "user_accuracy": 0.4124124124124124, "user_accuracy_var": 0.0006579151724296869, "user_accuracies": [0.42042042042042044, 0.4114114114114114, 0.4174174174174174, 0.42042042042042044, 0.4264264264264264, 0.4174174174174174, 0.38738738738738737, 0.4264264264264264, 0.3933933933933934, 0.36936936936936937, 0.4114114114114114, 0.45345345345345345, 0.39039039039039036, 0.3783783783783784, 0.45645645645645644, 0.3933933933933934, 0.4144144144144144, 0.3813813813813814, 0.3963963963963964, 0.4174174174174174, 0.4024024024024024, 0.45645645645645644, 0.43243243243243246, 0.43243243243243246, 0.36936936936936937, 0.44744744744744747, 0.3783783783783784, 0.42042042042042044, 0.45645645645645644, 0.3933933933933934], "device_weighted_accuracy": 0.41431431431431437, "device_weighted_accuracy_var": 0.08965751537323112, "device_accuracy": 0.4143143143143143, "device_accuracy_var": 0.0007409712014316617, "device_accuracies": [0.4144144144144144, 0.3633633633633634, 0.4024024024024024, 0.4144144144144144, 0.42342342342342343, 0.4024024024024024, 0.39039039039039036, 0.3993993993993994, 0.4024024024024024, 0.36936936936936937, 0.3993993993993994, 0.4144144144144144, 0.3963963963963964, 0.3933933933933934, 0.46846846846846846, 0.38738738738738737, 0.46846846846846846, 0.4174174174174174, 0.42042042042042044, 0.3963963963963964, 0.43543543543543545, 0.4624624624624625, 0.45045045045045046, 0.45045045045045046, 0.3993993993993994, 0.42342342342342343, 0.3933933933933934, 0.3933933933933934, 0.45645645645645644, 0.42042042042042044], "total_loss": 24186.66921545267, "dead_devices": 0, "max_round_time": 52.15396084623217, "selected_devices": [0, 27, 9, 29, 11, 6, 19, 24, 28, 13, 26, 8, 5, 22, 2], "device_snapshot": [{"device_id": 0, "stat_util": 3203.114708290208, "device_util": 2.437232509256745, "time_util": 0.29585981514484144, "overall_util": 2309.6992621283052, "drain": 349.26, "t_local": 50.699686919822426}, {"device_id": 1, "stat_util": 3374.0358771476485, "device_util": 2.4735450119047666, "time_util": 1.0, "overall_util": 8345.82961390629, "drain": 336.805, "t_local": 11.499686919822423}, {"device_id": 2, "stat_util": 3265.715760354653, "device_util": 2.4735450119047666, "time_util": 1.0, "overall_util": 8077.894929324034, "drain": 336.805, "t_local": 11.499686919822423}, {"device_id": 3, "stat_util": 3331.769812996065, "device_util": 1.914249511424768, "time_util": 0.49317345669824425, "overall_util": 3145.380776046005, "drain": 589.22, "t_local": 30.415262209008098}, {"device_id": 4, "stat_util": 3292.4893018271764, "device_util": 2.0402054286297338, "time_util": 0.37626743607898677, "overall_util": 2527.521772743508, "drain": 519.488, "t_local": 39.865262209008094}, {"device_id": 5, "stat_util": 3349.235005043185, "device_util": 2.046241069870723, "time_util": 1.0, "overall_util": 6853.342219968044, "drain": 516.3620000000001, "t_local": 17.795262209008094}, {"device_id": 6, "stat_util": 3290.064851197529, "device_util": 1.4423616904938281, "time_util": 0.34733378555637756, "overall_util": 1648.2598018856545, "drain": 944.53, "t_local": 43.186124194547354}, {"device_id": 7, "stat_util": 3378.666057682988, "device_util": 1.6911059601105582, "time_util": 1.0, "overall_util": 5713.682307370945, "drain": 736.5250000000001, "t_local": 29.126124194547355}, {"device_id": 8, "stat_util": 3239.783349961951, "device_util": 2.4516810021596798, "time_util": 1.0, "overall_util": 7942.915290214961, "drain": 344.25, "t_local": 16.396124194547355}, {"device_id": 9, "stat_util": 3351.1779971825827, "device_util": 1.2600401336998734, "time_util": 0.32903076993686325, "overall_util": 1389.3715055766436, "drain": 1133.436, "t_local": 45.58844147882675}, {"device_id": 10, "stat_util": 3295.4709763581554, "device_util": 2.67482455347389, "time_util": 1.0, "overall_util": 8814.806682823368, "drain": 275.4, "t_local": 18.798441478826746}, {"device_id": 11, "stat_util": 3297.949274894189, "device_util": 2.2693594453657253, "time_util": 1.0, "overall_util": 7484.2323373181725, "drain": 413.1, "t_local": 18.798441478826746}, {"device_id": 12, "stat_util": 3338.6679062394965, "device_util": 2.358406298487034, "time_util": 1.0, "overall_util": 7873.935418631748, "drain": 377.90500000000003, "t_local": 24.747789395318843}, {"device_id": 13, "stat_util": 3277.1681522125755, "device_util": 2.4516810021596798, "time_util": 1.0, "overall_util": 8034.570899662313, "drain": 344.25, "t_local": 17.627789395318842}, {"device_id": 14, "stat_util": 3320.0698912592165, "device_util": 2.724914581708526, "time_util": 0.28880705502941467, "overall_util": 2612.810527068488, "drain": 261.945, "t_local": 51.937789395318845}, {"device_id": 15, "stat_util": 3319.8438803217846, "device_util": 2.67482455347389, "time_util": 1.0, "overall_util": 8879.999924784743, "drain": 275.4, "t_local": 16.334837744156157}, {"device_id": 16, "stat_util": 3341.2349066759607, "device_util": 1.6911059601105582, "time_util": 1.0, "overall_util": 5650.382264809162, "drain": 736.5250000000001, "t_local": 29.064837744156158}, {"device_id": 17, "stat_util": 3372.4044392815526, "device_util": 2.6966885632189763, "time_util": 1.0, "overall_util": 9094.324481959467, "drain": 269.444, "t_local": 11.444837744156155}, {"device_id": 18, "stat_util": 3373.7142017122237, "device_util": 2.6058568578061463, "time_util": 1.0, "overall_util": 8791.416288809787, "drain": 295.064, "t_local": 19.83550293192405}, {"device_id": 19, "stat_util": 3301.088290114196, "device_util": 2.2003917496979817, "time_util": 1.0, "overall_util": 7263.687438591894, "drain": 442.59600000000006, "t_local": 19.83550293192405}, {"device_id": 20, "stat_util": 3368.4959788152933, "device_util": 1.354633723489345, "time_util": 0.4621712389255759, "overall_util": 2108.9235282746554, "drain": 1031.1350000000002, "t_local": 32.45550293192405}, {"device_id": 21, "stat_util": 3336.0496293561296, "device_util": 2.581549849801244, "time_util": 1.0, "overall_util": 8612.178419593813, "drain": 302.324, "t_local": 24.837734039012904}, {"device_id": 22, "stat_util": 3325.0150541019325, "device_util": 1.2600401336998734, "time_util": 0.33702007805771167, "overall_util": 1411.9969833733676, "drain": 1133.436, "t_local": 44.5077340390129}, {"device_id": 23, "stat_util": 3344.0982419992565, "device_util": 1.8170618773155236, "time_util": 0.3759612008374376, "overall_util": 2284.503208976619, "drain": 649.3600000000001, "t_local": 39.8977340390129}, {"device_id": 24, "stat_util": 3305.6584470746734, "device_util": 1.5087844033166034, "time_util": 1.0, "overall_util": 4987.525907638051, "drain": 883.8300000000002, "t_local": 29.103022348347785}, {"device_id": 25, "stat_util": 3362.866971123775, "device_util": 2.358406298487034, "time_util": 1.0, "overall_util": 7931.006645672326, "drain": 377.90500000000003, "t_local": 23.493022348347786}, {"device_id": 26, "stat_util": 3334.5445279974633, "device_util": 1.2600401336998734, "time_util": 0.347519686618381, "overall_util": 1460.1595431535868, "drain": 1133.436, "t_local": 43.16302234834779}, {"device_id": 27,