{"loss": 9.141633033752441, "accuracy": 0.15, "f1_score": 0.23977595745215882}