{"loss": 9.271607637405396, "accuracy": 0.08, "f1_score": 0.014953271028037382}