{"loss": 9.153873205184937, "accuracy": 0.12, "f1_score": 0.07073187301648923}