{"loss": 9.165581941604614, "accuracy": 0.15, "f1_score": 0.6316089466089466}