{"loss": 7.357427716255188, "accuracy": 0.4, "f1_score": 0.3614666379372262}