{"loss": 6.585458040237427, "accuracy": 0.39, "f1_score": 1.261168276168276}