{"loss": 7.0136847496032715, "accuracy": 0.34, "f1_score": 1.1812121212121212}