{"loss": 7.159714102745056, "accuracy": 0.39, "f1_score": 0.35706959706959707}