{"loss": 7.4222564697265625, "accuracy": 0.34, "f1_score": 0.30366552745500114}