{"loss": 7.194918513298035, "accuracy": 0.32, "f1_score": 0.9688888888888888}