{"loss": 7.474506258964539, "accuracy": 0.36, "f1_score": 0.3411790879586007}