{"loss": 6.685552000999451, "accuracy": 0.34, "f1_score": 1.2793001443001444}