{"loss": 6.246029615402222, "accuracy": 0.46, "f1_score": 1.563333333333333}