{"loss": 5.7148314118385315, "accuracy": 0.4, "f1_score": 0.3633160137599497}