{"loss": 7.18503212928772, "accuracy": 0.36, "f1_score": 1.0791999358666025}