{"loss": 6.659308910369873, "accuracy": 0.37, "f1_score": 0.3208531772739607}