{"loss": 6.103172302246094, "accuracy": 0.44, "f1_score": 0.4043885654219806}