{"loss": 7.023313999176025, "accuracy": 0.42, "f1_score": 1.1674675324675325}