{"loss": 6.638737678527832, "accuracy": 0.38, "f1_score": 0.9881784228843054}