{"loss": 6.518096446990967, "accuracy": 0.4, "f1_score": 0.3689172328830773}