{"loss": 6.794258952140808, "accuracy": 0.4, "f1_score": 0.3890053346766902}