{"loss": 7.4958192110061646, "accuracy": 0.38, "f1_score": 1.1929870129870128}