{"loss": 6.6984336376190186, "accuracy": 0.46, "f1_score": 0.4524788298759363}