{"loss": 6.388950705528259, "accuracy": 0.4, "f1_score": 1.726031746031746}