{"loss": 8.34430742263794, "accuracy": 0.3, "f1_score": 0.21262745098039218}