{"loss": 8.584465742111206, "accuracy": 0.24, "f1_score": 0.4854953869659752}