{"loss": 6.1356565952301025, "accuracy": 0.44, "f1_score": 1.401854256854257}