{"loss": 6.450331687927246, "accuracy": 0.46, "f1_score": 0.4507042666082913}