{"loss": 8.09786832332611, "accuracy": 0.24, "f1_score": 0.14259702940737423}