{"loss": 8.194392204284668, "accuracy": 0.27, "f1_score": 0.8463457556935818}