{"loss": 8.427744626998901, "accuracy": 0.18, "f1_score": 0.14978848651716165}