{"loss": 8.859481692314148, "accuracy": 0.23, "f1_score": 0.6306060606060606}