{"loss": 7.4927040338516235, "accuracy": 0.24, "f1_score": 0.8142063492063492}