{"loss": 7.549796938896179, "accuracy": 0.34, "f1_score": 0.24820739362938848}