{"loss": 8.099530577659607, "accuracy": 0.25, "f1_score": 0.19526134564497738}