{"loss": 7.558947801589966, "accuracy": 0.38, "f1_score": 1.1941364191364192}