{"loss": 7.638563871383667, "accuracy": 0.35, "f1_score": 0.8947530864197532}