{"loss": 7.804447412490845, "accuracy": 0.28, "f1_score": 0.2461603345233109}