{"loss": 7.777114748954773, "accuracy": 0.27, "f1_score": 0.2495881265850306}