{"loss": 7.338397860527039, "accuracy": 0.4, "f1_score": 1.2597599005932338}