{"loss": 6.994538187980652, "accuracy": 0.35, "f1_score": 0.30069461092344385}