{"loss": 7.239310145378113, "accuracy": 0.39, "f1_score": 1.1255067155067153}