{"rnd": 1, "global_loss": 22.673851565519968, "global_accuracy": 0.23953953953953952, "global_accuracies": [2.5435435435435436, 2.5765765765765765, 2.675675675675676, 2.4114114114114114, 2.6426426426426426, 2.3783783783783785, 2.3453453453453452, 2.6096096096096097, 2.4114114114114114, 2.6096096096096097, 2.7087087087087087, 3.039039039039039, 2.6096096096096097, 2.873873873873874, 3.1051051051051055, 2.4774774774774775, 2.675675675675676, 3.171171171171171, 2.807807807807808, 2.7417417417417416, 2.444444444444444, 2.147147147147147, 2.9399399399399404, 3.1381381381381384, 2.9069069069069067, 2.4774774774774775, 2.444444444444444, 2.444444444444444, 2.213213213213213, 2.4774774774774775], "global_examples": [11, 11, 11, 11, 11, 11, 11, 11, 11, 11, 11, 11, 11, 11, 11, 11, 11, 11, 11, 11, 11, 11, 11, 11, 11, 11, 11, 11, 11, 11], "user_loss": 22.696436746915182, "user_weighted_accuracy": 0.23943943943943946, "user_weighted_accuracy_var": 0.07477744010276542, "user_accuracy": 0.23943943943943938, "user_accuracy_var": 0.0006179953727501272, "user_accuracies": [0.26426426426426425, 0.23723723723723725, 0.23123123123123124, 0.23723723723723725, 0.2552552552552553, 0.2222222222222222, 0.23723723723723725, 0.23123123123123124, 0.2222222222222222, 0.21621621621621623, 0.23423423423423423, 0.27627627627627627, 0.23423423423423423, 0.24924924924924924, 0.3003003003003003, 0.21921921921921922, 0.2222222222222222, 0.2912912912912913, 0.26426426426426425, 0.24624624624624625, 0.22522522522522523, 0.1891891891891892, 0.26126126126126126, 0.24924924924924924, 0.27627627627627627, 0.22522522522522523, 0.2132132132132132, 0.22522522522522523, 0.2132132132132132, 0.2132132132132132], "device_weighted_accuracy": 0.23953953953953952, "device_weighted_accuracy_var": 0.06872138404670942, "device_accuracy": 0.23953953953953955, "device_accuracy_var": 0.0005679453227000776, "device_accuracies": [0.23123123123123124, 0.23423423423423423, 0.24324324324324326, 0.21921921921921922, 0.24024024024024024, 0.21621621621621623, 0.2132132132132132, 0.23723723723723725, 0.21921921921921922, 0.23723723723723725, 0.24624624624624625, 0.27627627627627627, 0.23723723723723725, 0.26126126126126126, 0.2822822822822823, 0.22522522522522523, 0.24324324324324326, 0.2882882882882883, 0.2552552552552553, 0.24924924924924924, 0.2222222222222222, 0.19519519519519518, 0.2672672672672673, 0.2852852852852853, 0.26426426426426425, 0.22522522522522523, 0.2222222222222222, 0.2222222222222222, 0.2012012012012012, 0.22522522522522523], "total_loss": 31216.56794146697, "dead_devices": 0, "max_round_time": 52.15396084623217, "selected_devices": [0, 1, 2, 3, 4, 5, 6, 7, 8, 9, 10, 11, 12, 13, 14, 15, 16, 17, 18, 19, 20, 21, 22, 23, 24, 25, 26, 27, 28, 29], "device_snapshot": [{"device_id": 0, "stat_util": 4260.567379421639, "device_util": 3.823526870376636, "time_util": 0.29585981514484144, "overall_util": 4819.672915544069, "drain": 87.315, "t_local": 50.699686919822426}, {"device_id": 1, "stat_util": 4307.842438363086, "device_util": 4.082982924338867, "time_util": 1.0, "overall_util": 17588.84711657879, "drain": 67.361, "t_local": 11.499686919822423}, {"device_id": 2, "stat_util": 4262.2633216068825, "device_util": 4.082982924338867, "time_util": 1.0, "overall_util": 17402.748361156762, "drain": 67.361, "t_local": 11.499686919822423}, {"device_id": 3, "stat_util": 4291.905197257453, "device_util": 3.3005438725446585, "time_util": 0.49317345669824425, "overall_util": 6986.108472289558, "drain": 147.305, "t_local": 30.415262209008098}, {"device_id": 4, "stat_util": 4278.541190403161, "device_util": 3.426499789749624, "time_util": 0.37626743607898677, "overall_util": 5516.238829368147, "drain": 129.872, "t_local": 39.865262209008094}, {"device_id": 5, "stat_util": 4313.813404603543, "device_util": 3.9921512189260366, "time_util": 1.0, "overall_util": 17221.39544140751, "drain": 73.766, "t_local": 17.795262209008094}, {"device_id": 6, "stat_util": 4262.648170069234, "device_util": 3.0517996029279284, "time_util": 0.34733378555637756, "overall_util": 4518.377685701611, "drain": 188.906, "t_local": 43.186124194547354}, {"device_id": 7, "stat_util": 4271.631560740248, "device_util": 3.3005438725446585, "time_util": 1.0, "overall_util": 14098.707373569601, "drain": 147.305, "t_local": 29.126124194547355}, {"device_id": 8, "stat_util": 4275.299299446646, "device_util": 4.061118914593781, "time_util": 1.0, "overall_util": 17362.498850532313, "drain": 68.85, "t_local": 16.396124194547355}, {"device_id": 9, "stat_util": 4320.691225581671, "device_util": 3.0517996029279284, "time_util": 0.32903076993686325, "overall_util": 4338.561488023808, "drain": 188.906, "t_local": 45.58844147882675}, {"device_id": 10, "stat_util": 4338.745435678307, "device_util": 4.061118914593781, "time_util": 1.0, "overall_util": 17620.161154440608, "drain": 68.85, "t_local": 18.798441478826746}, {"device_id": 11, "stat_util": 4296.411644855547, "device_util": 4.061118914593781, "time_util": 1.0, "overall_util": 17448.23859580384, "drain": 68.85, "t_local": 18.798441478826746}, {"device_id": 12, "stat_util": 4255.001118205466, "device_util": 3.9678442109211347, "time_util": 1.0, "overall_util": 16883.18155433451, "drain": 75.581, "t_local": 24.747789395318843}, {"device_id": 13, "stat_util": 4293.887909680531, "device_util": 4.061118914593781, "time_util": 1.0, "overall_util": 17437.989407149158, "drain": 68.85, "t_local": 17.627789395318842}, {"device_id": 14, "stat_util": 4255.355058818315, "device_util": 3.823526870376636, "time_util": 0.28880705502941467, "overall_util": 4699.024910324188, "drain": 87.315, "t_local": 51.937789395318845}, {"device_id": 15, "stat_util": 4272.5860521337045, "device_util": 4.061118914593781, "time_util": 1.0, "overall_util": 17351.480030549756, "drain": 68.85, "t_local": 16.334837744156157}, {"device_id": 16, "stat_util": 4292.570290542904, "device_util": 3.3005438725446585, "time_util": 1.0, "overall_util": 14167.816569918628, "drain": 147.305, "t_local": 29.064837744156158}, {"device_id": 17, "stat_util": 4286.373119182072, "device_util": 4.082982924338867, "time_util": 1.0, "overall_util": 17501.188252965527, "drain": 67.361, "t_local": 11.444837744156155}, {"device_id": 18, "stat_util": 4295.153104196805, "device_util": 3.9921512189260366, "time_util": 1.0, "overall_util": 17146.900700393224, "drain": 73.766, "t_local": 19.83550293192405}, {"device_id": 19, "stat_util": 4278.575511533173, "device_util": 3.9921512189260366, "time_util": 1.0, "overall_util": 17080.720443634247, "drain": 73.766, "t_local": 19.83550293192405}, {"device_id": 20, "stat_util": 4294.849670241941, "device_util": 3.3005438725446585, "time_util": 0.4621712389255759, "overall_util": 6551.434340279901, "drain": 147.305, "t_local": 32.45550293192405}, {"device_id": 21, "stat_util": 4273.244117515374, "device_util": 3.9678442109211347, "time_util": 1.0, "overall_util": 16955.566933536167, "drain": 75.581, "t_local": 24.837734039012904}, {"device_id": 22, "stat_util": 4289.03887216773, "device_util": 3.0517996029279284, "time_util": 0.33702007805771167, "overall_util": 4411.352569269405, "drain": 188.906, "t_local": 44.5077340390129}, {"device_id": 23, "stat_util": 4282.944322261385, "device_util": 3.426499789749624, "time_util": 0.3759612008374376, "overall_util": 5517.421542807898, "drain": 129.872, "t_local": 39.8977340390129}, {"device_id": 24, "stat_util": 4331.41432098128, "device_util": 3.3005438725446585, "time_util": 1.0, "overall_util": 14296.022996566946, "drain": 147.305, "t_local": 29.103022348347785}, {"device_id": 25, "stat_util": 4311.685309689289, "device_util": 3.9678442109211347, "time_util": 1.0, "overall_util": 17108.095595364346, "drain": 75.581, "t_local": 23.493022348347786}, {"device_id": 26, "stat_util": 4285.06755283868, "device_util": 3.0517996029279284, "time_util": 0.347519686618381, "overall_util": 4544.573136259886, "drain": 188.906, "t_local": 43.16302234834779}, {"device_id": 27,