{"rnd": 10, "global_loss": 17.568118131160738, "global_accuracy": 0.42872872872872875, "global_accuracies": [4.78978978978979, 4.822822822822823, 5.087087087087087, 4.756756756756757, 4.78978978978979, 5.153153153153153, 4.4924924924924925, 4.888888888888888, 4.888888888888888, 4.8558558558558556, 4.624624624624625, 4.624624624624625, 5.285285285285285, 4.6906906906906904, 4.294294294294294, 4.525525525525525, 4.525525525525525, 4.6906906906906904, 4.756756756756757, 4.624624624624625, 4.063063063063063, 4.78978978978979, 4.36036036036036, 4.954954954954955, 4.426426426426426, 4.921921921921922, 4.525525525525525, 4.591591591591591, 4.591591591591591, 5.087087087087087], "global_examples": [11, 11, 11, 11, 11, 11, 11, 11, 11, 11, 11, 11, 11, 11, 11, 11, 11, 11, 11, 11, 11, 11, 11, 11, 11, 11, 11, 11, 11, 11], "user_loss": 17.525794859727224, "user_weighted_accuracy": 0.425925925925926, "user_weighted_accuracy_var": 0.08941018095172253, "user_accuracy": 0.425925925925926, "user_accuracy_var": 0.0007389271153034917, "user_accuracies": [0.45345345345345345, 0.43243243243243246, 0.43543543543543545, 0.4144144144144144, 0.4444444444444444, 0.4744744744744745, 0.4624624624624625, 0.44744744744744747, 0.44144144144144143, 0.4264264264264264, 0.4024024024024024, 0.3993993993993994, 0.46546546546546547, 0.44144144144144143, 0.3993993993993994, 0.44144144144144143, 0.43243243243243246, 0.43543543543543545, 0.43843843843843844, 0.4144144144144144, 0.3633633633633634, 0.43243243243243246, 0.40540540540540543, 0.44144144144144143, 0.39039039039039036, 0.43543543543543545, 0.3843843843843844, 0.3783783783783784, 0.39039039039039036, 0.45345345345345345], "device_weighted_accuracy": 0.42872872872872875, "device_weighted_accuracy_var": 0.06770294819343872, "device_accuracy": 0.4287287287287286, "device_accuracy_var": 0.0005595284974664356, "device_accuracies": [0.43543543543543545, 0.43843843843843844, 0.4624624624624625, 0.43243243243243246, 0.43543543543543545, 0.46846846846846846, 0.4084084084084084, 0.4444444444444444, 0.4444444444444444, 0.44144144144144143, 0.42042042042042044, 0.42042042042042044, 0.4804804804804805, 0.4264264264264264, 0.39039039039039036, 0.4114114114114114, 0.4114114114114114, 0.4264264264264264, 0.43243243243243246, 0.42042042042042044, 0.36936936936936937, 0.43543543543543545, 0.3963963963963964, 0.45045045045045046, 0.4024024024024024, 0.44744744744744747, 0.4114114114114114, 0.4174174174174174, 0.4174174174174174, 0.4624624624624625], "total_loss": 23704.50778285364, "dead_devices": 0, "max_round_time": 52.15396084623217, "selected_devices": [26, 1, 7, 28, 8, 22, 0, 12, 13, 27, 10, 20, 2, 24, 16], "device_snapshot": [{"device_id": 0, "stat_util": 3174.7068198958373, "device_util": 2.437232509256745, "time_util": 0.29585981514484144, "overall_util": 2289.2149258373565, "drain": 349.26, "t_local": 50.699686919822426}, {"device_id": 1, "stat_util": 3240.9262330902984, "device_util": 2.291223455110812, "time_util": 1.0, "overall_util": 7425.686201540423, "drain": 404.166, "t_local": 11.499686919822423}, {"device_id": 2, "stat_util": 3224.490712044427, "device_util": 2.291223455110812, "time_util": 1.0, "overall_util": 7388.028750223154, "drain": 404.166, "t_local": 11.499686919822423}, {"device_id": 3, "stat_util": 3206.255328177304, "device_util": 1.6911059601105582, "time_util": 0.49317345669824425, "overall_util": 2674.0444276908133, "drain": 736.5250000000001, "t_local": 30.415262209008098}, {"device_id": 4, "stat_util": 3296.0978023690527, "device_util": 2.0402054286297338, "time_util": 0.37626743607898677, "overall_util": 2530.2918846103826, "drain": 519.488, "t_local": 39.865262209008094}, {"device_id": 5, "stat_util": 3286.779780897382, "device_util": 2.2003917496979817, "time_util": 1.0, "overall_util": 7232.203112960739, "drain": 442.59600000000006, "t_local": 17.795262209008094}, {"device_id": 6, "stat_util": 3288.132134698752, "device_util": 1.4423616904938281, "time_util": 0.34733378555637756, "overall_util": 1647.2915477455529, "drain": 944.53, "t_local": 43.186124194547354}, {"device_id": 7, "stat_util": 3244.2861916153406, "device_util": 1.5087844033166034, "time_util": 1.0, "overall_util": 4894.928405804647, "drain": 883.8300000000002, "t_local": 29.126124194547355}, {"device_id": 8, "stat_util": 3215.262344512017, "device_util": 2.4516810021596798, "time_util": 1.0, "overall_util": 7882.797606999504, "drain": 344.25, "t_local": 16.396124194547355}, {"device_id": 9, "stat_util": 3308.898409653539, "device_util": 1.1058894538726152, "time_util": 0.32903076993686325, "overall_util": 1204.0143520385238, "drain": 1322.3419999999999, "t_local": 45.58844147882675}, {"device_id": 10, "stat_util": 3170.490596605355, "device_util": 2.4516810021596798, "time_util": 1.0, "overall_util": 7773.031563223259, "drain": 344.25, "t_local": 18.798441478826746}, {"device_id": 11, "stat_util": 3268.2071071165888, "device_util": 2.2693594453657253, "time_util": 1.0, "overall_util": 7416.736667946423, "drain": 413.1, "t_local": 18.798441478826746}, {"device_id": 12, "stat_util": 3221.802575298046, "device_util": 2.358406298487034, "time_util": 1.0, "overall_util": 7598.319486064659, "drain": 377.90500000000003, "t_local": 24.747789395318843}, {"device_id": 13, "stat_util": 3188.474947489871, "device_util": 2.2693594453657253, "time_util": 1.0, "overall_util": 7235.795738398124, "drain": 413.1, "t_local": 17.627789395318842}, {"device_id": 14, "stat_util": 3265.0868584304626, "device_util": 2.437232509256745, "time_util": 0.28880705502941467, "overall_util": 2298.2618040432812, "drain": 349.26, "t_local": 51.937789395318845}, {"device_id": 15, "stat_util": 3235.541580440831, "device_util": 2.4516810021596798, "time_util": 1.0, "overall_util": 7932.51582446449, "drain": 344.25, "t_local": 16.334837744156157}, {"device_id": 16, "stat_util": 3200.76062261619, "device_util": 1.5087844033166034, "time_util": 1.0, "overall_util": 4829.257706153248, "drain": 883.8300000000002, "t_local": 29.064837744156158}, {"device_id": 17, "stat_util": 3234.238211944602, "device_util": 2.6966885632189763, "time_util": 1.0, "overall_util": 8721.7331968768, "drain": 269.444, "t_local": 11.444837744156155}, {"device_id": 18, "stat_util": 3288.7546149170853, "device_util": 2.382713306491936, "time_util": 1.0, "overall_util": 7836.159382749703, "drain": 368.83000000000004, "t_local": 19.83550293192405}, {"device_id": 19, "stat_util": 3300.2218254286345, "device_util": 2.382713306491936, "time_util": 1.0, "overall_util": 7863.482457823915, "drain": 368.83000000000004, "t_local": 19.83550293192405}, {"device_id": 20, "stat_util": 3293.87469276453, "device_util": 1.2211023308648226, "time_util": 0.4621712389255759, "overall_util": 1858.9257760146074, "drain": 1178.4400000000003, "t_local": 32.45550293192405}, {"device_id": 21, "stat_util": 3293.6492079652394, "device_util": 2.581549849801244, "time_util": 1.0, "overall_util": 8502.71961812065, "drain": 302.324, "t_local": 24.837734039012904}, {"device_id": 22, "stat_util": 3302.082599642179, "device_util": 1.1058894538726152, "time_util": 0.33702007805771167, "overall_util": 1230.7091345830993, "drain": 1322.3419999999999, "t_local": 44.5077340390129}, {"device_id": 23, "stat_util": 3302.423828323609, "device_util": 1.8170618773155236, "time_util": 0.3759612008374376, "overall_util": 2256.033551423342, "drain": 649.3600000000001, "t_local": 39.8977340390129}, {"device_id": 24, "stat_util": 3269.4535993203795, "device_util": 1.103319295208439, "time_util": 1.0, "overall_util": 3607.2512409188553, "drain": 1325.7450000000003, "t_local": 29.103022348347785}, {"device_id": 25, "stat_util": 3290.852086638844, "device_util": 2.358406298487034, "time_util": 1.0, "overall_util": 7761.166288518249, "drain": 377.90500000000003, "t_local": 23.493022348347786}, {"device_id": 26, "stat_util": 3282.135672129419, "device_util": 1.2600401336998734, "time_util": 0.347519686618381, "overall_util": 1437.2102946433438, "drain": 1133.436,