{"rnd": 2, "global_loss": 21.321025800704955, "global_accuracy": 0.2961961961961963, "global_accuracies": [3.3033033033033035, 3.4024024024024024, 3.2702702702702706, 2.807807807807808, 3.072072072072072, 2.9069069069069067, 2.9729729729729732, 3.237237237237237, 3.6996996996997, 3.204204204204204, 3.171171171171171, 3.171171171171171, 3.5345345345345343, 3.5675675675675675, 2.9399399399399404, 3.171171171171171, 3.3033033033033035, 3.5675675675675675, 3.3033033033033035, 3.171171171171171, 3.1051051051051055, 3.072072072072072, 2.9399399399399404, 3.3033033033033035, 3.6666666666666665, 3.5015015015015014, 3.2702702702702706, 2.9399399399399404, 3.963963963963964, 3.204204204204204], "global_examples": [11, 11, 11, 11, 11, 11, 11, 11, 11, 11, 11, 11, 11, 11, 11, 11, 11, 11, 11, 11, 11, 11, 11, 11, 11, 11, 11, 11, 11, 11], "user_loss": 21.307911026477814, "user_weighted_accuracy": 0.29149149149149156, "user_weighted_accuracy_var": 0.04684319955591228, "user_accuracy": 0.2914914914914915, "user_accuracy_var": 0.0003871338806273742, "user_accuracies": [0.29429429429429427, 0.26426426426426425, 0.26426426426426425, 0.24624624624624625, 0.27627627627627627, 0.27627627627627627, 0.29429429429429427, 0.2852852852852853, 0.33633633633633636, 0.2822822822822823, 0.2672672672672673, 0.3063063063063063, 0.30930930930930933, 0.3063063063063063, 0.27927927927927926, 0.3003003003003003, 0.3033033033033033, 0.2882882882882883, 0.2972972972972973, 0.2732732732732733, 0.27927927927927926, 0.2882882882882883, 0.29429429429429427, 0.29429429429429427, 0.30930930930930933, 0.3123123123123123, 0.3303303303303303, 0.27627627627627627, 0.3183183183183183, 0.2912912912912913], "device_weighted_accuracy": 0.2961961961961963, "device_weighted_accuracy_var": 0.06856134412690965, "device_accuracy": 0.2961961961961962, "device_accuracy_var": 0.0005666226787347908, "device_accuracies": [0.3003003003003003, 0.30930930930930933, 0.2972972972972973, 0.2552552552552553, 0.27927927927927926, 0.26426426426426425, 0.2702702702702703, 0.29429429429429427, 0.33633633633633636, 0.2912912912912913, 0.2882882882882883, 0.2882882882882883, 0.3213213213213213, 0.32432432432432434, 0.2672672672672673, 0.2882882882882883, 0.3003003003003003, 0.32432432432432434, 0.3003003003003003, 0.2882882882882883, 0.2822822822822823, 0.27927927927927926, 0.2672672672672673, 0.3003003003003003, 0.3333333333333333, 0.3183183183183183, 0.2972972972972973, 0.2672672672672673, 0.36036036036036034, 0.2912912912912913], "total_loss": 29872.165965247154, "dead_devices": 0, "max_round_time": 52.15396084623217, "selected_devices": [10, 24, 9, 5, 25, 1, 11, 18, 20, 28, 13, 16, 3, 27, 22], "device_snapshot": [{"device_id": 0, "stat_util": 4260.567379421639, "device_util": 3.823526870376636, "time_util": 0.29585981514484144, "overall_util": 4819.672915544069, "drain": 87.315, "t_local": 50.699686919822426}, {"device_id": 1, "stat_util": 3981.3229043977285, "device_util": 3.3898357437789217, "time_util": 1.0, "overall_util": 13496.03068885313, "drain": 134.722, "t_local": 11.499686919822423}, {"device_id": 2, "stat_util": 4262.2633216068825, "device_util": 4.082982924338867, "time_util": 1.0, "overall_util": 17402.748361156762, "drain": 67.361, "t_local": 11.499686919822423}, {"device_id": 3, "stat_util": 3868.922475884957, "device_util": 2.607396691984713, "time_util": 0.49317345669824425, "overall_util": 4975.0429221254735, "drain": 294.61, "t_local": 30.415262209008098}, {"device_id": 4, "stat_util": 4278.541190403161, "device_util": 3.426499789749624, "time_util": 0.37626743607898677, "overall_util": 5516.238829368147, "drain": 129.872, "t_local": 39.865262209008094}, {"device_id": 5, "stat_util": 3935.305735222478, "device_util": 3.2990040383660912, "time_util": 1.0, "overall_util": 12982.589512704193, "drain": 147.532, "t_local": 17.795262209008094}, {"device_id": 6, "stat_util": 4262.648170069234, "device_util": 3.0517996029279284, "time_util": 0.34733378555637756, "overall_util": 4518.377685701611, "drain": 188.906, "t_local": 43.186124194547354}, {"device_id": 7, "stat_util": 4271.631560740248, "device_util": 3.3005438725446585, "time_util": 1.0, "overall_util": 14098.707373569601, "drain": 147.305, "t_local": 29.126124194547355}, {"device_id": 8, "stat_util": 4275.299299446646, "device_util": 4.061118914593781, "time_util": 1.0, "overall_util": 17362.498850532313, "drain": 68.85, "t_local": 16.396124194547355}, {"device_id": 9, "stat_util": 4010.1443030907412, "device_util": 2.358652422367983, "time_util": 0.32903076993686325, "overall_util": 3112.1495715936344, "drain": 377.812, "t_local": 45.58844147882675}, {"device_id": 10, "stat_util": 3887.7810407647203, "device_util": 3.367971734033835, "time_util": 1.0, "overall_util": 13093.936653408222, "drain": 137.7, "t_local": 18.798441478826746}, {"device_id": 11, "stat_util": 3982.28526638385, "device_util": 3.367971734033835, "time_util": 1.0, "overall_util": 13412.224214040207, "drain": 137.7, "t_local": 18.798441478826746}, {"device_id": 12, "stat_util": 4255.001118205466, "device_util": 3.9678442109211347, "time_util": 1.0, "overall_util": 16883.18155433451, "drain": 75.581, "t_local": 24.747789395318843}, {"device_id": 13, "stat_util": 3886.337000069705, "device_util": 3.367971734033835, "time_util": 1.0, "overall_util": 13089.073165164617, "drain": 137.7, "t_local": 17.627789395318842}, {"device_id": 14, "stat_util": 4255.355058818315, "device_util": 3.823526870376636, "time_util": 0.28880705502941467, "overall_util": 4699.024910324188, "drain": 87.315, "t_local": 51.937789395318845}, {"device_id": 15, "stat_util": 4272.5860521337045, "device_util": 4.061118914593781, "time_util": 1.0, "overall_util": 17351.480030549756, "drain": 68.85, "t_local": 16.334837744156157}, {"device_id": 16, "stat_util": 3958.047771501882, "device_util": 2.607396691984713, "time_util": 1.0, "overall_util": 10320.200666131474, "drain": 294.61, "t_local": 29.064837744156158}, {"device_id": 17, "stat_util": 4286.373119182072, "device_util": 4.082982924338867, "time_util": 1.0, "overall_util": 17501.188252965527, "drain": 67.361, "t_local": 11.444837744156155}, {"device_id": 18, "stat_util": 3918.2672707149995, "device_util": 3.2990040383660912, "time_util": 1.0, "overall_util": 12926.379549486466, "drain": 147.532, "t_local": 19.83550293192405}, {"device_id": 19, "stat_util": 4278.575511533173, "device_util": 3.9921512189260366, "time_util": 1.0, "overall_util": 17080.720443634247, "drain": 73.766, "t_local": 19.83550293192405}, {"device_id": 20, "stat_util": 3944.3763446267735, "device_util": 2.607396691984713, "time_util": 0.4621712389255759, "overall_util": 4753.22498675862, "drain": 294.61, "t_local": 32.45550293192405}, {"device_id": 21, "stat_util": 4273.244117515374, "device_util": 3.9678442109211347, "time_util": 1.0, "overall_util": 16955.566933536167, "drain": 75.581, "t_local": 24.837734039012904}, {"device_id": 22, "stat_util": 3942.433693338106, "device_util": 2.358652422367983, "time_util": 0.33702007805771167, "overall_util": 3133.8926755964235, "drain": 377.812, "t_local": 44.5077340390129}, {"device_id": 23, "stat_util": 4282.944322261385, "device_util": 3.426499789749624, "time_util": 0.3759612008374376, "overall_util": 5517.421542807898, "drain": 129.872, "t_local": 39.8977340390129}, {"device_id": 24, "stat_util": 3929.07362828907, "device_util": 2.607396691984713, "time_util": 1.0, "overall_util": 10244.653580965294, "drain": 294.61, "t_local": 29.103022348347785}, {"device_id": 25, "stat_util": 3912.7743208280463, "device_util": 3.2746970303611893, "time_util": 1.0, "overall_util": 12813.150448889122, "drain": 151.162, "t_local": 23.493022348347786}, {"device_id": 26, "stat_util": 4285.06755283868, "device_util": 3.0517996029279284, "time_util": 0.347519686618381, "overall_util": 4544.573136259886, "drain": 188.906, "t_local": 43.16302234834779}, {"device_id": 27, "stat_util": 3943.873045871078, "device_util": 3.1303796898166905,