{"rnd": 3, "global_loss": 20.126899762948355, "global_accuracy": 0.347947947947948, "global_accuracies": [4.063063063063063, 3.6666666666666665, 3.8978978978978978, 3.8318318318318316, 3.5675675675675675, 3.6996996996997, 3.765765765765766, 4.03003003003003, 3.6996996996997, 3.963963963963964, 4.03003003003003, 3.864864864864865, 4.063063063063063, 3.600600600600601, 3.864864864864865, 4.096096096096096, 3.6996996996997, 3.963963963963964, 3.765765765765766, 3.4354354354354357, 4.426426426426426, 3.996996996996997, 3.798798798798799, 3.930930930930931, 3.171171171171171, 3.4684684684684686, 3.6336336336336337, 3.765765765765766, 4.327327327327327, 3.7327327327327327], "global_examples": [11, 11, 11, 11, 11, 11, 11, 11, 11, 11, 11, 11, 11, 11, 11, 11, 11, 11, 11, 11, 11, 11, 11, 11, 11, 11, 11, 11, 11, 11], "user_loss": 20.062884159882863, "user_weighted_accuracy": 0.34644644644644645, "user_weighted_accuracy_var": 0.09285831376922463, "user_accuracy": 0.3464464464464465, "user_accuracy_var": 0.000767424080737394, "user_accuracies": [0.35135135135135137, 0.3033033033033033, 0.3483483483483483, 0.32432432432432434, 0.33933933933933935, 0.36036036036036034, 0.34534534534534533, 0.38738738738738737, 0.33633633633633636, 0.3843843843843844, 0.35735735735735735, 0.33633633633633636, 0.37537537537537535, 0.33933933933933935, 0.32732732732732733, 0.35135135135135137, 0.35135135135135137, 0.34534534534534533, 0.3303303303303303, 0.2912912912912913, 0.42342342342342343, 0.35135135135135137, 0.35135135135135137, 0.33633633633633636, 0.3153153153153153, 0.30930930930930933, 0.33933933933933935, 0.3183183183183183, 0.3993993993993994, 0.3633633633633634], "device_weighted_accuracy": 0.347947947947948, "device_weighted_accuracy_var": 0.06414205997789575, "device_accuracy": 0.347947947947948, "device_accuracy_var": 0.0005300996692388083, "device_accuracies": [0.36936936936936937, 0.3333333333333333, 0.35435435435435436, 0.3483483483483483, 0.32432432432432434, 0.33633633633633636, 0.34234234234234234, 0.3663663663663664, 0.33633633633633636, 0.36036036036036034, 0.3663663663663664, 0.35135135135135137, 0.36936936936936937, 0.32732732732732733, 0.35135135135135137, 0.37237237237237236, 0.33633633633633636, 0.36036036036036034, 0.34234234234234234, 0.3123123123123123, 0.4024024024024024, 0.3633633633633634, 0.34534534534534533, 0.35735735735735735, 0.2882882882882883, 0.3153153153153153, 0.3303303303303303, 0.34234234234234234, 0.3933933933933934, 0.33933933933933935], "total_loss": 27741.850659120082, "dead_devices": 0, "max_round_time": 52.15396084623217, "selected_devices": [17, 26, 23, 19, 4, 8, 29, 21, 15, 7, 6, 2, 0, 14, 12], "device_snapshot": [{"device_id": 0, "stat_util": 3618.616412676662, "device_util": 3.1303796898166905, "time_util": 0.29585981514484144, "overall_util": 3351.394459711595, "drain": 174.63, "t_local": 50.699686919822426}, {"device_id": 1, "stat_util": 3981.3229043977285, "device_util": 3.3898357437789217, "time_util": 1.0, "overall_util": 13496.03068885313, "drain": 134.722, "t_local": 11.499686919822423}, {"device_id": 2, "stat_util": 3679.6490228591656, "device_util": 3.3898357437789217, "time_util": 1.0, "overall_util": 12473.405782249181, "drain": 134.722, "t_local": 11.499686919822423}, {"device_id": 3, "stat_util": 3868.922475884957, "device_util": 2.607396691984713, "time_util": 0.49317345669824425, "overall_util": 4975.0429221254735, "drain": 294.61, "t_local": 30.415262209008098}, {"device_id": 4, "stat_util": 3661.6598417010678, "device_util": 2.7333526091896787, "time_util": 0.37626743607898677, "overall_util": 3765.9130760779617, "drain": 259.744, "t_local": 39.865262209008094}, {"device_id": 5, "stat_util": 3935.305735222478, "device_util": 3.2990040383660912, "time_util": 1.0, "overall_util": 12982.589512704193, "drain": 147.532, "t_local": 17.795262209008094}, {"device_id": 6, "stat_util": 3796.943501141779, "device_util": 2.358652422367983, "time_util": 0.34733378555637756, "overall_util": 3110.6067586263607, "drain": 377.812, "t_local": 43.186124194547354}, {"device_id": 7, "stat_util": 3699.419613166984, "device_util": 2.607396691984713, "time_util": 1.0, "overall_util": 9645.85446163496, "drain": 294.61, "t_local": 29.126124194547355}, {"device_id": 8, "stat_util": 3674.5478720990955, "device_util": 3.367971734033835, "time_util": 1.0, "overall_util": 12375.773368583928, "drain": 137.7, "t_local": 16.396124194547355}, {"device_id": 9, "stat_util": 4010.1443030907412, "device_util": 2.358652422367983, "time_util": 0.32903076993686325, "overall_util": 3112.1495715936344, "drain": 377.812, "t_local": 45.58844147882675}, {"device_id": 10, "stat_util": 3887.7810407647203, "device_util": 3.367971734033835, "time_util": 1.0, "overall_util": 13093.936653408222, "drain": 137.7, "t_local": 18.798441478826746}, {"device_id": 11, "stat_util": 3982.28526638385, "device_util": 3.367971734033835, "time_util": 1.0, "overall_util": 13412.224214040207, "drain": 137.7, "t_local": 18.798441478826746}, {"device_id": 12, "stat_util": 3712.9994707430333, "device_util": 3.2746970303611893, "time_util": 1.0, "overall_util": 12158.948340574878, "drain": 151.162, "t_local": 24.747789395318843}, {"device_id": 13, "stat_util": 3886.337000069705, "device_util": 3.367971734033835, "time_util": 1.0, "overall_util": 13089.073165164617, "drain": 137.7, "t_local": 17.627789395318842}, {"device_id": 14, "stat_util": 3624.9367537357243, "device_util": 3.1303796898166905, "time_util": 0.28880705502941467, "overall_util": 3277.217375693824, "drain": 174.63, "t_local": 51.937789395318845}, {"device_id": 15, "stat_util": 3679.5392277009673, "device_util": 3.367971734033835, "time_util": 1.0, "overall_util": 12392.584113165545, "drain": 137.7, "t_local": 16.334837744156157}, {"device_id": 16, "stat_util": 3958.047771501882, "device_util": 2.607396691984713, "time_util": 1.0, "overall_util": 10320.200666131474, "drain": 294.61, "t_local": 29.064837744156158}, {"device_id": 17, "stat_util": 3636.1192655834475, "device_util": 3.3898357437789217, "time_util": 1.0, "overall_util": 12325.847055117933, "drain": 134.722, "t_local": 11.444837744156155}, {"device_id": 18, "stat_util": 3918.2672707149995, "device_util": 3.2990040383660912, "time_util": 1.0, "overall_util": 12926.379549486466, "drain": 147.532, "t_local": 19.83550293192405}, {"device_id": 19, "stat_util": 3736.5345709895346, "device_util": 3.2990040383660912, "time_util": 1.0, "overall_util": 12326.842639188984, "drain": 147.532, "t_local": 19.83550293192405}, {"device_id": 20, "stat_util": 3944.3763446267735, "device_util": 2.607396691984713, "time_util": 0.4621712389255759, "overall_util": 4753.22498675862, "drain": 294.61, "t_local": 32.45550293192405}, {"device_id": 21, "stat_util": 3653.883486561646, "device_util": 3.2746970303611893, "time_util": 1.0, "overall_util": 11965.36140272921, "drain": 151.162, "t_local": 24.837734039012904}, {"device_id": 22, "stat_util": 3942.433693338106, "device_util": 2.358652422367983, "time_util": 0.33702007805771167, "overall_util": 3133.8926755964235, "drain": 377.812, "t_local": 44.5077340390129}, {"device_id": 23, "stat_util": 3720.016548011696, "device_util": 2.7333526091896787, "time_util": 0.3759612008374376, "overall_util": 3822.8174541669227, "drain": 259.744, "t_local": 39.8977340390129}, {"device_id": 24, "stat_util": 3929.07362828907, "device_util": 2.607396691984713, "time_util": 1.0, "overall_util": 10244.653580965294, "drain": 294.61, "t_local": 29.103022348347785}, {"device_id": 25, "stat_util": 3912.7743208280463, "device_util": 3.2746970303611893, "time_util": 1.0, "overall_util": 12813.150448889122, "drain": 151.162, "t_local": 23.493022348347786}, {"device_id": 26, "stat_util": 3734.380112323605, "device_util": 2.358652422367983, "time_util": 0.347519686618381, "overall_util": 3060.989784342124, "drain": 377.812, "t_local": 43.16302234834779}, {"device_id": 27, "stat_util": 3943.873045871078, "device_util": 3.1303796898166905,