{"rnd": 4, "global_loss": 19.636857946713764, "global_accuracy": 0.35875875875875873, "global_accuracies": [3.930930930930931, 3.996996996996997, 3.864864864864865, 3.996996996996997, 3.765765765765766, 3.5675675675675675, 4.096096096096096, 3.798798798798799, 3.798798798798799, 4.162162162162162, 4.096096096096096, 3.765765765765766, 4.393393393393393, 4.195195195195195, 3.600600600600601, 3.4684684684684686, 4.096096096096096, 4.1291291291291286, 3.864864864864865, 4.096096096096096, 4.096096096096096, 3.6666666666666665, 3.4354354354354357, 3.996996996996997, 4.327327327327327, 4.525525525525525, 3.798798798798799, 3.8318318318318316, 3.8978978978978978, 4.1291291291291286], "global_examples": [11, 11, 11, 11, 11, 11, 11, 11, 11, 11, 11, 11, 11, 11, 11, 11, 11, 11, 11, 11, 11, 11, 11, 11, 11, 11, 11, 11, 11, 11], "user_loss": 19.595373797416688, "user_weighted_accuracy": 0.3616616616616617, "user_weighted_accuracy_var": 0.09672837001165327, "user_accuracy": 0.36166166166166164, "user_accuracy_var": 0.000799408016625234, "user_accuracies": [0.35135135135135137, 0.3963963963963964, 0.33933933933933935, 0.35435435435435436, 0.3663663663663664, 0.3303303303303303, 0.3663663663663664, 0.3303303303303303, 0.3813813813813814, 0.40540540540540543, 0.36936936936936937, 0.35435435435435436, 0.37537537537537535, 0.3843843843843844, 0.3213213213213213, 0.3213213213213213, 0.37237237237237236, 0.3993993993993994, 0.37537537537537535, 0.38738738738738737, 0.35735735735735735, 0.33933933933933935, 0.29429429429429427, 0.36936936936936937, 0.36036036036036034, 0.4294294294294294, 0.34534534534534533, 0.3333333333333333, 0.35435435435435436, 0.3843843843843844], "device_weighted_accuracy": 0.35875875875875873, "device_weighted_accuracy_var": 0.06552422292162026, "device_accuracy": 0.35875875875875873, "device_accuracy_var": 0.0005415225034844654, "device_accuracies": [0.35735735735735735, 0.3633633633633634, 0.35135135135135137, 0.3633633633633634, 0.34234234234234234, 0.32432432432432434, 0.37237237237237236, 0.34534534534534533, 0.34534534534534533, 0.3783783783783784, 0.37237237237237236, 0.34234234234234234, 0.3993993993993994, 0.3813813813813814, 0.32732732732732733, 0.3153153153153153, 0.37237237237237236, 0.37537537537537535, 0.35135135135135137, 0.37237237237237236, 0.37237237237237236, 0.3333333333333333, 0.3123123123123123, 0.3633633633633634, 0.3933933933933934, 0.4114114114114114, 0.34534534534534533, 0.3483483483483483, 0.35435435435435436, 0.37537537537537535], "total_loss": 26614.931033575536, "dead_devices": 0, "max_round_time": 52.15396084623217, "selected_devices": [9, 11, 1, 16, 20, 27, 22, 5, 24, 28, 18, 25, 10, 13, 3], "device_snapshot": [{"device_id": 0, "stat_util": 3618.616412676662, "device_util": 3.1303796898166905, "time_util": 0.29585981514484144, "overall_util": 3351.394459711595, "drain": 174.63, "t_local": 50.699686919822426}, {"device_id": 1, "stat_util": 3597.467816024386, "device_util": 2.984370635670757, "time_util": 1.0, "overall_util": 10736.177312913787, "drain": 202.08300000000003, "t_local": 11.499686919822423}, {"device_id": 2, "stat_util": 3679.6490228591656, "device_util": 3.3898357437789217, "time_util": 1.0, "overall_util": 12473.405782249181, "drain": 134.722, "t_local": 11.499686919822423}, {"device_id": 3, "stat_util": 3583.1293536004714, "device_util": 2.201931583876549, "time_util": 0.49317345669824425, "overall_util": 3891.042746199628, "drain": 441.915, "t_local": 30.415262209008098}, {"device_id": 4, "stat_util": 3661.6598417010678, "device_util": 2.7333526091896787, "time_util": 0.37626743607898677, "overall_util": 3765.9130760779617, "drain": 259.744, "t_local": 39.865262209008094}, {"device_id": 5, "stat_util": 3633.2890745764416, "device_util": 2.893538930257927, "time_util": 1.0, "overall_util": 10513.063382167731, "drain": 221.298, "t_local": 17.795262209008094}, {"device_id": 6, "stat_util": 3796.943501141779, "device_util": 2.358652422367983, "time_util": 0.34733378555637756, "overall_util": 3110.6067586263607, "drain": 377.812, "t_local": 43.186124194547354}, {"device_id": 7, "stat_util": 3699.419613166984, "device_util": 2.607396691984713, "time_util": 1.0, "overall_util": 9645.85446163496, "drain": 294.61, "t_local": 29.126124194547355}, {"device_id": 8, "stat_util": 3674.5478720990955, "device_util": 3.367971734033835, "time_util": 1.0, "overall_util": 12375.773368583928, "drain": 137.7, "t_local": 16.396124194547355}, {"device_id": 9, "stat_util": 3670.461935799868, "device_util": 1.9531873142598186, "time_util": 0.32903076993686325, "overall_util": 2358.8543909120517, "drain": 566.7180000000001, "t_local": 45.58844147882675}, {"device_id": 10, "stat_util": 3562.872941869669, "device_util": 2.9625066259256707, "time_util": 1.0, "overall_util": 10555.034697620182, "drain": 206.54999999999998, "t_local": 18.798441478826746}, {"device_id": 11, "stat_util": 3691.944948024332, "device_util": 2.9625066259256707, "time_util": 1.0, "overall_util": 10937.41137107489, "drain": 206.54999999999998, "t_local": 18.798441478826746}, {"device_id": 12, "stat_util": 3712.9994707430333, "device_util": 3.2746970303611893, "time_util": 1.0, "overall_util": 12158.948340574878, "drain": 151.162, "t_local": 24.747789395318843}, {"device_id": 13, "stat_util": 3602.6771720291295, "device_util": 2.9625066259256707, "time_util": 1.0, "overall_util": 10672.954993207453, "drain": 206.54999999999998, "t_local": 17.627789395318842}, {"device_id": 14, "stat_util": 3624.9367537357243, "device_util": 3.1303796898166905, "time_util": 0.28880705502941467, "overall_util": 3277.217375693824, "drain": 174.63, "t_local": 51.937789395318845}, {"device_id": 15, "stat_util": 3679.5392277009673, "device_util": 3.367971734033835, "time_util": 1.0, "overall_util": 12392.584113165545, "drain": 137.7, "t_local": 16.334837744156157}, {"device_id": 16, "stat_util": 3635.0111505313266, "device_util": 2.201931583876549, "time_util": 1.0, "overall_util": 8004.04586009836, "drain": 441.915, "t_local": 29.064837744156158}, {"device_id": 17, "stat_util": 3636.1192655834475, "device_util": 3.3898357437789217, "time_util": 1.0, "overall_util": 12325.847055117933, "drain": 134.722, "t_local": 11.444837744156155}, {"device_id": 18, "stat_util": 3596.185639287665, "device_util": 2.893538930257927, "time_util": 1.0, "overall_util": 10405.70314771335, "drain": 221.298, "t_local": 19.83550293192405}, {"device_id": 19, "stat_util": 3736.5345709895346, "device_util": 3.2990040383660912, "time_util": 1.0, "overall_util": 12326.842639188984, "drain": 147.532, "t_local": 19.83550293192405}, {"device_id": 20, "stat_util": 3703.1666644318757, "device_util": 2.201931583876549, "time_util": 0.4621712389255759, "overall_util": 3768.5995757983087, "drain": 441.915, "t_local": 32.45550293192405}, {"device_id": 21, "stat_util": 3653.883486561646, "device_util": 3.2746970303611893, "time_util": 1.0, "overall_util": 11965.36140272921, "drain": 151.162, "t_local": 24.837734039012904}, {"device_id": 22, "stat_util": 3608.0776821567265, "device_util": 1.9531873142598186, "time_util": 0.33702007805771167, "overall_util": 2375.065270052372, "drain": 566.7180000000001, "t_local": 44.5077340390129}, {"device_id": 23, "stat_util": 3720.016548011696, "device_util": 2.7333526091896787, "time_util": 0.3759612008374376, "overall_util": 3822.8174541669227, "drain": 259.744, "t_local": 39.8977340390129}, {"device_id": 24, "stat_util": 3664.035087023893, "device_util": 2.201931583876549, "time_util": 1.0, "overall_util": 8067.95458254977, "drain": 441.915, "t_local": 29.103022348347785}, {"device_id": 25, "stat_util": 3590.1142993416456, "device_util": 2.869231922253025, "time_util": 1.0, "overall_util": 10300.870552208102, "drain": 226.743, "t_local": 23.493022348347786}, {"device_id": 26, "stat_util": 3734.380112323605, "device_util": 2.358652422367983, "time_util": 0.347519686618381, "overall_util": 3060.989784342124, "drain": 377.812, "t_local": 43.16302234834779}, {"device_id": 27,