{"rnd": 5, "global_loss": 19.159137709935507, "global_accuracy": 0.3811811811811812, "global_accuracies": [4.063063063063063, 4.426426426426426, 4.426426426426426, 4.063063063063063, 4.294294294294294, 4.1291291291291286, 3.864864864864865, 4.195195195195195, 4.525525525525525, 4.1291291291291286, 3.930930930930931, 4.426426426426426, 4.096096096096096, 4.36036036036036, 4.195195195195195, 4.261261261261261, 4.03003003003003, 4.228228228228228, 4.4924924924924925, 4.063063063063063, 4.195195195195195, 3.6336336336336337, 4.591591591591591, 4.162162162162162, 4.1291291291291286, 3.996996996996997, 4.162162162162162, 4.525525525525525, 4.063063063063063, 4.1291291291291286], "global_examples": [11, 11, 11, 11, 11, 11, 11, 11, 11, 11, 11, 11, 11, 11, 11, 11, 11, 11, 11, 11, 11, 11, 11, 11, 11, 11, 11, 11, 11, 11], "user_loss": 19.188652765750884, "user_weighted_accuracy": 0.3773773773773774, "user_weighted_accuracy_var": 0.09248367486605719, "user_accuracy": 0.37737737737737737, "user_accuracy_var": 0.0007643278914550183, "user_accuracies": [0.35135135135135137, 0.4024024024024024, 0.4144144144144144, 0.3633633633633634, 0.40540540540540543, 0.34234234234234234, 0.3333333333333333, 0.3933933933933934, 0.3993993993993994, 0.39039039039039036, 0.34234234234234234, 0.40540540540540543, 0.36936936936936937, 0.3783783783783784, 0.3663663663663664, 0.3813813813813814, 0.3963963963963964, 0.34234234234234234, 0.4024024024024024, 0.36936936936936937, 0.35135135135135137, 0.32432432432432434, 0.4084084084084084, 0.3933933933933934, 0.36036036036036034, 0.37537537537537535, 0.3663663663663664, 0.44144144144144143, 0.3483483483483483, 0.4024024024024024], "device_weighted_accuracy": 0.3811811811811812, "device_weighted_accuracy_var": 0.04422436450464474, "device_accuracy": 0.3811811811811812, "device_accuracy_var": 0.0003654906157408657, "device_accuracies": [0.36936936936936937, 0.4024024024024024, 0.4024024024024024, 0.36936936936936937, 0.39039039039039036, 0.37537537537537535, 0.35135135135135137, 0.3813813813813814, 0.4114114114114114, 0.37537537537537535, 0.35735735735735735, 0.4024024024024024, 0.37237237237237236, 0.3963963963963964, 0.3813813813813814, 0.38738738738738737, 0.3663663663663664, 0.3843843843843844, 0.4084084084084084, 0.36936936936936937, 0.3813813813813814, 0.3303303303303303, 0.4174174174174174, 0.3783783783783784, 0.37537537537537535, 0.3633633633633634, 0.3783783783783784, 0.4114114114114114, 0.36936936936936937, 0.37537537537537535], "total_loss": 26033.246602769694, "dead_devices": 0, "max_round_time": 52.15396084623217, "selected_devices": [6, 19, 26, 23, 12, 20, 7, 11, 2, 15, 8, 9, 29, 24, 4], "device_snapshot": [{"device_id": 0, "stat_util": 3618.616412676662, "device_util": 3.1303796898166905, "time_util": 0.29585981514484144, "overall_util": 3351.394459711595, "drain": 174.63, "t_local": 50.699686919822426}, {"device_id": 1, "stat_util": 3597.467816024386, "device_util": 2.984370635670757, "time_util": 1.0, "overall_util": 10736.177312913787, "drain": 202.08300000000003, "t_local": 11.499686919822423}, {"device_id": 2, "stat_util": 3544.5693475012436, "device_util": 2.984370635670757, "time_util": 1.0, "overall_util": 10578.308676781367, "drain": 202.08300000000003, "t_local": 11.499686919822423}, {"device_id": 3, "stat_util": 3583.1293536004714, "device_util": 2.201931583876549, "time_util": 0.49317345669824425, "overall_util": 3891.042746199628, "drain": 441.915, "t_local": 30.415262209008098}, {"device_id": 4, "stat_util": 3463.4578244191102, "device_util": 2.3278875010815145, "time_util": 0.37626743607898677, "overall_util": 3033.6713218079803, "drain": 389.61600000000004, "t_local": 39.865262209008094}, {"device_id": 5, "stat_util": 3633.2890745764416, "device_util": 2.893538930257927, "time_util": 1.0, "overall_util": 10513.063382167731, "drain": 221.298, "t_local": 17.795262209008094}, {"device_id": 6, "stat_util": 3540.8248663940512, "device_util": 1.9531873142598186, "time_util": 0.34733378555637756, "overall_util": 2402.1237168337184, "drain": 566.7180000000001, "t_local": 43.186124194547354}, {"device_id": 7, "stat_util": 3531.2041377975265, "device_util": 2.201931583876549, "time_util": 1.0, "overall_util": 7775.469920131931, "drain": 441.915, "t_local": 29.126124194547355}, {"device_id": 8, "stat_util": 3495.758311462327, "device_util": 2.9625066259256707, "time_util": 1.0, "overall_util": 10356.207160341879, "drain": 206.54999999999998, "t_local": 16.396124194547355}, {"device_id": 9, "stat_util": 3580.3267678141897, "device_util": 1.6655052418080376, "time_util": 0.32903076993686325, "overall_util": 1962.0279194945701, "drain": 755.624, "t_local": 45.58844147882675}, {"device_id": 10, "stat_util": 3562.872941869669, "device_util": 2.9625066259256707, "time_util": 1.0, "overall_util": 10555.034697620182, "drain": 206.54999999999998, "t_local": 18.798441478826746}, {"device_id": 11, "stat_util": 3518.3689195188804, "device_util": 2.67482455347389, "time_util": 1.0, "overall_util": 9411.019574108503, "drain": 275.4, "t_local": 18.798441478826746}, {"device_id": 12, "stat_util": 3498.9230673128795, "device_util": 2.869231922253025, "time_util": 1.0, "overall_util": 10039.221758241585, "drain": 226.743, "t_local": 24.747789395318843}, {"device_id": 13, "stat_util": 3602.6771720291295, "device_util": 2.9625066259256707, "time_util": 1.0, "overall_util": 10672.954993207453, "drain": 206.54999999999998, "t_local": 17.627789395318842}, {"device_id": 14, "stat_util": 3624.9367537357243, "device_util": 3.1303796898166905, "time_util": 0.28880705502941467, "overall_util": 3277.217375693824, "drain": 174.63, "t_local": 51.937789395318845}, {"device_id": 15, "stat_util": 3590.111576875091, "device_util": 2.9625066259256707, "time_util": 1.0, "overall_util": 10635.729334304915, "drain": 206.54999999999998, "t_local": 16.334837744156157}, {"device_id": 16, "stat_util": 3635.0111505313266, "device_util": 2.201931583876549, "time_util": 1.0, "overall_util": 8004.04586009836, "drain": 441.915, "t_local": 29.064837744156158}, {"device_id": 17, "stat_util": 3636.1192655834475, "device_util": 3.3898357437789217, "time_util": 1.0, "overall_util": 12325.847055117933, "drain": 134.722, "t_local": 11.444837744156155}, {"device_id": 18, "stat_util": 3596.185639287665, "device_util": 2.893538930257927, "time_util": 1.0, "overall_util": 10405.70314771335, "drain": 221.298, "t_local": 19.83550293192405}, {"device_id": 19, "stat_util": 3555.977672198101, "device_util": 2.893538930257927, "time_util": 1.0, "overall_util": 10289.359829633167, "drain": 221.298, "t_local": 19.83550293192405}, {"device_id": 20, "stat_util": 3561.4157136577473, "device_util": 1.914249511424768, "time_util": 0.4621712389255759, "overall_util": 3150.823900718557, "drain": 589.22, "t_local": 32.45550293192405}, {"device_id": 21, "stat_util": 3653.883486561646, "device_util": 3.2746970303611893, "time_util": 1.0, "overall_util": 11965.36140272921, "drain": 151.162, "t_local": 24.837734039012904}, {"device_id": 22, "stat_util": 3608.0776821567265, "device_util": 1.9531873142598186, "time_util": 0.33702007805771167, "overall_util": 2375.065270052372, "drain": 566.7180000000001, "t_local": 44.5077340390129}, {"device_id": 23, "stat_util": 3529.801165818581, "device_util": 2.3278875010815145, "time_util": 0.3759612008374376, "overall_util": 3089.2656737763423, "drain": 389.61600000000004, "t_local": 39.8977340390129}, {"device_id": 24, "stat_util": 3620.8298005501197, "device_util": 1.914249511424768, "time_util": 1.0, "overall_util": 6931.171676655306, "drain": 589.22, "t_local": 29.103022348347785}, {"device_id": 25, "stat_util": 3590.1142993416456, "device_util": 2.869231922253025, "time_util": 1.0, "overall_util": 10300.870552208102, "drain": 226.743, "t_local": 23.493022348347786}, {"device_id": 26, "stat_util": 3582.539144200631, "device_util": 1.9531873142598186, "time_util": 0.347519686618381, "overall_util": 2431.7238327819787, "drain": 566.7180000000001,