{"rnd": 6, "global_loss": 18.872484827041625, "global_accuracy": 0.3855855855855855, "global_accuracies": [3.8978978978978978, 4.426426426426426, 4.228228228228228, 4.294294294294294, 4.228228228228228, 4.03003003003003, 3.963963963963964, 4.591591591591591, 4.327327327327327, 4.4924924924924925, 3.7327327327327327, 4.327327327327327, 4.162162162162162, 4.261261261261261, 4.525525525525525, 4.261261261261261, 4.03003003003003, 4.261261261261261, 4.195195195195195, 4.624624624624625, 3.963963963963964, 4.36036036036036, 4.294294294294294, 4.624624624624625, 3.930930930930931, 4.162162162162162, 4.45945945945946, 4.36036036036036, 4.096096096096096, 4.1291291291291286], "global_examples": [11, 11, 11, 11, 11, 11, 11, 11, 11, 11, 11, 11, 11, 11, 11, 11, 11, 11, 11, 11, 11, 11, 11, 11, 11, 11, 11, 11, 11, 11], "user_loss": 18.873615503311157, "user_weighted_accuracy": 0.3819819819819819, "user_weighted_accuracy_var": 0.06979195411627838, "user_accuracy": 0.38198198198198186, "user_accuracy_var": 0.0005767930092254414, "user_accuracies": [0.3813813813813814, 0.3813813813813814, 0.4174174174174174, 0.4084084084084084, 0.3993993993993994, 0.34234234234234234, 0.35735735735735735, 0.4144144144144144, 0.32432432432432434, 0.3993993993993994, 0.38738738738738737, 0.3843843843843844, 0.38738738738738737, 0.35135135135135137, 0.37537537537537535, 0.3663663663663664, 0.36936936936936937, 0.3633633633633634, 0.3663663663663664, 0.4264264264264264, 0.37537537537537535, 0.39039039039039036, 0.4264264264264264, 0.39039039039039036, 0.36036036036036034, 0.35735735735735735, 0.4114114114114114, 0.38738738738738737, 0.37537537537537535, 0.3813813813813814], "device_weighted_accuracy": 0.3855855855855855, "device_weighted_accuracy_var": 0.04856484111739366, "device_accuracy": 0.3855855855855855, "device_accuracy_var": 0.00040136232328424524, "device_accuracies": [0.35435435435435436, 0.4024024024024024, 0.3843843843843844, 0.39039039039039036, 0.3843843843843844, 0.3663663663663664, 0.36036036036036034, 0.4174174174174174, 0.3933933933933934, 0.4084084084084084, 0.33933933933933935, 0.3933933933933934, 0.3783783783783784, 0.38738738738738737, 0.4114114114114114, 0.38738738738738737, 0.3663663663663664, 0.38738738738738737, 0.3813813813813814, 0.42042042042042044, 0.36036036036036034, 0.3963963963963964, 0.39039039039039036, 0.42042042042042044, 0.35735735735735735, 0.3783783783783784, 0.40540540540540543, 0.3963963963963964, 0.37237237237237236, 0.37537537537537535], "total_loss": 25437.68398252229, "dead_devices": 0, "max_round_time": 52.15396084623217, "selected_devices": [21, 17, 16, 5, 28, 14, 24, 0, 27, 22, 13, 1, 18, 25, 15], "device_snapshot": [{"device_id": 0, "stat_util": 3352.2617250267253, "device_util": 2.724914581708526, "time_util": 0.29585981514484144, "overall_util": 2702.5690131009274, "drain": 261.945, "t_local": 50.699686919822426}, {"device_id": 1, "stat_util": 3445.089629833369, "device_util": 2.6966885632189763, "time_util": 1.0, "overall_util": 9290.333804035943, "drain": 269.444, "t_local": 11.499686919822423}, {"device_id": 2, "stat_util": 3544.5693475012436, "device_util": 2.984370635670757, "time_util": 1.0, "overall_util": 10578.308676781367, "drain": 202.08300000000003, "t_local": 11.499686919822423}, {"device_id": 3, "stat_util": 3583.1293536004714, "device_util": 2.201931583876549, "time_util": 0.49317345669824425, "overall_util": 3891.042746199628, "drain": 441.915, "t_local": 30.415262209008098}, {"device_id": 4, "stat_util": 3463.4578244191102, "device_util": 2.3278875010815145, "time_util": 0.37626743607898677, "overall_util": 3033.6713218079803, "drain": 389.61600000000004, "t_local": 39.865262209008094}, {"device_id": 5, "stat_util": 3633.9750426367286, "device_util": 2.6058568578061463, "time_util": 1.0, "overall_util": 9469.618785951303, "drain": 295.064, "t_local": 17.795262209008094}, {"device_id": 6, "stat_util": 3540.8248663940512, "device_util": 1.9531873142598186, "time_util": 0.34733378555637756, "overall_util": 2402.1237168337184, "drain": 566.7180000000001, "t_local": 43.186124194547354}, {"device_id": 7, "stat_util": 3531.2041377975265, "device_util": 2.201931583876549, "time_util": 1.0, "overall_util": 7775.469920131931, "drain": 441.915, "t_local": 29.126124194547355}, {"device_id": 8, "stat_util": 3495.758311462327, "device_util": 2.9625066259256707, "time_util": 1.0, "overall_util": 10356.207160341879, "drain": 206.54999999999998, "t_local": 16.396124194547355}, {"device_id": 9, "stat_util": 3580.3267678141897, "device_util": 1.6655052418080376, "time_util": 0.32903076993686325, "overall_util": 1962.0279194945701, "drain": 755.624, "t_local": 45.58844147882675}, {"device_id": 10, "stat_util": 3562.872941869669, "device_util": 2.9625066259256707, "time_util": 1.0, "overall_util": 10555.034697620182, "drain": 206.54999999999998, "t_local": 18.798441478826746}, {"device_id": 11, "stat_util": 3518.3689195188804, "device_util": 2.67482455347389, "time_util": 1.0, "overall_util": 9411.019574108503, "drain": 275.4, "t_local": 18.798441478826746}, {"device_id": 12, "stat_util": 3498.9230673128795, "device_util": 2.869231922253025, "time_util": 1.0, "overall_util": 10039.221758241585, "drain": 226.743, "t_local": 24.747789395318843}, {"device_id": 13, "stat_util": 3466.6360337846563, "device_util": 2.67482455347389, "time_util": 1.0, "overall_util": 9272.64318112454, "drain": 275.4, "t_local": 17.627789395318842}, {"device_id": 14, "stat_util": 3394.0642829553653, "device_util": 2.724914581708526, "time_util": 0.28880705502941467, "overall_util": 2671.0422305867537, "drain": 261.945, "t_local": 51.937789395318845}, {"device_id": 15, "stat_util": 3402.161876130421, "device_util": 2.67482455347389, "time_util": 1.0, "overall_util": 9100.186121166445, "drain": 275.4, "t_local": 16.334837744156157}, {"device_id": 16, "stat_util": 3488.7727920678553, "device_util": 1.914249511424768, "time_util": 1.0, "overall_util": 6678.381612687916, "drain": 589.22, "t_local": 29.064837744156158}, {"device_id": 17, "stat_util": 3411.5747690959993, "device_util": 2.984370635670757, "time_util": 1.0, "overall_util": 10181.403562285344, "drain": 202.08300000000003, "t_local": 11.444837744156155}, {"device_id": 18, "stat_util": 3376.518960177823, "device_util": 2.6058568578061463, "time_util": 1.0, "overall_util": 8798.725087891858, "drain": 295.064, "t_local": 19.83550293192405}, {"device_id": 19, "stat_util": 3555.977672198101, "device_util": 2.893538930257927, "time_util": 1.0, "overall_util": 10289.359829633167, "drain": 221.298, "t_local": 19.83550293192405}, {"device_id": 20, "stat_util": 3561.4157136577473, "device_util": 1.914249511424768, "time_util": 0.4621712389255759, "overall_util": 3150.823900718557, "drain": 589.22, "t_local": 32.45550293192405}, {"device_id": 21, "stat_util": 3415.7688446827888, "device_util": 2.869231922253025, "time_util": 1.0, "overall_util": 9800.633008201194, "drain": 226.743, "t_local": 24.837734039012904}, {"device_id": 22, "stat_util": 3500.4313775717965, "device_util": 1.6655052418080376, "time_util": 0.33702007805771167, "overall_util": 1964.822609085736, "drain": 755.624, "t_local": 44.5077340390129}, {"device_id": 23, "stat_util": 3529.801165818581, "device_util": 2.3278875010815145, "time_util": 0.3759612008374376, "overall_util": 3089.2656737763423, "drain": 389.61600000000004, "t_local": 39.8977340390129}, {"device_id": 24, "stat_util": 3508.4855614211874, "device_util": 1.6911059601105582, "time_util": 1.0, "overall_util": 5933.220843881209, "drain": 736.5250000000001, "t_local": 29.103022348347785}, {"device_id": 25, "stat_util": 3422.0417105074157, "device_util": 2.581549849801244, "time_util": 1.0, "overall_util": 8834.171263774011, "drain": 302.324, "t_local": 23.493022348347786}, {"device_id": 26, "stat_util": 3582.539144200631, "device_util": 1.9531873142598186, "time_util": 0.347519686618381, "overall_util": 2431.7238327819787, "drain": 566.7180000000001,