{"rnd": 7, "global_loss": 18.426952373981475, "global_accuracy": 0.3972972972972973, "global_accuracies": [4.426426426426426, 4.624624624624625, 4.558558558558558, 4.063063063063063, 3.963963963963964, 4.393393393393393, 3.765765765765766, 4.327327327327327, 4.063063063063063, 4.393393393393393, 3.7327327327327327, 5.12012012012012, 4.45945945945946, 4.1291291291291286, 4.426426426426426, 4.261261261261261, 4.657657657657658, 4.6906906906906904, 4.1291291291291286, 4.162162162162162, 4.525525525525525, 4.294294294294294, 3.996996996996997, 4.36036036036036, 4.822822822822823, 4.657657657657658, 4.822822822822823, 4.6906906906906904, 4.261261261261261, 4.327327327327327], "global_examples": [11, 11, 11, 11, 11, 11, 11, 11, 11, 11, 11, 11, 11, 11, 11, 11, 11, 11, 11, 11, 11, 11, 11, 11, 11, 11, 11, 11, 11, 11], "user_loss": 18.35732083717982, "user_weighted_accuracy": 0.4035035035035035, "user_weighted_accuracy_var": 0.07685432178925673, "user_accuracy": 0.4035035035035035, "user_accuracy_var": 0.0006351596842087332, "user_accuracies": [0.3993993993993994, 0.4144144144144144, 0.44744744744744747, 0.3963963963963964, 0.3993993993993994, 0.4114114114114114, 0.33933933933933935, 0.42342342342342343, 0.3783783783783784, 0.39039039039039036, 0.3813813813813814, 0.45645645645645644, 0.42342342342342343, 0.3933933933933934, 0.4294294294294294, 0.3843843843843844, 0.3963963963963964, 0.3933933933933934, 0.38738738738738737, 0.37237237237237236, 0.4294294294294294, 0.4294294294294294, 0.3783783783783784, 0.3813813813813814, 0.4024024024024024, 0.42342342342342343, 0.44744744744744747, 0.4144144144144144, 0.3843843843843844, 0.3963963963963964], "device_weighted_accuracy": 0.3972972972972973, "device_weighted_accuracy_var": 0.09799898998097195, "device_accuracy": 0.3972972972972973, "device_accuracy_var": 0.0008099090081072064, "device_accuracies": [0.4024024024024024, 0.42042042042042044, 0.4144144144144144, 0.36936936936936937, 0.36036036036036034, 0.3993993993993994, 0.34234234234234234, 0.3933933933933934, 0.36936936936936937, 0.3993993993993994, 0.33933933933933935, 0.46546546546546547, 0.40540540540540543, 0.37537537537537535, 0.4024024024024024, 0.38738738738738737, 0.42342342342342343, 0.4264264264264264, 0.37537537537537535, 0.3783783783783784, 0.4114114114114114, 0.39039039039039036, 0.3633633633633634, 0.3963963963963964, 0.43843843843843844, 0.42342342342342343, 0.43843843843843844, 0.4264264264264264, 0.38738738738738737, 0.3933933933933934], "total_loss": 24906.52765289545, "dead_devices": 0, "max_round_time": 52.15396084623217, "selected_devices": [5, 3, 26, 9, 10, 20, 19, 2, 6, 7, 23, 11, 24, 22, 12], "device_snapshot": [{"device_id": 0, "stat_util": 3352.2617250267253, "device_util": 2.724914581708526, "time_util": 0.29585981514484144, "overall_util": 2702.5690131009274, "drain": 261.945, "t_local": 50.699686919822426}, {"device_id": 1, "stat_util": 3445.089629833369, "device_util": 2.6966885632189763, "time_util": 1.0, "overall_util": 9290.333804035943, "drain": 269.444, "t_local": 11.499686919822423}, {"device_id": 2, "stat_util": 3424.5901934848794, "device_util": 2.6966885632189763, "time_util": 1.0, "overall_util": 9235.053208482535, "drain": 269.444, "t_local": 11.499686919822423}, {"device_id": 3, "stat_util": 3380.5598694664445, "device_util": 1.914249511424768, "time_util": 0.49317345669824425, "overall_util": 3191.4413727551546, "drain": 589.22, "t_local": 30.415262209008098}, {"device_id": 4, "stat_util": 3463.4578244191102, "device_util": 2.3278875010815145, "time_util": 0.37626743607898677, "overall_util": 3033.6713218079803, "drain": 389.61600000000004, "t_local": 39.865262209008094}, {"device_id": 5, "stat_util": 3375.1549506266706, "device_util": 2.382713306491936, "time_util": 1.0, "overall_util": 8042.026612330302, "drain": 368.83000000000004, "t_local": 17.795262209008094}, {"device_id": 6, "stat_util": 3400.9118335247576, "device_util": 1.6655052418080376, "time_util": 0.34733378555637756, "overall_util": 1967.3807008516974, "drain": 755.624, "t_local": 43.186124194547354}, {"device_id": 7, "stat_util": 3418.7087952658676, "device_util": 1.914249511424768, "time_util": 1.0, "overall_util": 6544.261641041244, "drain": 589.22, "t_local": 29.126124194547355}, {"device_id": 8, "stat_util": 3495.758311462327, "device_util": 2.9625066259256707, "time_util": 1.0, "overall_util": 10356.207160341879, "drain": 206.54999999999998, "t_local": 16.396124194547355}, {"device_id": 9, "stat_util": 3475.790612666645, "device_util": 1.4423616904938281, "time_util": 0.32903076993686325, "overall_util": 1649.5454970368496, "drain": 944.53, "t_local": 45.58844147882675}, {"device_id": 10, "stat_util": 3326.740371935625, "device_util": 2.67482455347389, "time_util": 1.0, "overall_util": 8898.44682988627, "drain": 275.4, "t_local": 18.798441478826746}, {"device_id": 11, "stat_util": 3380.7188885903847, "device_util": 2.4516810021596798, "time_util": 1.0, "overall_util": 8288.444272799434, "drain": 344.25, "t_local": 18.798441478826746}, {"device_id": 12, "stat_util": 3345.1528814555263, "device_util": 2.581549849801244, "time_util": 1.0, "overall_util": 8635.678918683712, "drain": 302.324, "t_local": 24.747789395318843}, {"device_id": 13, "stat_util": 3466.6360337846563, "device_util": 2.67482455347389, "time_util": 1.0, "overall_util": 9272.64318112454, "drain": 275.4, "t_local": 17.627789395318842}, {"device_id": 14, "stat_util": 3394.0642829553653, "device_util": 2.724914581708526, "time_util": 0.28880705502941467, "overall_util": 2671.0422305867537, "drain": 261.945, "t_local": 51.937789395318845}, {"device_id": 15, "stat_util": 3402.161876130421, "device_util": 2.67482455347389, "time_util": 1.0, "overall_util": 9100.186121166445, "drain": 275.4, "t_local": 16.334837744156157}, {"device_id": 16, "stat_util": 3488.7727920678553, "device_util": 1.914249511424768, "time_util": 1.0, "overall_util": 6678.381612687916, "drain": 589.22, "t_local": 29.064837744156158}, {"device_id": 17, "stat_util": 3411.5747690959993, "device_util": 2.984370635670757, "time_util": 1.0, "overall_util": 10181.403562285344, "drain": 202.08300000000003, "t_local": 11.444837744156155}, {"device_id": 18, "stat_util": 3376.518960177823, "device_util": 2.6058568578061463, "time_util": 1.0, "overall_util": 8798.725087891858, "drain": 295.064, "t_local": 19.83550293192405}, {"device_id": 19, "stat_util": 3413.5423235334697, "device_util": 2.6058568578061463, "time_util": 1.0, "overall_util": 8895.20267319122, "drain": 295.064, "t_local": 19.83550293192405}, {"device_id": 20, "stat_util": 3441.190832083917, "device_util": 1.6911059601105582, "time_util": 0.4621712389255759, "overall_util": 2689.5677775605177, "drain": 736.5250000000001, "t_local": 32.45550293192405}, {"device_id": 21, "stat_util": 3415.7688446827888, "device_util": 2.869231922253025, "time_util": 1.0, "overall_util": 9800.633008201194, "drain": 226.743, "t_local": 24.837734039012904}, {"device_id": 22, "stat_util": 3432.3268775914908, "device_util": 1.4423616904938281, "time_util": 0.33702007805771167, "overall_util": 1668.4707403271102, "drain": 944.53, "t_local": 44.5077340390129}, {"device_id": 23, "stat_util": 3381.8769505329005, "device_util": 2.0402054286297338, "time_util": 0.3759612008374376, "overall_util": 2594.0284127495643, "drain": 519.488, "t_local": 39.8977340390129}, {"device_id": 24, "stat_util": 3431.4604333005623, "device_util": 1.5087844033166034, "time_util": 1.0, "overall_util": 5177.333982361922, "drain": 883.8300000000002, "t_local": 29.103022348347785}, {"device_id": 25, "stat_util": 3422.0417105074157, "device_util": 2.581549849801244, "time_util": 1.0, "overall_util": 8834.171263774011, "drain": 302.324, "t_local": 23.493022348347786}, {"device_id": 26, "stat_util": 3415.321275780794, "device_util": 1.6655052418080376, "time_util": 0.347519686618381, "overall_util": 1976.77381394812, "drain": 755.624, "t_local": 43.16302234834779}, {"device_id": 27, "stat_util": 3483.3555444554067,