{"rnd": 8, "global_loss": 18.127288230260213, "global_accuracy": 0.4117117117117117, "global_accuracies": [4.36036036036036, 4.393393393393393, 4.261261261261261, 4.558558558558558, 4.558558558558558, 4.45945945945946, 4.36036036036036, 4.558558558558558, 4.294294294294294, 4.162162162162162, 4.6906906906906904, 4.393393393393393, 3.8978978978978978, 4.78978978978979, 4.8558558558558556, 5.021021021021021, 4.954954954954955, 4.36036036036036, 4.921921921921922, 4.591591591591591, 4.954954954954955, 4.294294294294294, 4.393393393393393, 4.162162162162162, 4.822822822822823, 4.1291291291291286, 4.756756756756757, 4.45945945945946, 4.624624624624625, 4.822822822822823], "global_examples": [11, 11, 11, 11, 11, 11, 11, 11, 11, 11, 11, 11, 11, 11, 11, 11, 11, 11, 11, 11, 11, 11, 11, 11, 11, 11, 11, 11, 11, 11], "user_loss": 18.109187567234038, "user_weighted_accuracy": 0.41401401401401394, "user_weighted_accuracy_var": 0.0973867160453748, "user_accuracy": 0.41401401401401394, "user_accuracy_var": 0.0008048488929369815, "user_accuracies": [0.37537537537537535, 0.3963963963963964, 0.4144144144144144, 0.43243243243243246, 0.40540540540540543, 0.3963963963963964, 0.42042042042042044, 0.43243243243243246, 0.4084084084084084, 0.37537537537537535, 0.37537537537537535, 0.3843843843843844, 0.3963963963963964, 0.4294294294294294, 0.43543543543543545, 0.4594594594594595, 0.47147147147147145, 0.38738738738738737, 0.4444444444444444, 0.3993993993993994, 0.44744744744744747, 0.37237237237237236, 0.3963963963963964, 0.42342342342342343, 0.42042042042042044, 0.3663663663663664, 0.4264264264264264, 0.4174174174174174, 0.45045045045045046, 0.4594594594594595], "device_weighted_accuracy": 0.4117117117117117, "device_weighted_accuracy_var": 0.07866325785244709, "device_accuracy": 0.4117117117117118, "device_accuracy_var": 0.0006501095690284881, "device_accuracies": [0.3963963963963964, 0.3993993993993994, 0.38738738738738737, 0.4144144144144144, 0.4144144144144144, 0.40540540540540543, 0.3963963963963964, 0.4144144144144144, 0.39039039039039036, 0.3783783783783784, 0.4264264264264264, 0.3993993993993994, 0.35435435435435436, 0.43543543543543545, 0.44144144144144143, 0.45645645645645644, 0.45045045045045046, 0.3963963963963964, 0.44744744744744747, 0.4174174174174174, 0.45045045045045046, 0.39039039039039036, 0.3993993993993994, 0.3783783783783784, 0.43843843843843844, 0.37537537537537535, 0.43243243243243246, 0.40540540540540543, 0.42042042042042044, 0.43843843843843844], "total_loss": 24504.295019272962, "dead_devices": 0, "max_round_time": 52.15396084623217, "selected_devices": [8, 28, 16, 27, 29, 9, 13, 4, 1, 20, 22, 24, 2, 25, 7], "device_snapshot": [{"device_id": 0, "stat_util": 3352.2617250267253, "device_util": 2.724914581708526, "time_util": 0.29585981514484144, "overall_util": 2702.5690131009274, "drain": 261.945, "t_local": 50.699686919822426}, {"device_id": 1, "stat_util": 3374.4629624612267, "device_util": 2.4735450119047666, "time_util": 1.0, "overall_util": 8346.886028653349, "drain": 336.805, "t_local": 11.499686919822423}, {"device_id": 2, "stat_util": 3318.9872497547335, "device_util": 2.4735450119047666, "time_util": 1.0, "overall_util": 8209.66435620634, "drain": 336.805, "t_local": 11.499686919822423}, {"device_id": 3, "stat_util": 3380.5598694664445, "device_util": 1.914249511424768, "time_util": 0.49317345669824425, "overall_util": 3191.4413727551546, "drain": 589.22, "t_local": 30.415262209008098}, {"device_id": 4, "stat_util": 3296.0978023690527, "device_util": 2.0402054286297338, "time_util": 0.37626743607898677, "overall_util": 2530.2918846103826, "drain": 519.488, "t_local": 39.865262209008094}, {"device_id": 5, "stat_util": 3375.1549506266706, "device_util": 2.382713306491936, "time_util": 1.0, "overall_util": 8042.026612330302, "drain": 368.83000000000004, "t_local": 17.795262209008094}, {"device_id": 6, "stat_util": 3400.9118335247576, "device_util": 1.6655052418080376, "time_util": 0.34733378555637756, "overall_util": 1967.3807008516974, "drain": 755.624, "t_local": 43.186124194547354}, {"device_id": 7, "stat_util": 3369.3038770574394, "device_util": 1.6911059601105582, "time_util": 1.0, "overall_util": 5697.849867915447, "drain": 736.5250000000001, "t_local": 29.126124194547355}, {"device_id": 8, "stat_util": 3353.544035413384, "device_util": 2.67482455347389, "time_util": 1.0, "overall_util": 8970.141927079632, "drain": 275.4, "t_local": 16.396124194547355}, {"device_id": 9, "stat_util": 3422.7082886957273, "device_util": 1.2600401336998734, "time_util": 0.32903076993686325, "overall_util": 1419.0273904319115, "drain": 1133.436, "t_local": 45.58844147882675}, {"device_id": 10, "stat_util": 3326.740371935625, "device_util": 2.67482455347389, "time_util": 1.0, "overall_util": 8898.44682988627, "drain": 275.4, "t_local": 18.798441478826746}, {"device_id": 11, "stat_util": 3380.7188885903847, "device_util": 2.4516810021596798, "time_util": 1.0, "overall_util": 8288.444272799434, "drain": 344.25, "t_local": 18.798441478826746}, {"device_id": 12, "stat_util": 3345.1528814555263, "device_util": 2.581549849801244, "time_util": 1.0, "overall_util": 8635.678918683712, "drain": 302.324, "t_local": 24.747789395318843}, {"device_id": 13, "stat_util": 3338.1319977672556, "device_util": 2.4516810021596798, "time_util": 1.0, "overall_util": 8184.034801627319, "drain": 344.25, "t_local": 17.627789395318842}, {"device_id": 14, "stat_util": 3394.0642829553653, "device_util": 2.724914581708526, "time_util": 0.28880705502941467, "overall_util": 2671.0422305867537, "drain": 261.945, "t_local": 51.937789395318845}, {"device_id": 15, "stat_util": 3402.161876130421, "device_util": 2.67482455347389, "time_util": 1.0, "overall_util": 9100.186121166445, "drain": 275.4, "t_local": 16.334837744156157}, {"device_id": 16, "stat_util": 3314.145047915449, "device_util": 1.6911059601105582, "time_util": 1.0, "overall_util": 5604.570443200708, "drain": 736.5250000000001, "t_local": 29.064837744156158}, {"device_id": 17, "stat_util": 3411.5747690959993, "device_util": 2.984370635670757, "time_util": 1.0, "overall_util": 10181.403562285344, "drain": 202.08300000000003, "t_local": 11.444837744156155}, {"device_id": 18, "stat_util": 3376.518960177823, "device_util": 2.6058568578061463, "time_util": 1.0, "overall_util": 8798.725087891858, "drain": 295.064, "t_local": 19.83550293192405}, {"device_id": 19, "stat_util": 3413.5423235334697, "device_util": 2.6058568578061463, "time_util": 1.0, "overall_util": 8895.20267319122, "drain": 295.064, "t_local": 19.83550293192405}, {"device_id": 20, "stat_util": 3388.9674641021525, "device_util": 1.5087844033166034, "time_util": 0.4621712389255759, "overall_util": 2363.183801484981, "drain": 883.8300000000002, "t_local": 32.45550293192405}, {"device_id": 21, "stat_util": 3415.7688446827888, "device_util": 2.869231922253025, "time_util": 1.0, "overall_util": 9800.633008201194, "drain": 226.743, "t_local": 24.837734039012904}, {"device_id": 22, "stat_util": 3352.5967663236142, "device_util": 1.2600401336998734, "time_util": 0.33702007805771167, "overall_util": 1423.709800855274, "drain": 1133.436, "t_local": 44.5077340390129}, {"device_id": 23, "stat_util": 3381.8769505329005, "device_util": 2.0402054286297338, "time_util": 0.3759612008374376, "overall_util": 2594.0284127495643, "drain": 519.488, "t_local": 39.8977340390129}, {"device_id": 24, "stat_util": 3407.46648591996, "device_util": 1.354633723489345, "time_util": 1.0, "overall_util": 4615.869013486909, "drain": 1031.1350000000002, "t_local": 29.103022348347785}, {"device_id": 25, "stat_util": 3290.852086638844, "device_util": 2.358406298487034, "time_util": 1.0, "overall_util": 7761.166288518249, "drain": 377.90500000000003, "t_local": 23.493022348347786}, {"device_id": 26, "stat_util": 3415.321275780794, "device_util": 1.6655052418080376, "time_util": 0.347519686618381, "overall_util": 1976.77381394812, "drain": 755.624, "t_local": 43.16302234834779}, {"device_id": 27,