{"rnd": 9, "global_loss": 18.218106762568155, "global_accuracy": 0.40520520520520514, "global_accuracies": [4.03003003003003, 4.558558558558558, 3.996996996996997, 4.591591591591591, 4.657657657657658, 4.657657657657658, 4.45945945945946, 4.426426426426426, 4.723723723723723, 4.657657657657658, 4.45945945945946, 4.36036036036036, 4.261261261261261, 4.195195195195195, 4.657657657657658, 4.591591591591591, 4.36036036036036, 4.8558558558558556, 4.36036036036036, 3.6996996996997, 4.426426426426426, 4.294294294294294, 4.261261261261261, 4.294294294294294, 4.1291291291291286, 4.6906906906906904, 4.954954954954955, 4.591591591591591, 4.426426426426426, 5.087087087087087], "global_examples": [11, 11, 11, 11, 11, 11, 11, 11, 11, 11, 11, 11, 11, 11, 11, 11, 11, 11, 11, 11, 11, 11, 11, 11, 11, 11, 11, 11, 11, 11], "user_loss": 18.261589459578197, "user_weighted_accuracy": 0.4080080080080079, "user_weighted_accuracy_var": 0.0750538726915103, "user_accuracy": 0.40800800800800796, "user_accuracy_var": 0.0006202799395992588, "user_accuracies": [0.3993993993993994, 0.3963963963963964, 0.4024024024024024, 0.42342342342342343, 0.44144144144144143, 0.4144144144144144, 0.43843843843843844, 0.39039039039039036, 0.43243243243243246, 0.44744744744744747, 0.4084084084084084, 0.37537537537537535, 0.3663663663663664, 0.4174174174174174, 0.43243243243243246, 0.4084084084084084, 0.40540540540540543, 0.4444444444444444, 0.4084084084084084, 0.35435435435435436, 0.4084084084084084, 0.3933933933933934, 0.3813813813813814, 0.3633633633633634, 0.3783783783783784, 0.4264264264264264, 0.4294294294294294, 0.3963963963963964, 0.4144144144144144, 0.44144144144144143], "device_weighted_accuracy": 0.40520520520520514, "device_weighted_accuracy_var": 0.08197923649375101, "device_accuracy": 0.40520520520520514, "device_accuracy_var": 0.0006775143511880248, "device_accuracies": [0.3663663663663664, 0.4144144144144144, 0.3633633633633634, 0.4174174174174174, 0.42342342342342343, 0.42342342342342343, 0.40540540540540543, 0.4024024024024024, 0.4294294294294294, 0.42342342342342343, 0.40540540540540543, 0.3963963963963964, 0.38738738738738737, 0.3813813813813814, 0.42342342342342343, 0.4174174174174174, 0.3963963963963964, 0.44144144144144143, 0.3963963963963964, 0.33633633633633636, 0.4024024024024024, 0.39039039039039036, 0.38738738738738737, 0.39039039039039036, 0.37537537537537535, 0.4264264264264264, 0.45045045045045046, 0.4174174174174174, 0.4024024024024024, 0.4624624624624625], "total_loss": 24098.40415605704, "dead_devices": 0, "max_round_time": 52.15396084623217, "selected_devices": [9, 21, 26, 19, 17, 24, 15, 6, 14, 20, 23, 11, 3, 18, 5], "device_snapshot": [{"device_id": 0, "stat_util": 3352.2617250267253, "device_util": 2.724914581708526, "time_util": 0.29585981514484144, "overall_util": 2702.5690131009274, "drain": 261.945, "t_local": 50.699686919822426}, {"device_id": 1, "stat_util": 3374.4629624612267, "device_util": 2.4735450119047666, "time_util": 1.0, "overall_util": 8346.886028653349, "drain": 336.805, "t_local": 11.499686919822423}, {"device_id": 2, "stat_util": 3318.9872497547335, "device_util": 2.4735450119047666, "time_util": 1.0, "overall_util": 8209.66435620634, "drain": 336.805, "t_local": 11.499686919822423}, {"device_id": 3, "stat_util": 3206.255328177304, "device_util": 1.6911059601105582, "time_util": 0.49317345669824425, "overall_util": 2674.0444276908133, "drain": 736.5250000000001, "t_local": 30.415262209008098}, {"device_id": 4, "stat_util": 3296.0978023690527, "device_util": 2.0402054286297338, "time_util": 0.37626743607898677, "overall_util": 2530.2918846103826, "drain": 519.488, "t_local": 39.865262209008094}, {"device_id": 5, "stat_util": 3286.779780897382, "device_util": 2.2003917496979817, "time_util": 1.0, "overall_util": 7232.203112960739, "drain": 442.59600000000006, "t_local": 17.795262209008094}, {"device_id": 6, "stat_util": 3288.132134698752, "device_util": 1.4423616904938281, "time_util": 0.34733378555637756, "overall_util": 1647.2915477455529, "drain": 944.53, "t_local": 43.186124194547354}, {"device_id": 7, "stat_util": 3369.3038770574394, "device_util": 1.6911059601105582, "time_util": 1.0, "overall_util": 5697.849867915447, "drain": 736.5250000000001, "t_local": 29.126124194547355}, {"device_id": 8, "stat_util": 3353.544035413384, "device_util": 2.67482455347389, "time_util": 1.0, "overall_util": 8970.141927079632, "drain": 275.4, "t_local": 16.396124194547355}, {"device_id": 9, "stat_util": 3308.898409653539, "device_util": 1.1058894538726152, "time_util": 0.32903076993686325, "overall_util": 1204.0143520385238, "drain": 1322.3419999999999, "t_local": 45.58844147882675}, {"device_id": 10, "stat_util": 3326.740371935625, "device_util": 2.67482455347389, "time_util": 1.0, "overall_util": 8898.44682988627, "drain": 275.4, "t_local": 18.798441478826746}, {"device_id": 11, "stat_util": 3268.2071071165888, "device_util": 2.2693594453657253, "time_util": 1.0, "overall_util": 7416.736667946423, "drain": 413.1, "t_local": 18.798441478826746}, {"device_id": 12, "stat_util": 3345.1528814555263, "device_util": 2.581549849801244, "time_util": 1.0, "overall_util": 8635.678918683712, "drain": 302.324, "t_local": 24.747789395318843}, {"device_id": 13, "stat_util": 3338.1319977672556, "device_util": 2.4516810021596798, "time_util": 1.0, "overall_util": 8184.034801627319, "drain": 344.25, "t_local": 17.627789395318842}, {"device_id": 14, "stat_util": 3265.0868584304626, "device_util": 2.437232509256745, "time_util": 0.28880705502941467, "overall_util": 2298.2618040432812, "drain": 349.26, "t_local": 51.937789395318845}, {"device_id": 15, "stat_util": 3235.541580440831, "device_util": 2.4516810021596798, "time_util": 1.0, "overall_util": 7932.51582446449, "drain": 344.25, "t_local": 16.334837744156157}, {"device_id": 16, "stat_util": 3314.145047915449, "device_util": 1.6911059601105582, "time_util": 1.0, "overall_util": 5604.570443200708, "drain": 736.5250000000001, "t_local": 29.064837744156158}, {"device_id": 17, "stat_util": 3234.238211944602, "device_util": 2.6966885632189763, "time_util": 1.0, "overall_util": 8721.7331968768, "drain": 269.444, "t_local": 11.444837744156155}, {"device_id": 18, "stat_util": 3288.7546149170853, "device_util": 2.382713306491936, "time_util": 1.0, "overall_util": 7836.159382749703, "drain": 368.83000000000004, "t_local": 19.83550293192405}, {"device_id": 19, "stat_util": 3300.2218254286345, "device_util": 2.382713306491936, "time_util": 1.0, "overall_util": 7863.482457823915, "drain": 368.83000000000004, "t_local": 19.83550293192405}, {"device_id": 20, "stat_util": 3321.4581728103667, "device_util": 1.354633723489345, "time_util": 0.4621712389255759, "overall_util": 2079.47443989038, "drain": 1031.1350000000002, "t_local": 32.45550293192405}, {"device_id": 21, "stat_util": 3293.6492079652394, "device_util": 2.581549849801244, "time_util": 1.0, "overall_util": 8502.71961812065, "drain": 302.324, "t_local": 24.837734039012904}, {"device_id": 22, "stat_util": 3352.5967663236142, "device_util": 1.2600401336998734, "time_util": 0.33702007805771167, "overall_util": 1423.709800855274, "drain": 1133.436, "t_local": 44.5077340390129}, {"device_id": 23, "stat_util": 3302.423828323609, "device_util": 1.8170618773155236, "time_util": 0.3759612008374376, "overall_util": 2256.033551423342, "drain": 649.3600000000001, "t_local": 39.8977340390129}, {"device_id": 24, "stat_util": 3318.6997795904476, "device_util": 1.2211023308648226, "time_util": 1.0, "overall_util": 4052.4720362984685, "drain": 1178.4400000000003, "t_local": 29.103022348347785}, {"device_id": 25, "stat_util": 3290.852086638844, "device_util": 2.358406298487034, "time_util": 1.0, "overall_util": 7761.166288518249, "drain": 377.90500000000003, "t_local": 23.493022348347786}, {"device_id": 26, "stat_util": 3376.3682872320337, "device_util": 1.4423616904938281, "time_util": 0.347519686618381, "overall_util": 1692.4015067337473, "drain": 944.53,