{"rnd": 1, "global_loss": 22.676753636201223, "global_accuracy": 0.23783783783783782, "global_accuracies": [2.5105105105105103, 2.840840840840841, 2.9069069069069067, 2.4114114114114114, 2.840840840840841, 2.675675675675676, 2.5105105105105103, 2.6096096096096097, 2.279279279279279, 2.4774774774774775, 2.4114114114114114, 2.840840840840841, 3.072072072072072, 2.4114114114114114, 3.006006006006006, 2.3453453453453452, 2.5435435435435436, 2.6096096096096097, 2.675675675675676, 2.5765765765765765, 2.5435435435435436, 2.7747747747747744, 2.213213213213213, 2.5765765765765765, 2.7747747747747744, 2.4774774774774775, 2.7417417417417416, 2.6096096096096097, 3.1381381381381384, 2.081081081081081], "global_examples": [11, 11, 11, 11, 11, 11, 11, 11, 11, 11, 11, 11, 11, 11, 11, 11, 11, 11, 11, 11, 11, 11, 11, 11, 11, 11, 11, 11, 11, 11], "user_loss": 22.679642550150554, "user_weighted_accuracy": 0.23843843843843843, "user_weighted_accuracy_var": 0.05816723630537447, "user_accuracy": 0.23843843843843843, "user_accuracy_var": 0.0004807209612014418, "user_accuracies": [0.2552552552552553, 0.2552552552552553, 0.2552552552552553, 0.24624624624624625, 0.24624624624624625, 0.23123123123123124, 0.22822822822822822, 0.21921921921921922, 0.1921921921921922, 0.22822822822822822, 0.21621621621621623, 0.2702702702702703, 0.26126126126126126, 0.22822822822822822, 0.27627627627627627, 0.22822822822822822, 0.23723723723723725, 0.22522522522522523, 0.24924924924924924, 0.23123123123123124, 0.23723723723723725, 0.2552552552552553, 0.2042042042042042, 0.23123123123123124, 0.26126126126126126, 0.24324324324324326, 0.2552552552552553, 0.21021021021021022, 0.27927927927927926, 0.19519519519519518], "device_weighted_accuracy": 0.23783783783783782, "device_weighted_accuracy_var": 0.05924386849311776, "device_accuracy": 0.23783783783783788, "device_accuracy_var": 0.0004896187478770061, "device_accuracies": [0.22822822822822822, 0.25825825825825827, 0.26426426426426425, 0.21921921921921922, 0.25825825825825827, 0.24324324324324326, 0.22822822822822822, 0.23723723723723725, 0.2072072072072072, 0.22522522522522523, 0.21921921921921922, 0.25825825825825827, 0.27927927927927926, 0.21921921921921922, 0.2732732732732733, 0.2132132132132132, 0.23123123123123124, 0.23723723723723725, 0.24324324324324326, 0.23423423423423423, 0.23123123123123124, 0.25225225225225223, 0.2012012012012012, 0.23423423423423423, 0.25225225225225223, 0.22522522522522523, 0.24924924924924924, 0.23723723723723725, 0.2852852852852853, 0.1891891891891892], "total_loss": 31083.890318620204, "dead_devices": 0, "max_round_time": 52.15396084623217, "selected_devices": [0, 1, 2, 3, 4, 5, 6, 7, 8, 9, 10, 11, 12, 13, 14, 15, 16, 17, 18, 19, 20, 21, 22, 23, 24, 25, 26, 27, 28, 29], "device_snapshot": [{"device_id": 0, "stat_util": 4228.321258395276, "device_util": 3.823526870376636, "time_util": 0.29585981514484144, "overall_util": 4783.195202060938, "drain": 87.315, "t_local": 50.699686919822426}, {"device_id": 1, "stat_util": 4285.063705629806, "device_util": 4.082982924338867, "time_util": 1.0, "overall_util": 17495.841939790727, "drain": 67.361, "t_local": 11.499686919822423}, {"device_id": 2, "stat_util": 4256.149599877564, "device_util": 4.082982924338867, "time_util": 1.0, "overall_util": 17377.786139731794, "drain": 67.361, "t_local": 11.499686919822423}, {"device_id": 3, "stat_util": 4244.46537918767, "device_util": 3.3005438725446585, "time_util": 0.49317345669824425, "overall_util": 6908.888752908766, "drain": 147.305, "t_local": 30.415262209008098}, {"device_id": 4, "stat_util": 4254.020887917176, "device_util": 3.426499789749624, "time_util": 0.37626743607898677, "overall_util": 5484.625286653067, "drain": 129.872, "t_local": 39.865262209008094}, {"device_id": 5, "stat_util": 4288.490452672902, "device_util": 3.9921512189260366, "time_util": 1.0, "overall_util": 17120.3023879908, "drain": 73.766, "t_local": 17.795262209008094}, {"device_id": 6, "stat_util": 4262.458413195711, "device_util": 3.0517996029279284, "time_util": 0.34733378555637756, "overall_util": 4518.17654472332, "drain": 188.906, "t_local": 43.186124194547354}, {"device_id": 7, "stat_util": 4252.311086927848, "device_util": 3.3005438725446585, "time_util": 1.0, "overall_util": 14034.939302113426, "drain": 147.305, "t_local": 29.126124194547355}, {"device_id": 8, "stat_util": 4271.9232135400325, "device_util": 4.061118914593781, "time_util": 1.0, "overall_util": 17348.788164199672, "drain": 68.85, "t_local": 16.396124194547355}, {"device_id": 9, "stat_util": 4304.506764205001, "device_util": 3.0517996029279284, "time_util": 0.32903076993686325, "overall_util": 4322.310088151146, "drain": 188.906, "t_local": 45.58844147882675}, {"device_id": 10, "stat_util": 4311.091958648094, "device_util": 4.061118914593781, "time_util": 1.0, "overall_util": 17507.857095818923, "drain": 68.85, "t_local": 18.798441478826746}, {"device_id": 11, "stat_util": 4294.604807069775, "device_util": 4.061118914593781, "time_util": 1.0, "overall_util": 17440.90081269644, "drain": 68.85, "t_local": 18.798441478826746}, {"device_id": 12, "stat_util": 4258.1579774276515, "device_util": 3.9678442109211347, "time_util": 1.0, "overall_util": 16895.707479923956, "drain": 75.581, "t_local": 24.747789395318843}, {"device_id": 13, "stat_util": 4268.837531587373, "device_util": 4.061118914593781, "time_util": 1.0, "overall_util": 17336.256842857307, "drain": 68.85, "t_local": 17.627789395318842}, {"device_id": 14, "stat_util": 4238.9339372512695, "device_util": 3.823526870376636, "time_util": 0.28880705502941467, "overall_util": 4680.891697411882, "drain": 87.315, "t_local": 51.937789395318845}, {"device_id": 15, "stat_util": 4253.650596015719, "device_util": 4.061118914593781, "time_util": 1.0, "overall_util": 17274.580891552545, "drain": 68.85, "t_local": 16.334837744156157}, {"device_id": 16, "stat_util": 4265.967911245655, "device_util": 3.3005438725446585, "time_util": 1.0, "overall_util": 14080.014249933984, "drain": 147.305, "t_local": 29.064837744156158}, {"device_id": 17, "stat_util": 4257.907930547251, "device_util": 4.082982924338867, "time_util": 1.0, "overall_util": 17384.96537383147, "drain": 67.361, "t_local": 11.444837744156155}, {"device_id": 18, "stat_util": 4263.990832080597, "device_util": 3.9921512189260366, "time_util": 1.0, "overall_util": 17022.49619778, "drain": 73.766, "t_local": 19.83550293192405}, {"device_id": 19, "stat_util": 4250.1851902946855, "device_util": 3.9921512189260366, "time_util": 1.0, "overall_util": 16967.381988096316, "drain": 73.766, "t_local": 19.83550293192405}, {"device_id": 20, "stat_util": 4287.850181825579, "device_util": 3.3005438725446585, "time_util": 0.4621712389255759, "overall_util": 6540.757205503084, "drain": 147.305, "t_local": 32.45550293192405}, {"device_id": 21, "stat_util": 4260.898364356183, "device_util": 3.9678442109211347, "time_util": 1.0, "overall_util": 16906.580908334014, "drain": 75.581, "t_local": 24.837734039012904}, {"device_id": 22, "stat_util": 4273.638830905151, "device_util": 3.0517996029279284, "time_util": 0.33702007805771167, "overall_util": 4395.513353628024, "drain": 188.906, "t_local": 44.5077340390129}, {"device_id": 23, "stat_util": 4280.6296433578045, "device_util": 3.426499789749624, "time_util": 0.3759612008374376, "overall_util": 5514.439701745683, "drain": 129.872, "t_local": 39.8977340390129}, {"device_id": 24, "stat_util": 4293.200307662989, "device_util": 3.3005438725446585, "time_util": 1.0, "overall_util": 14169.89596906392, "drain": 147.305, "t_local": 29.103022348347785}, {"device_id": 25, "stat_util": 4310.942885162255, "device_util": 3.9678442109211347, "time_util": 1.0, "overall_util": 17105.149770502707, "drain": 75.581, "t_local": 23.493022348347786}, {"device_id": 26, "stat_util": 4262.68477105887, "device_util": 3.0517996029279284, "time_util": 0.347519686618381, "overall_util": 4520.834843330547, "drain": 188.906, "t_local": 43.16302234834779}, {"device_id": 27,