{"rnd": 10, "global_loss": 17.59655898809433, "global_accuracy": 0.423923923923924, "global_accuracies": [4.756756756756757, 4.525525525525525, 4.657657657657658, 4.78978978978979, 4.558558558558558, 4.393393393393393, 5.153153153153153, 4.723723723723723, 4.921921921921922, 4.558558558558558, 4.426426426426426, 4.591591591591591, 4.558558558558558, 4.327327327327327, 4.954954954954955, 4.228228228228228, 4.426426426426426, 4.327327327327327, 5.2192192192192195, 4.822822822822823, 4.45945945945946, 4.723723723723723, 4.954954954954955, 5.021021021021021, 4.78978978978979, 4.36036036036036, 4.426426426426426, 4.756756756756757, 4.624624624624625, 4.8558558558558556], "global_examples": [11, 11, 11, 11, 11, 11, 11, 11, 11, 11, 11, 11, 11, 11, 11, 11, 11, 11, 11, 11, 11, 11, 11, 11, 11, 11, 11, 11, 11, 11], "user_loss": 17.647838779290517, "user_weighted_accuracy": 0.43123123123123125, "user_weighted_accuracy_var": 0.07577162748333927, "user_accuracy": 0.43123123123123125, "user_accuracy_var": 0.0006262117973829686, "user_accuracies": [0.44144144144144143, 0.4144144144144144, 0.46546546546546547, 0.4444444444444444, 0.40540540540540543, 0.4144144144144144, 0.4774774774774775, 0.43243243243243246, 0.45645645645645644, 0.4174174174174174, 0.43243243243243246, 0.4114114114114114, 0.4174174174174174, 0.4084084084084084, 0.43843843843843844, 0.3843843843843844, 0.42042042042042044, 0.4264264264264264, 0.46846846846846846, 0.4864864864864865, 0.3963963963963964, 0.44144144144144143, 0.42042042042042044, 0.46546546546546547, 0.4144144144144144, 0.4024024024024024, 0.42342342342342343, 0.4594594594594595, 0.4084084084084084, 0.44144144144144143], "device_weighted_accuracy": 0.423923923923924, "device_weighted_accuracy_var": 0.06271261251241236, "device_accuracy": 0.4239239239239238, "device_accuracy_var": 0.0005182860538215895, "device_accuracies": [0.43243243243243246, 0.4114114114114114, 0.42342342342342343, 0.43543543543543545, 0.4144144144144144, 0.3993993993993994, 0.46846846846846846, 0.4294294294294294, 0.44744744744744747, 0.4144144144144144, 0.4024024024024024, 0.4174174174174174, 0.4144144144144144, 0.3933933933933934, 0.45045045045045046, 0.3843843843843844, 0.4024024024024024, 0.3933933933933934, 0.4744744744744745, 0.43843843843843844, 0.40540540540540543, 0.4294294294294294, 0.45045045045045046, 0.45645645645645644, 0.43543543543543545, 0.3963963963963964, 0.4024024024024024, 0.43243243243243246, 0.42042042042042044, 0.44144144144144143], "total_loss": 23672.198040795327, "dead_devices": 0, "max_round_time": 52.15396084623217, "selected_devices": [9, 1, 29, 12, 11, 24, 5, 21, 20, 19, 3, 28, 22, 27, 16], "device_snapshot": [{"device_id": 0, "stat_util": 3167.9325576574615, "device_util": 2.437232509256745, "time_util": 0.29585981514484144, "overall_util": 2284.330146515235, "drain": 349.26, "t_local": 50.699686919822426}, {"device_id": 1, "stat_util": 3233.598380666711, "device_util": 2.291223455110812, "time_util": 1.0, "overall_util": 7408.896454191909, "drain": 404.166, "t_local": 11.499686919822423}, {"device_id": 2, "stat_util": 3241.067061069368, "device_util": 2.4735450119047666, "time_util": 1.0, "overall_util": 8016.925262156977, "drain": 336.805, "t_local": 11.499686919822423}, {"device_id": 3, "stat_util": 3227.9237276166673, "device_util": 1.6911059601105582, "time_util": 0.49317345669824425, "overall_util": 2692.1160585645616, "drain": 736.5250000000001, "t_local": 30.415262209008098}, {"device_id": 4, "stat_util": 3291.7032518781516, "device_util": 2.0402054286297338, "time_util": 0.37626743607898677, "overall_util": 2526.918351387052, "drain": 519.488, "t_local": 39.865262209008094}, {"device_id": 5, "stat_util": 3271.205841975121, "device_util": 2.2003917496979817, "time_util": 1.0, "overall_util": 7197.934346245896, "drain": 442.59600000000006, "t_local": 17.795262209008094}, {"device_id": 6, "stat_util": 3270.639517728143, "device_util": 1.4423616904938281, "time_util": 0.34733378555637756, "overall_util": 1638.5280799458394, "drain": 944.53, "t_local": 43.186124194547354}, {"device_id": 7, "stat_util": 3278.551857772164, "device_util": 1.6911059601105582, "time_util": 1.0, "overall_util": 5544.37858721005, "drain": 736.5250000000001, "t_local": 29.126124194547355}, {"device_id": 8, "stat_util": 3230.001284196166, "device_util": 2.4516810021596798, "time_util": 1.0, "overall_util": 7918.932785415109, "drain": 344.25, "t_local": 16.396124194547355}, {"device_id": 9, "stat_util": 3274.760890787207, "device_util": 0.9723580612480925, "time_util": 0.32903076993686325, "overall_util": 1047.7129884871665, "drain": 1511.2479999999998, "t_local": 45.58844147882675}, {"device_id": 10, "stat_util": 3272.0211213387365, "device_util": 2.4516810021596798, "time_util": 1.0, "overall_util": 8021.952021851393, "drain": 344.25, "t_local": 18.798441478826746}, {"device_id": 11, "stat_util": 3223.783326364919, "device_util": 2.2693594453657253, "time_util": 1.0, "overall_util": 7315.923141498765, "drain": 413.1, "t_local": 18.798441478826746}, {"device_id": 12, "stat_util": 3210.5964859526716, "device_util": 2.358406298487034, "time_util": 1.0, "overall_util": 7571.890974371119, "drain": 377.90500000000003, "t_local": 24.747789395318843}, {"device_id": 13, "stat_util": 3259.3928860218025, "device_util": 2.4516810021596798, "time_util": 1.0, "overall_util": 7990.991617234064, "drain": 344.25, "t_local": 17.627789395318842}, {"device_id": 14, "stat_util": 3268.802497621093, "device_util": 2.724914581708526, "time_util": 0.28880705502941467, "overall_util": 2572.464392745922, "drain": 261.945, "t_local": 51.937789395318845}, {"device_id": 15, "stat_util": 3266.9213877887037, "device_util": 2.67482455347389, "time_util": 1.0, "overall_util": 8738.44154232622, "drain": 275.4, "t_local": 16.334837744156157}, {"device_id": 16, "stat_util": 3230.9743455539556, "device_util": 1.5087844033166034, "time_util": 1.0, "overall_util": 4874.843700087878, "drain": 883.8300000000002, "t_local": 29.064837744156158}, {"device_id": 17, "stat_util": 3236.2817815189283, "device_util": 2.6966885632189763, "time_util": 1.0, "overall_util": 8727.244067576028, "drain": 269.444, "t_local": 11.444837744156155}, {"device_id": 18, "stat_util": 3261.633328026963, "device_util": 2.382713306491936, "time_util": 1.0, "overall_util": 7771.537131587424, "drain": 368.83000000000004, "t_local": 19.83550293192405}, {"device_id": 19, "stat_util": 3232.522392368867, "device_util": 2.2003917496979817, "time_util": 1.0, "overall_util": 7112.815602882437, "drain": 442.59600000000006, "t_local": 19.83550293192405}, {"device_id": 20, "stat_util": 3273.3458395443968, "device_util": 1.2211023308648226, "time_util": 0.4621712389255759, "overall_util": 1847.3401457273492, "drain": 1178.4400000000003, "t_local": 32.45550293192405}, {"device_id": 21, "stat_util": 3206.4547017712275, "device_util": 2.358406298487034, "time_util": 1.0, "overall_util": 7562.122964470628, "drain": 377.90500000000003, "t_local": 24.837734039012904}, {"device_id": 22, "stat_util": 3306.0099576886855, "device_util": 0.8545750255917092, "time_util": 0.33702007805771167, "overall_util": 952.1604295969609, "drain": 1700.1539999999998, "t_local": 44.5077340390129}, {"device_id": 23, "stat_util": 3250.6976819308043, "device_util": 1.8170618773155236, "time_util": 0.3759612008374376, "overall_util": 2220.697105281224, "drain": 649.3600000000001, "t_local": 39.8977340390129}, {"device_id": 24, "stat_util": 3291.9564690391785, "device_util": 1.354633723489345, "time_util": 1.0, "overall_util": 4459.395249219379, "drain": 1031.1350000000002, "t_local": 29.103022348347785}, {"device_id": 25, "stat_util": 3246.888562420601, "device_util": 2.1760847416930793, "time_util": 1.0, "overall_util": 7065.504658661247, "drain": 453.48600000000005, "t_local": 23.493022348347786}, {"device_id": 26, "stat_util": 3291.0921991632813, "device_util": 1.2600401336998734, "time_util": 0.347519686618381, "overall_util": 1441.1322570919485,