{"rnd": 2, "global_loss": 20.956824894746145, "global_accuracy": 0.32092092092092095, "global_accuracies": [3.4684684684684686, 3.765765765765766, 3.600600600600601, 3.369369369369369, 3.5345345345345343, 3.6666666666666665, 3.864864864864865, 3.369369369369369, 3.3363363363363363, 3.5345345345345343, 3.8318318318318316, 3.5015015015015014, 3.237237237237237, 3.600600600600601, 3.4024024024024024, 3.765765765765766, 3.5015015015015014, 3.3363363363363363, 3.6996996996997, 3.3363363363363363, 3.5345345345345343, 3.3033033033033035, 3.5675675675675675, 3.4354354354354357, 3.4684684684684686, 3.237237237237237, 3.798798798798799, 3.4024024024024024, 3.6996996996997, 3.7327327327327327], "global_examples": [11, 11, 11, 11, 11, 11, 11, 11, 11, 11, 11, 11, 11, 11, 11, 11, 11, 11, 11, 11, 11, 11, 11, 11, 11, 11, 11, 11, 11, 11], "user_loss": 20.940653709570565, "user_weighted_accuracy": 0.3178178178178178, "user_weighted_accuracy_var": 0.04110722333945558, "user_accuracy": 0.31781781781781776, "user_accuracy_var": 0.0003397291185078974, "user_accuracies": [0.3303303303303303, 0.34534534534534533, 0.3153153153153153, 0.3153153153153153, 0.3153153153153153, 0.3333333333333333, 0.3303303303303303, 0.3033033033033033, 0.3123123123123123, 0.30930930930930933, 0.34234234234234234, 0.32732732732732733, 0.3033033033033033, 0.3303303303303303, 0.2912912912912913, 0.3123123123123123, 0.32432432432432434, 0.2912912912912913, 0.34234234234234234, 0.27927927927927926, 0.2972972972972973, 0.3033033033033033, 0.3153153153153153, 0.3213213213213213, 0.2882882882882883, 0.3123123123123123, 0.36036036036036034, 0.3153153153153153, 0.33933933933933935, 0.32732732732732733], "device_weighted_accuracy": 0.32092092092092095, "device_weighted_accuracy_var": 0.03177034892750611, "device_accuracy": 0.3209209209209209, "device_accuracy_var": 0.000262564867169472, "device_accuracies": [0.3153153153153153, 0.34234234234234234, 0.32732732732732733, 0.3063063063063063, 0.3213213213213213, 0.3333333333333333, 0.35135135135135137, 0.3063063063063063, 0.3033033033033033, 0.3213213213213213, 0.3483483483483483, 0.3183183183183183, 0.29429429429429427, 0.32732732732732733, 0.30930930930930933, 0.34234234234234234, 0.3183183183183183, 0.3033033033033033, 0.33633633633633636, 0.3033033033033033, 0.3213213213213213, 0.3003003003003003, 0.32432432432432434, 0.3123123123123123, 0.3153153153153153, 0.29429429429429427, 0.34534534534534533, 0.30930930930930933, 0.33633633633633636, 0.33933933933933935], "total_loss": 29869.927550212542, "dead_devices": 0, "max_round_time": 52.15396084623217, "selected_devices": [10, 25, 9, 11, 24, 27, 5, 20, 1, 23, 22, 8, 13, 16, 28], "device_snapshot": [{"device_id": 0, "stat_util": 4228.321258395276, "device_util": 3.823526870376636, "time_util": 0.29585981514484144, "overall_util": 4783.195202060938, "drain": 87.315, "t_local": 50.699686919822426}, {"device_id": 1, "stat_util": 3956.289107575211, "device_util": 3.3898357437789217, "time_util": 1.0, "overall_util": 13411.170229581661, "drain": 134.722, "t_local": 11.499686919822423}, {"device_id": 2, "stat_util": 4256.149599877564, "device_util": 4.082982924338867, "time_util": 1.0, "overall_util": 17377.786139731794, "drain": 67.361, "t_local": 11.499686919822423}, {"device_id": 3, "stat_util": 4244.46537918767, "device_util": 3.3005438725446585, "time_util": 0.49317345669824425, "overall_util": 6908.888752908766, "drain": 147.305, "t_local": 30.415262209008098}, {"device_id": 4, "stat_util": 4254.020887917176, "device_util": 3.426499789749624, "time_util": 0.37626743607898677, "overall_util": 5484.625286653067, "drain": 129.872, "t_local": 39.865262209008094}, {"device_id": 5, "stat_util": 3949.3636942019893, "device_util": 3.2990040383660912, "time_util": 1.0, "overall_util": 13028.966776148787, "drain": 147.532, "t_local": 17.795262209008094}, {"device_id": 6, "stat_util": 4262.458413195711, "device_util": 3.0517996029279284, "time_util": 0.34733378555637756, "overall_util": 4518.17654472332, "drain": 188.906, "t_local": 43.186124194547354}, {"device_id": 7, "stat_util": 4252.311086927848, "device_util": 3.3005438725446585, "time_util": 1.0, "overall_util": 14034.939302113426, "drain": 147.305, "t_local": 29.126124194547355}, {"device_id": 8, "stat_util": 3919.228394269571, "device_util": 3.367971734033835, "time_util": 1.0, "overall_util": 13199.85045112273, "drain": 137.7, "t_local": 16.396124194547355}, {"device_id": 9, "stat_util": 3982.0267596360673, "device_util": 2.358652422367983, "time_util": 0.32903076993686325, "overall_util": 3090.328411504885, "drain": 377.812, "t_local": 45.58844147882675}, {"device_id": 10, "stat_util": 3939.70968199817, "device_util": 3.367971734033835, "time_util": 1.0, "overall_util": 13268.830849269265, "drain": 137.7, "t_local": 18.798441478826746}, {"device_id": 11, "stat_util": 3995.325507135861, "device_util": 3.367971734033835, "time_util": 1.0, "overall_util": 13456.143376297976, "drain": 137.7, "t_local": 18.798441478826746}, {"device_id": 12, "stat_util": 4258.1579774276515, "device_util": 3.9678442109211347, "time_util": 1.0, "overall_util": 16895.707479923956, "drain": 75.581, "t_local": 24.747789395318843}, {"device_id": 13, "stat_util": 3913.6054029948173, "device_util": 3.367971734033835, "time_util": 1.0, "overall_util": 13180.912375448639, "drain": 137.7, "t_local": 17.627789395318842}, {"device_id": 14, "stat_util": 4238.9339372512695, "device_util": 3.823526870376636, "time_util": 0.28880705502941467, "overall_util": 4680.891697411882, "drain": 87.315, "t_local": 51.937789395318845}, {"device_id": 15, "stat_util": 4253.650596015719, "device_util": 4.061118914593781, "time_util": 1.0, "overall_util": 17274.580891552545, "drain": 68.85, "t_local": 16.334837744156157}, {"device_id": 16, "stat_util": 3946.0019800027876, "device_util": 2.607396691984713, "time_util": 1.0, "overall_util": 10288.792509224397, "drain": 294.61, "t_local": 29.064837744156158}, {"device_id": 17, "stat_util": 4257.907930547251, "device_util": 4.082982924338867, "time_util": 1.0, "overall_util": 17384.96537383147, "drain": 67.361, "t_local": 11.444837744156155}, {"device_id": 18, "stat_util": 4263.990832080597, "device_util": 3.9921512189260366, "time_util": 1.0, "overall_util": 17022.49619778, "drain": 73.766, "t_local": 19.83550293192405}, {"device_id": 19, "stat_util": 4250.1851902946855, "device_util": 3.9921512189260366, "time_util": 1.0, "overall_util": 16967.381988096316, "drain": 73.766, "t_local": 19.83550293192405}, {"device_id": 20, "stat_util": 3954.328588852232, "device_util": 2.607396691984713, "time_util": 0.4621712389255759, "overall_util": 4765.218075600463, "drain": 294.61, "t_local": 32.45550293192405}, {"device_id": 21, "stat_util": 4260.898364356183, "device_util": 3.9678442109211347, "time_util": 1.0, "overall_util": 16906.580908334014, "drain": 75.581, "t_local": 24.837734039012904}, {"device_id": 22, "stat_util": 3949.9423454859298, "device_util": 2.358652422367983, "time_util": 0.33702007805771167, "overall_util": 3139.861402479371, "drain": 377.812, "t_local": 44.5077340390129}, {"device_id": 23, "stat_util": 3916.1317304578783, "device_util": 2.7333526091896787, "time_util": 0.3759612008374376, "overall_util": 4024.3521873613513, "drain": 259.744, "t_local": 39.8977340390129}, {"device_id": 24, "stat_util": 3966.558258363375, "device_util": 2.607396691984713, "time_util": 1.0, "overall_util": 10342.390881421308, "drain": 294.61, "t_local": 29.103022348347785}, {"device_id": 25, "stat_util": 3954.2755957847216, "device_util": 3.2746970303611893, "time_util": 1.0, "overall_util": 12949.05455074595, "drain": 151.162, "t_local": 23.493022348347786}, {"device_id": 26, "stat_util": 4262.68477105887, "device_util": 3.0517996029279284, "time_util": 0.347519686618381, "overall_util": 4520.834843330547, "drain": 188.906, "t_local": 43.16302234834779}, {"device_id": 27, "stat_util": 4018.8318900032405, "device_util": 3.1303796898166905,