{"rnd": 3, "global_loss": 19.8436829606692, "global_accuracy": 0.3532532532532532, "global_accuracies": [3.4354354354354357, 3.3363363363363363, 3.864864864864865, 3.765765765765766, 3.996996996996997, 3.864864864864865, 4.03003003003003, 3.996996996996997, 3.5345345345345343, 4.1291291291291286, 4.063063063063063, 3.5015015015015014, 3.963963963963964, 3.864864864864865, 4.03003003003003, 3.7327327327327327, 4.03003003003003, 3.7327327327327327, 4.063063063063063, 3.8978978978978978, 3.7327327327327327, 4.096096096096096, 3.7327327327327327, 4.426426426426426, 3.864864864864865, 4.228228228228228, 4.1291291291291286, 3.765765765765766, 3.864864864864865, 3.8978978978978978], "global_examples": [11, 11, 11, 11, 11, 11, 11, 11, 11, 11, 11, 11, 11, 11, 11, 11, 11, 11, 11, 11, 11, 11, 11, 11, 11, 11, 11, 11, 11, 11], "user_loss": 19.924773144721986, "user_weighted_accuracy": 0.3487487487487487, "user_weighted_accuracy_var": 0.03722625528431333, "user_accuracy": 0.34874874874874884, "user_accuracy_var": 0.00030765500234969715, "user_accuracies": [0.2972972972972973, 0.3183183183183183, 0.3153153153153153, 0.35735735735735735, 0.3483483483483483, 0.34234234234234234, 0.3633633633633634, 0.3633633633633634, 0.33933933933933935, 0.3843843843843844, 0.36936936936936937, 0.3333333333333333, 0.3633633633633634, 0.35135135135135137, 0.36036036036036034, 0.35435435435435436, 0.3483483483483483, 0.34534534534534533, 0.35735735735735735, 0.35735735735735735, 0.35735735735735735, 0.36936936936936937, 0.33933933933933935, 0.36036036036036034, 0.3483483483483483, 0.34534534534534533, 0.3633633633633634, 0.33933933933933935, 0.33633633633633636, 0.3333333333333333], "device_weighted_accuracy": 0.3532532532532532, "device_weighted_accuracy_var": 0.05430324218112001, "device_accuracy": 0.35325325325325324, "device_accuracy_var": 0.000448787125463802, "device_accuracies": [0.3123123123123123, 0.3033033033033033, 0.35135135135135137, 0.34234234234234234, 0.3633633633633634, 0.35135135135135137, 0.3663663663663664, 0.3633633633633634, 0.3213213213213213, 0.37537537537537535, 0.36936936936936937, 0.3183183183183183, 0.36036036036036034, 0.35135135135135137, 0.3663663663663664, 0.33933933933933935, 0.3663663663663664, 0.33933933933933935, 0.36936936936936937, 0.35435435435435436, 0.33933933933933935, 0.37237237237237236, 0.33933933933933935, 0.4024024024024024, 0.35135135135135137, 0.3843843843843844, 0.37537537537537535, 0.34234234234234234, 0.35135135135135137, 0.35435435435435436], "total_loss": 27782.994800426564, "dead_devices": 0, "max_round_time": 52.15396084623217, "selected_devices": [18, 26, 6, 21, 12, 17, 2, 29, 4, 15, 7, 19, 3, 14, 0], "device_snapshot": [{"device_id": 0, "stat_util": 3632.9186412143376, "device_util": 3.1303796898166905, "time_util": 0.29585981514484144, "overall_util": 3364.64051953567, "drain": 174.63, "t_local": 50.699686919822426}, {"device_id": 1, "stat_util": 3956.289107575211, "device_util": 3.3898357437789217, "time_util": 1.0, "overall_util": 13411.170229581661, "drain": 134.722, "t_local": 11.499686919822423}, {"device_id": 2, "stat_util": 3714.8318052916093, "device_util": 3.3898357437789217, "time_util": 1.0, "overall_util": 12592.669635704277, "drain": 134.722, "t_local": 11.499686919822423}, {"device_id": 3, "stat_util": 3688.7554539177554, "device_util": 2.607396691984713, "time_util": 0.49317345669824425, "overall_util": 4743.366357649126, "drain": 294.61, "t_local": 30.415262209008098}, {"device_id": 4, "stat_util": 3657.231356710327, "device_util": 2.7333526091896787, "time_util": 0.37626743607898677, "overall_util": 3761.358505130678, "drain": 259.744, "t_local": 39.865262209008094}, {"device_id": 5, "stat_util": 3949.3636942019893, "device_util": 3.2990040383660912, "time_util": 1.0, "overall_util": 13028.966776148787, "drain": 147.532, "t_local": 17.795262209008094}, {"device_id": 6, "stat_util": 3748.919336912208, "device_util": 2.358652422367983, "time_util": 0.34733378555637756, "overall_util": 3071.263457946495, "drain": 377.812, "t_local": 43.186124194547354}, {"device_id": 7, "stat_util": 3676.128906582158, "device_util": 2.607396691984713, "time_util": 1.0, "overall_util": 9585.126350331699, "drain": 294.61, "t_local": 29.126124194547355}, {"device_id": 8, "stat_util": 3919.228394269571, "device_util": 3.367971734033835, "time_util": 1.0, "overall_util": 13199.85045112273, "drain": 137.7, "t_local": 16.396124194547355}, {"device_id": 9, "stat_util": 3982.0267596360673, "device_util": 2.358652422367983, "time_util": 0.32903076993686325, "overall_util": 3090.328411504885, "drain": 377.812, "t_local": 45.58844147882675}, {"device_id": 10, "stat_util": 3939.70968199817, "device_util": 3.367971734033835, "time_util": 1.0, "overall_util": 13268.830849269265, "drain": 137.7, "t_local": 18.798441478826746}, {"device_id": 11, "stat_util": 3995.325507135861, "device_util": 3.367971734033835, "time_util": 1.0, "overall_util": 13456.143376297976, "drain": 137.7, "t_local": 18.798441478826746}, {"device_id": 12, "stat_util": 3666.298220444986, "device_util": 3.2746970303611893, "time_util": 1.0, "overall_util": 12006.015894909708, "drain": 151.162, "t_local": 24.747789395318843}, {"device_id": 13, "stat_util": 3913.6054029948173, "device_util": 3.367971734033835, "time_util": 1.0, "overall_util": 13180.912375448639, "drain": 137.7, "t_local": 17.627789395318842}, {"device_id": 14, "stat_util": 3621.416950754995, "device_util": 3.1303796898166905, "time_util": 0.28880705502941467, "overall_util": 3274.0352072116907, "drain": 174.63, "t_local": 51.937789395318845}, {"device_id": 15, "stat_util": 3672.673164445787, "device_util": 3.367971734033835, "time_util": 1.0, "overall_util": 12369.459406198008, "drain": 137.7, "t_local": 16.334837744156157}, {"device_id": 16, "stat_util": 3946.0019800027876, "device_util": 2.607396691984713, "time_util": 1.0, "overall_util": 10288.792509224397, "drain": 294.61, "t_local": 29.064837744156158}, {"device_id": 17, "stat_util": 3619.551337372336, "device_util": 3.3898357437789217, "time_util": 1.0, "overall_util": 12269.684499867544, "drain": 134.722, "t_local": 11.444837744156155}, {"device_id": 18, "stat_util": 3688.0893834256294, "device_util": 3.2990040383660912, "time_util": 1.0, "overall_util": 12167.021769776258, "drain": 147.532, "t_local": 19.83550293192405}, {"device_id": 19, "stat_util": 3771.3127412583663, "device_util": 3.2990040383660912, "time_util": 1.0, "overall_util": 12441.575963352843, "drain": 147.532, "t_local": 19.83550293192405}, {"device_id": 20, "stat_util": 3954.328588852232, "device_util": 2.607396691984713, "time_util": 0.4621712389255759, "overall_util": 4765.218075600463, "drain": 294.61, "t_local": 32.45550293192405}, {"device_id": 21, "stat_util": 3667.6167907535864, "device_util": 3.2746970303611893, "time_util": 1.0, "overall_util": 12010.333813183604, "drain": 151.162, "t_local": 24.837734039012904}, {"device_id": 22, "stat_util": 3949.9423454859298, "device_util": 2.358652422367983, "time_util": 0.33702007805771167, "overall_util": 3139.861402479371, "drain": 377.812, "t_local": 44.5077340390129}, {"device_id": 23, "stat_util": 3916.1317304578783, "device_util": 2.7333526091896787, "time_util": 0.3759612008374376, "overall_util": 4024.3521873613513, "drain": 259.744, "t_local": 39.8977340390129}, {"device_id": 24, "stat_util": 3966.558258363375, "device_util": 2.607396691984713, "time_util": 1.0, "overall_util": 10342.390881421308, "drain": 294.61, "t_local": 29.103022348347785}, {"device_id": 25, "stat_util": 3954.2755957847216, "device_util": 3.2746970303611893, "time_util": 1.0, "overall_util": 12949.05455074595, "drain": 151.162, "t_local": 23.493022348347786}, {"device_id": 26, "stat_util": 3728.6146562919935, "device_util": 2.358652422367983, "time_util": 0.347519686618381, "overall_util": 3056.2639660044038, "drain": 377.812, "t_local": 43.16302234834779}, {"device_id": 27, "stat_util": 4018.8318900032405, "device_util": 3.1303796898166905,