{"rnd": 4, "global_loss": 19.347454567750294, "global_accuracy": 0.36856856856856857, "global_accuracies": [4.1291291291291286, 3.8318318318318316, 4.261261261261261, 4.03003003003003, 3.963963963963964, 3.8978978978978978, 4.426426426426426, 3.864864864864865, 4.591591591591591, 3.963963963963964, 3.864864864864865, 3.963963963963964, 3.963963963963964, 3.930930930930931, 4.03003003003003, 3.8318318318318316, 4.36036036036036, 4.195195195195195, 3.6336336336336337, 4.261261261261261, 3.930930930930931, 3.930930930930931, 4.1291291291291286, 4.393393393393393, 3.963963963963964, 4.228228228228228, 4.195195195195195, 4.03003003003003, 3.930930930930931, 3.8978978978978978], "global_examples": [11, 11, 11, 11, 11, 11, 11, 11, 11, 11, 11, 11, 11, 11, 11, 11, 11, 11, 11, 11, 11, 11, 11, 11, 11, 11, 11, 11, 11, 11], "user_loss": 19.380854980150858, "user_weighted_accuracy": 0.36936936936936937, "user_weighted_accuracy_var": 0.04997610222835449, "user_accuracy": 0.36936936936936937, "user_accuracy_var": 0.0004130256382508638, "user_accuracies": [0.3483483483483483, 0.40540540540540543, 0.37537537537537535, 0.3483483483483483, 0.36936936936936937, 0.36036036036036034, 0.42342342342342343, 0.3483483483483483, 0.4084084084084084, 0.39039039039039036, 0.35435435435435436, 0.34534534534534533, 0.34534534534534533, 0.3813813813813814, 0.3783783783783784, 0.3663663663663664, 0.3843843843843844, 0.3933933933933934, 0.35735735735735735, 0.3633633633633634, 0.35735735735735735, 0.3783783783783784, 0.35735735735735735, 0.3813813813813814, 0.3483483483483483, 0.3813813813813814, 0.37537537537537535, 0.3483483483483483, 0.35735735735735735, 0.3483483483483483], "device_weighted_accuracy": 0.36856856856856857, "device_weighted_accuracy_var": 0.04342416490564633, "device_accuracy": 0.3685685685685685, "device_accuracy_var": 0.00035887739591443287, "device_accuracies": [0.37537537537537535, 0.3483483483483483, 0.38738738738738737, 0.3663663663663664, 0.36036036036036034, 0.35435435435435436, 0.4024024024024024, 0.35135135135135137, 0.4174174174174174, 0.36036036036036034, 0.35135135135135137, 0.36036036036036034, 0.36036036036036034, 0.35735735735735735, 0.3663663663663664, 0.3483483483483483, 0.3963963963963964, 0.3813813813813814, 0.3303303303303303, 0.38738738738738737, 0.35735735735735735, 0.35735735735735735, 0.37537537537537535, 0.3993993993993994, 0.36036036036036034, 0.3843843843843844, 0.3813813813813814, 0.3663663663663664, 0.35735735735735735, 0.35435435435435436], "total_loss": 26510.049541364115, "dead_devices": 0, "max_round_time": 52.15396084623217, "selected_devices": [27, 11, 9, 24, 1, 20, 25, 22, 5, 16, 10, 28, 8, 23, 13], "device_snapshot": [{"device_id": 0, "stat_util": 3632.9186412143376, "device_util": 3.1303796898166905, "time_util": 0.29585981514484144, "overall_util": 3364.64051953567, "drain": 174.63, "t_local": 50.699686919822426}, {"device_id": 1, "stat_util": 3611.7043894648937, "device_util": 2.984370635670757, "time_util": 1.0, "overall_util": 10778.664524642209, "drain": 202.08300000000003, "t_local": 11.499686919822423}, {"device_id": 2, "stat_util": 3714.8318052916093, "device_util": 3.3898357437789217, "time_util": 1.0, "overall_util": 12592.669635704277, "drain": 134.722, "t_local": 11.499686919822423}, {"device_id": 3, "stat_util": 3688.7554539177554, "device_util": 2.607396691984713, "time_util": 0.49317345669824425, "overall_util": 4743.366357649126, "drain": 294.61, "t_local": 30.415262209008098}, {"device_id": 4, "stat_util": 3657.231356710327, "device_util": 2.7333526091896787, "time_util": 0.37626743607898677, "overall_util": 3761.358505130678, "drain": 259.744, "t_local": 39.865262209008094}, {"device_id": 5, "stat_util": 3594.3473677312136, "device_util": 2.893538930257927, "time_util": 1.0, "overall_util": 10400.384037400372, "drain": 221.298, "t_local": 17.795262209008094}, {"device_id": 6, "stat_util": 3748.919336912208, "device_util": 2.358652422367983, "time_util": 0.34733378555637756, "overall_util": 3071.263457946495, "drain": 377.812, "t_local": 43.186124194547354}, {"device_id": 7, "stat_util": 3676.128906582158, "device_util": 2.607396691984713, "time_util": 1.0, "overall_util": 9585.126350331699, "drain": 294.61, "t_local": 29.126124194547355}, {"device_id": 8, "stat_util": 3553.2432951774094, "device_util": 2.9625066259256707, "time_util": 1.0, "overall_util": 10526.50680548904, "drain": 206.54999999999998, "t_local": 16.396124194547355}, {"device_id": 9, "stat_util": 3654.365362274017, "device_util": 1.9531873142598186, "time_util": 0.32903076993686325, "overall_util": 2348.5097874795088, "drain": 566.7180000000001, "t_local": 45.58844147882675}, {"device_id": 10, "stat_util": 3518.666025062486, "device_util": 2.9625066259256707, "time_util": 1.0, "overall_util": 10424.071413667156, "drain": 206.54999999999998, "t_local": 18.798441478826746}, {"device_id": 11, "stat_util": 3622.4804787998705, "device_util": 2.9625066259256707, "time_util": 1.0, "overall_util": 10731.622420731013, "drain": 206.54999999999998, "t_local": 18.798441478826746}, {"device_id": 12, "stat_util": 3666.298220444986, "device_util": 3.2746970303611893, "time_util": 1.0, "overall_util": 12006.015894909708, "drain": 151.162, "t_local": 24.747789395318843}, {"device_id": 13, "stat_util": 3587.4754664038255, "device_util": 2.9625066259256707, "time_util": 1.0, "overall_util": 10627.91983956712, "drain": 206.54999999999998, "t_local": 17.627789395318842}, {"device_id": 14, "stat_util": 3621.416950754995, "device_util": 3.1303796898166905, "time_util": 0.28880705502941467, "overall_util": 3274.0352072116907, "drain": 174.63, "t_local": 51.937789395318845}, {"device_id": 15, "stat_util": 3672.673164445787, "device_util": 3.367971734033835, "time_util": 1.0, "overall_util": 12369.459406198008, "drain": 137.7, "t_local": 16.334837744156157}, {"device_id": 16, "stat_util": 3584.679229423436, "device_util": 2.201931583876549, "time_util": 1.0, "overall_util": 7893.218413333713, "drain": 441.915, "t_local": 29.064837744156158}, {"device_id": 17, "stat_util": 3619.551337372336, "device_util": 3.3898357437789217, "time_util": 1.0, "overall_util": 12269.684499867544, "drain": 134.722, "t_local": 11.444837744156155}, {"device_id": 18, "stat_util": 3688.0893834256294, "device_util": 3.2990040383660912, "time_util": 1.0, "overall_util": 12167.021769776258, "drain": 147.532, "t_local": 19.83550293192405}, {"device_id": 19, "stat_util": 3771.3127412583663, "device_util": 3.2990040383660912, "time_util": 1.0, "overall_util": 12441.575963352843, "drain": 147.532, "t_local": 19.83550293192405}, {"device_id": 20, "stat_util": 3598.02838638126, "device_util": 2.201931583876549, "time_util": 0.4621712389255759, "overall_util": 3661.6035623951416, "drain": 441.915, "t_local": 32.45550293192405}, {"device_id": 21, "stat_util": 3667.6167907535864, "device_util": 3.2746970303611893, "time_util": 1.0, "overall_util": 12010.333813183604, "drain": 151.162, "t_local": 24.837734039012904}, {"device_id": 22, "stat_util": 3726.4783445102416, "device_util": 1.9531873142598186, "time_util": 0.33702007805771167, "overall_util": 2453.0040856432097, "drain": 566.7180000000001, "t_local": 44.5077340390129}, {"device_id": 23, "stat_util": 3607.9758105304527, "device_util": 2.3278875010815145, "time_util": 0.3759612008374376, "overall_util": 3157.683761686413, "drain": 389.61600000000004, "t_local": 39.8977340390129}, {"device_id": 24, "stat_util": 3607.7798389349023, "device_util": 2.201931583876549, "time_util": 1.0, "overall_util": 7944.08437502381, "drain": 441.915, "t_local": 29.103022348347785}, {"device_id": 25, "stat_util": 3583.084612982585, "device_util": 2.869231922253025, "time_util": 1.0, "overall_util": 10280.70075170326, "drain": 226.743, "t_local": 23.493022348347786}, {"device_id": 26, "stat_util": 3728.6146562919935, "device_util": 2.358652422367983, "time_util": 0.347519686618381, "overall_util": 3056.2639660044038, "drain": 377.812,