{"rnd": 5, "global_loss": 18.94150453011195, "global_accuracy": 0.38338338338338335, "global_accuracies": [4.063063063063063, 4.162162162162162, 4.063063063063063, 4.591591591591591, 4.228228228228228, 4.327327327327327, 4.591591591591591, 4.261261261261261, 4.063063063063063, 4.45945945945946, 4.36036036036036, 4.426426426426426, 3.8978978978978978, 4.558558558558558, 4.45945945945946, 3.930930930930931, 4.393393393393393, 3.996996996996997, 4.162162162162162, 4.195195195195195, 4.657657657657658, 4.36036036036036, 4.294294294294294, 3.6336336336336337, 3.798798798798799, 4.78978978978979, 3.7327327327327327, 3.798798798798799, 4.1291291291291286, 4.1291291291291286], "global_examples": [11, 11, 11, 11, 11, 11, 11, 11, 11, 11, 11, 11, 11, 11, 11, 11, 11, 11, 11, 11, 11, 11, 11, 11, 11, 11, 11, 11, 11, 11], "user_loss": 18.96819917758306, "user_weighted_accuracy": 0.38258258258258254, "user_weighted_accuracy_var": 0.06842434025617207, "user_accuracy": 0.3825825825825826, "user_accuracy_var": 0.0005654904153402651, "user_accuracies": [0.3843843843843844, 0.37237237237237236, 0.37537537537537535, 0.4084084084084084, 0.3933933933933934, 0.38738738738738737, 0.35135135135135137, 0.4024024024024024, 0.33933933933933935, 0.39039039039039036, 0.3963963963963964, 0.4294294294294294, 0.3783783783783784, 0.4144144144144144, 0.3993993993993994, 0.35435435435435436, 0.37537537537537535, 0.3483483483483483, 0.39039039039039036, 0.39039039039039036, 0.43243243243243246, 0.3993993993993994, 0.3843843843843844, 0.35135135135135137, 0.35435435435435436, 0.4084084084084084, 0.36936936936936937, 0.35135135135135137, 0.3843843843843844, 0.36036036036036034], "device_weighted_accuracy": 0.38338338338338335, "device_weighted_accuracy_var": 0.08077166255344428, "device_accuracy": 0.38338338338338335, "device_accuracy_var": 0.0006675344012681348, "device_accuracies": [0.36936936936936937, 0.3783783783783784, 0.36936936936936937, 0.4174174174174174, 0.3843843843843844, 0.3933933933933934, 0.4174174174174174, 0.38738738738738737, 0.36936936936936937, 0.40540540540540543, 0.3963963963963964, 0.4024024024024024, 0.35435435435435436, 0.4144144144144144, 0.40540540540540543, 0.35735735735735735, 0.3993993993993994, 0.3633633633633634, 0.3783783783783784, 0.3813813813813814, 0.42342342342342343, 0.3963963963963964, 0.39039039039039036, 0.3303303303303303, 0.34534534534534533, 0.43543543543543545, 0.33933933933933935, 0.34534534534534533, 0.37537537537537535, 0.37537537537537535], "total_loss": 25852.853260193267, "dead_devices": 0, "max_round_time": 52.15396084623217, "selected_devices": [19, 6, 26, 22, 2, 3, 18, 7, 15, 21, 12, 4, 9, 29, 0], "device_snapshot": [{"device_id": 0, "stat_util": 3394.074599602217, "device_util": 2.724914581708526, "time_util": 0.29585981514484144, "overall_util": 2736.278248371183, "drain": 261.945, "t_local": 50.699686919822426}, {"device_id": 1, "stat_util": 3611.7043894648937, "device_util": 2.984370635670757, "time_util": 1.0, "overall_util": 10778.664524642209, "drain": 202.08300000000003, "t_local": 11.499686919822423}, {"device_id": 2, "stat_util": 3513.66708005353, "device_util": 2.984370635670757, "time_util": 1.0, "overall_util": 10486.084857234766, "drain": 202.08300000000003, "t_local": 11.499686919822423}, {"device_id": 3, "stat_util": 3495.5513458577498, "device_util": 2.201931583876549, "time_util": 0.49317345669824425, "overall_util": 3795.938791492686, "drain": 441.915, "t_local": 30.415262209008098}, {"device_id": 4, "stat_util": 3452.7233028178234, "device_util": 2.3278875010815145, "time_util": 0.37626743607898677, "overall_util": 3024.2688656540317, "drain": 389.61600000000004, "t_local": 39.865262209008094}, {"device_id": 5, "stat_util": 3594.3473677312136, "device_util": 2.893538930257927, "time_util": 1.0, "overall_util": 10400.384037400372, "drain": 221.298, "t_local": 17.795262209008094}, {"device_id": 6, "stat_util": 3512.7191765604935, "device_util": 1.9531873142598186, "time_util": 0.34733378555637756, "overall_util": 2383.0565935857067, "drain": 566.7180000000001, "t_local": 43.186124194547354}, {"device_id": 7, "stat_util": 3520.035681323437, "device_util": 2.201931583876549, "time_util": 1.0, "overall_util": 7750.877743078483, "drain": 441.915, "t_local": 29.126124194547355}, {"device_id": 8, "stat_util": 3553.2432951774094, "device_util": 2.9625066259256707, "time_util": 1.0, "overall_util": 10526.50680548904, "drain": 206.54999999999998, "t_local": 16.396124194547355}, {"device_id": 9, "stat_util": 3541.1048538976306, "device_util": 1.6655052418080376, "time_util": 0.32903076993686325, "overall_util": 1940.5342137099212, "drain": 755.624, "t_local": 45.58844147882675}, {"device_id": 10, "stat_util": 3518.666025062486, "device_util": 2.9625066259256707, "time_util": 1.0, "overall_util": 10424.071413667156, "drain": 206.54999999999998, "t_local": 18.798441478826746}, {"device_id": 11, "stat_util": 3622.4804787998705, "device_util": 2.9625066259256707, "time_util": 1.0, "overall_util": 10731.622420731013, "drain": 206.54999999999998, "t_local": 18.798441478826746}, {"device_id": 12, "stat_util": 3515.158742650768, "device_util": 2.869231922253025, "time_util": 1.0, "overall_util": 10085.80567620039, "drain": 226.743, "t_local": 24.747789395318843}, {"device_id": 13, "stat_util": 3587.4754664038255, "device_util": 2.9625066259256707, "time_util": 1.0, "overall_util": 10627.91983956712, "drain": 206.54999999999998, "t_local": 17.627789395318842}, {"device_id": 14, "stat_util": 3621.416950754995, "device_util": 3.1303796898166905, "time_util": 0.28880705502941467, "overall_util": 3274.0352072116907, "drain": 174.63, "t_local": 51.937789395318845}, {"device_id": 15, "stat_util": 3444.4187548863983, "device_util": 2.9625066259256707, "time_util": 1.0, "overall_util": 10204.113383813603, "drain": 206.54999999999998, "t_local": 16.334837744156157}, {"device_id": 16, "stat_util": 3584.679229423436, "device_util": 2.201931583876549, "time_util": 1.0, "overall_util": 7893.218413333713, "drain": 441.915, "t_local": 29.064837744156158}, {"device_id": 17, "stat_util": 3619.551337372336, "device_util": 3.3898357437789217, "time_util": 1.0, "overall_util": 12269.684499867544, "drain": 134.722, "t_local": 11.444837744156155}, {"device_id": 18, "stat_util": 3465.0633767225877, "device_util": 2.893538930257927, "time_util": 1.0, "overall_util": 10026.295776357796, "drain": 221.298, "t_local": 19.83550293192405}, {"device_id": 19, "stat_util": 3555.729962455869, "device_util": 2.893538930257927, "time_util": 1.0, "overall_util": 10288.643071850614, "drain": 221.298, "t_local": 19.83550293192405}, {"device_id": 20, "stat_util": 3598.02838638126, "device_util": 2.201931583876549, "time_util": 0.4621712389255759, "overall_util": 3661.6035623951416, "drain": 441.915, "t_local": 32.45550293192405}, {"device_id": 21, "stat_util": 3525.849867076384, "device_util": 2.869231922253025, "time_util": 1.0, "overall_util": 10116.480991687145, "drain": 226.743, "t_local": 24.837734039012904}, {"device_id": 22, "stat_util": 3609.3026150636865, "device_util": 1.6655052418080376, "time_util": 0.33702007805771167, "overall_util": 2025.9329825882144, "drain": 755.624, "t_local": 44.5077340390129}, {"device_id": 23, "stat_util": 3607.9758105304527, "device_util": 2.3278875010815145, "time_util": 0.3759612008374376, "overall_util": 3157.683761686413, "drain": 389.61600000000004, "t_local": 39.8977340390129}, {"device_id": 24, "stat_util": 3607.7798389349023, "device_util": 2.201931583876549, "time_util": 1.0, "overall_util": 7944.08437502381, "drain": 441.915, "t_local": 29.103022348347785}, {"device_id": 25, "stat_util": 3583.084612982585, "device_util": 2.869231922253025, "time_util": 1.0, "overall_util": 10280.70075170326, "drain": 226.743, "t_local": 23.493022348347786}, {"device_id": 26, "stat_util": 3570.4992827665583, "device_util": 1.9531873142598186, "time_util": 0.347519686618381, "overall_util": 2423.5515234744803, "drain": 566.7180000000001,