{"rnd": 6, "global_loss": 18.637798229853313, "global_accuracy": 0.39389389389389384, "global_accuracies": [4.36036036036036, 4.1291291291291286, 4.723723723723723, 4.558558558558558, 4.624624624624625, 3.798798798798799, 4.888888888888888, 4.228228228228228, 4.558558558558558, 4.393393393393393, 3.8978978978978978, 4.03003003003003, 3.864864864864865, 4.228228228228228, 4.195195195195195, 4.756756756756757, 4.1291291291291286, 4.261261261261261, 4.822822822822823, 4.261261261261261, 4.591591591591591, 4.525525525525525, 4.327327327327327, 3.996996996996997, 4.723723723723723, 3.864864864864865, 3.996996996996997, 4.195195195195195, 4.294294294294294, 4.756756756756757], "global_examples": [11, 11, 11, 11, 11, 11, 11, 11, 11, 11, 11, 11, 11, 11, 11, 11, 11, 11, 11, 11, 11, 11, 11, 11, 11, 11, 11, 11, 11, 11], "user_loss": 18.60795840024948, "user_weighted_accuracy": 0.3960960960960961, "user_weighted_accuracy_var": 0.11481773064355652, "user_accuracy": 0.39609609609609614, "user_accuracy_var": 0.000948906864822781, "user_accuracies": [0.4144144144144144, 0.38738738738738737, 0.42342342342342343, 0.4114114114114114, 0.4024024024024024, 0.3483483483483483, 0.4744744744744745, 0.40540540540540543, 0.3993993993993994, 0.37537537537537535, 0.3843843843843844, 0.3633633633633634, 0.35435435435435436, 0.36936936936936937, 0.36936936936936937, 0.45045045045045046, 0.37237237237237236, 0.38738738738738737, 0.43243243243243246, 0.36936936936936937, 0.4174174174174174, 0.4174174174174174, 0.42342342342342343, 0.3963963963963964, 0.44744744744744747, 0.35435435435435436, 0.36936936936936937, 0.36036036036036034, 0.3993993993993994, 0.4024024024024024], "device_weighted_accuracy": 0.39389389389389384, "device_weighted_accuracy_var": 0.09646648650652652, "device_accuracy": 0.39389389389389395, "device_accuracy_var": 0.0007972436901365829, "device_accuracies": [0.3963963963963964, 0.37537537537537535, 0.4294294294294294, 0.4144144144144144, 0.42042042042042044, 0.34534534534534533, 0.4444444444444444, 0.3843843843843844, 0.4144144144144144, 0.3993993993993994, 0.35435435435435436, 0.3663663663663664, 0.35135135135135137, 0.3843843843843844, 0.3813813813813814, 0.43243243243243246, 0.37537537537537535, 0.38738738738738737, 0.43843843843843844, 0.38738738738738737, 0.4174174174174174, 0.4114114114114114, 0.3933933933933934, 0.3633633633633634, 0.4294294294294294, 0.35135135135135137, 0.3633633633633634, 0.3813813813813814, 0.39039039039039036, 0.43243243243243246], "total_loss": 25238.52422353824, "dead_devices": 0, "max_round_time": 52.15396084623217, "selected_devices": [11, 14, 17, 1, 27, 22, 23, 24, 20, 5, 13, 16, 28, 25, 26], "device_snapshot": [{"device_id": 0, "stat_util": 3394.074599602217, "device_util": 2.724914581708526, "time_util": 0.29585981514484144, "overall_util": 2736.278248371183, "drain": 261.945, "t_local": 50.699686919822426}, {"device_id": 1, "stat_util": 3436.5066066387135, "device_util": 2.6966885632189763, "time_util": 1.0, "overall_util": 9267.188063549072, "drain": 269.444, "t_local": 11.499686919822423}, {"device_id": 2, "stat_util": 3513.66708005353, "device_util": 2.984370635670757, "time_util": 1.0, "overall_util": 10486.084857234766, "drain": 202.08300000000003, "t_local": 11.499686919822423}, {"device_id": 3, "stat_util": 3495.5513458577498, "device_util": 2.201931583876549, "time_util": 0.49317345669824425, "overall_util": 3795.938791492686, "drain": 441.915, "t_local": 30.415262209008098}, {"device_id": 4, "stat_util": 3452.7233028178234, "device_util": 2.3278875010815145, "time_util": 0.37626743607898677, "overall_util": 3024.2688656540317, "drain": 389.61600000000004, "t_local": 39.865262209008094}, {"device_id": 5, "stat_util": 3429.377425712957, "device_util": 2.6058568578061463, "time_util": 1.0, "overall_util": 8936.466682799697, "drain": 295.064, "t_local": 17.795262209008094}, {"device_id": 6, "stat_util": 3512.7191765604935, "device_util": 1.9531873142598186, "time_util": 0.34733378555637756, "overall_util": 2383.0565935857067, "drain": 566.7180000000001, "t_local": 43.186124194547354}, {"device_id": 7, "stat_util": 3520.035681323437, "device_util": 2.201931583876549, "time_util": 1.0, "overall_util": 7750.877743078483, "drain": 441.915, "t_local": 29.126124194547355}, {"device_id": 8, "stat_util": 3553.2432951774094, "device_util": 2.9625066259256707, "time_util": 1.0, "overall_util": 10526.50680548904, "drain": 206.54999999999998, "t_local": 16.396124194547355}, {"device_id": 9, "stat_util": 3541.1048538976306, "device_util": 1.6655052418080376, "time_util": 0.32903076993686325, "overall_util": 1940.5342137099212, "drain": 755.624, "t_local": 45.58844147882675}, {"device_id": 10, "stat_util": 3518.666025062486, "device_util": 2.9625066259256707, "time_util": 1.0, "overall_util": 10424.071413667156, "drain": 206.54999999999998, "t_local": 18.798441478826746}, {"device_id": 11, "stat_util": 3457.043414633614, "device_util": 2.67482455347389, "time_util": 1.0, "overall_util": 9246.984607887207, "drain": 275.4, "t_local": 18.798441478826746}, {"device_id": 12, "stat_util": 3515.158742650768, "device_util": 2.869231922253025, "time_util": 1.0, "overall_util": 10085.80567620039, "drain": 226.743, "t_local": 24.747789395318843}, {"device_id": 13, "stat_util": 3454.3209038179607, "device_util": 2.67482455347389, "time_util": 1.0, "overall_util": 9239.7023691104, "drain": 275.4, "t_local": 17.627789395318842}, {"device_id": 14, "stat_util": 3268.802497621093, "device_util": 2.724914581708526, "time_util": 0.28880705502941467, "overall_util": 2572.464392745922, "drain": 261.945, "t_local": 51.937789395318845}, {"device_id": 15, "stat_util": 3444.4187548863983, "device_util": 2.9625066259256707, "time_util": 1.0, "overall_util": 10204.113383813603, "drain": 206.54999999999998, "t_local": 16.334837744156157}, {"device_id": 16, "stat_util": 3399.403609617584, "device_util": 1.914249511424768, "time_util": 1.0, "overall_util": 6507.306698846053, "drain": 589.22, "t_local": 29.064837744156158}, {"device_id": 17, "stat_util": 3377.5920667574023, "device_util": 2.984370635670757, "time_util": 1.0, "overall_util": 10079.986583305295, "drain": 202.08300000000003, "t_local": 11.444837744156155}, {"device_id": 18, "stat_util": 3465.0633767225877, "device_util": 2.893538930257927, "time_util": 1.0, "overall_util": 10026.295776357796, "drain": 221.298, "t_local": 19.83550293192405}, {"device_id": 19, "stat_util": 3555.729962455869, "device_util": 2.893538930257927, "time_util": 1.0, "overall_util": 10288.643071850614, "drain": 221.298, "t_local": 19.83550293192405}, {"device_id": 20, "stat_util": 3557.1475404635416, "device_util": 1.914249511424768, "time_util": 0.4621712389255759, "overall_util": 3147.0478006521885, "drain": 589.22, "t_local": 32.45550293192405}, {"device_id": 21, "stat_util": 3525.849867076384, "device_util": 2.869231922253025, "time_util": 1.0, "overall_util": 10116.480991687145, "drain": 226.743, "t_local": 24.837734039012904}, {"device_id": 22, "stat_util": 3470.737662669235, "device_util": 1.4423616904938281, "time_util": 0.33702007805771167, "overall_util": 1687.1424092271827, "drain": 944.53, "t_local": 44.5077340390129}, {"device_id": 23, "stat_util": 3382.2132832006005, "device_util": 2.0402054286297338, "time_util": 0.3759612008374376, "overall_util": 2594.2863927142143, "drain": 519.488, "t_local": 39.8977340390129}, {"device_id": 24, "stat_util": 3485.422605609568, "device_util": 1.914249511424768, "time_util": 1.0, "overall_util": 6671.968519896957, "drain": 589.22, "t_local": 29.103022348347785}, {"device_id": 25, "stat_util": 3415.039721795821, "device_util": 2.581549849801244, "time_util": 1.0, "overall_util": 8816.095280867285, "drain": 302.324, "t_local": 23.493022348347786}, {"device_id": 26, "stat_util": 3449.3670543802928, "device_util": 1.6655052418080376, "time_util": 0.347519686618381, "overall_util": 1996.4793696415823, "drain": 755.624, "t_local": 43.16302234834779}, {"device_id": 27,