{"rnd": 7, "global_loss": 18.40442513624827, "global_accuracy": 0.39499499499499496, "global_accuracies": [4.162162162162162, 4.03003003003003, 4.426426426426426, 4.756756756756757, 4.888888888888888, 4.327327327327327, 4.096096096096096, 3.8318318318318316, 4.162162162162162, 4.36036036036036, 4.36036036036036, 4.393393393393393, 4.228228228228228, 3.963963963963964, 4.4924924924924925, 4.6906906906906904, 4.1291291291291286, 4.426426426426426, 4.822822822822823, 4.657657657657658, 4.45945945945946, 4.294294294294294, 4.162162162162162, 4.162162162162162, 3.996996996996997, 4.78978978978979, 4.45945945945946, 4.657657657657658, 4.261261261261261, 3.8978978978978978], "global_examples": [11, 11, 11, 11, 11, 11, 11, 11, 11, 11, 11, 11, 11, 11, 11, 11, 11, 11, 11, 11, 11, 11, 11, 11, 11, 11, 11, 11, 11, 11], "user_loss": 18.456283617019654, "user_weighted_accuracy": 0.40100100100100106, "user_weighted_accuracy_var": 0.0739626914201489, "user_accuracy": 0.40100100100100095, "user_accuracy_var": 0.0006112619125632139, "user_accuracies": [0.4024024024024024, 0.3633633633633634, 0.4024024024024024, 0.43543543543543545, 0.4624624624624625, 0.38738738738738737, 0.38738738738738737, 0.36936936936936937, 0.36036036036036034, 0.39039039039039036, 0.4024024024024024, 0.4144144144144144, 0.4114114114114114, 0.38738738738738737, 0.38738738738738737, 0.42042042042042044, 0.3663663663663664, 0.4144144144144144, 0.43543543543543545, 0.4264264264264264, 0.4114114114114114, 0.4174174174174174, 0.42042042042042044, 0.3633633633633634, 0.37537537537537535, 0.42342342342342343, 0.3813813813813814, 0.4264264264264264, 0.38738738738738737, 0.3963963963963964], "device_weighted_accuracy": 0.39499499499499496, "device_weighted_accuracy_var": 0.07883663443223003, "device_accuracy": 0.394994994994995, "device_accuracy_var": 0.0006515424333242151, "device_accuracies": [0.3783783783783784, 0.3663663663663664, 0.4024024024024024, 0.43243243243243246, 0.4444444444444444, 0.3933933933933934, 0.37237237237237236, 0.3483483483483483, 0.3783783783783784, 0.3963963963963964, 0.3963963963963964, 0.3993993993993994, 0.3843843843843844, 0.36036036036036034, 0.4084084084084084, 0.4264264264264264, 0.37537537537537535, 0.4024024024024024, 0.43843843843843844, 0.42342342342342343, 0.40540540540540543, 0.39039039039039036, 0.3783783783783784, 0.3783783783783784, 0.3633633633633634, 0.43543543543543545, 0.40540540540540543, 0.42342342342342343, 0.38738738738738737, 0.35435435435435436], "total_loss": 24774.604200935362, "dead_devices": 0, "max_round_time": 52.15396084623217, "selected_devices": [20, 19, 8, 9, 21, 7, 10, 12, 29, 2, 6, 3, 24, 22, 18], "device_snapshot": [{"device_id": 0, "stat_util": 3394.074599602217, "device_util": 2.724914581708526, "time_util": 0.29585981514484144, "overall_util": 2736.278248371183, "drain": 261.945, "t_local": 50.699686919822426}, {"device_id": 1, "stat_util": 3436.5066066387135, "device_util": 2.6966885632189763, "time_util": 1.0, "overall_util": 9267.188063549072, "drain": 269.444, "t_local": 11.499686919822423}, {"device_id": 2, "stat_util": 3353.268744316487, "device_util": 2.6966885632189763, "time_util": 1.0, "overall_util": 9042.721472197927, "drain": 269.444, "t_local": 11.499686919822423}, {"device_id": 3, "stat_util": 3307.780249159795, "device_util": 1.914249511424768, "time_util": 0.49317345669824425, "overall_util": 3122.7332592151593, "drain": 589.22, "t_local": 30.415262209008098}, {"device_id": 4, "stat_util": 3452.7233028178234, "device_util": 2.3278875010815145, "time_util": 0.37626743607898677, "overall_util": 3024.2688656540317, "drain": 389.61600000000004, "t_local": 39.865262209008094}, {"device_id": 5, "stat_util": 3429.377425712957, "device_util": 2.6058568578061463, "time_util": 1.0, "overall_util": 8936.466682799697, "drain": 295.064, "t_local": 17.795262209008094}, {"device_id": 6, "stat_util": 3358.9646746099243, "device_util": 1.6655052418080376, "time_util": 0.34733378555637756, "overall_util": 1943.11484659135, "drain": 755.624, "t_local": 43.186124194547354}, {"device_id": 7, "stat_util": 3457.668706273817, "device_util": 1.914249511424768, "time_util": 1.0, "overall_util": 6618.840631653364, "drain": 589.22, "t_local": 29.126124194547355}, {"device_id": 8, "stat_util": 3373.3765802772823, "device_util": 2.67482455347389, "time_util": 1.0, "overall_util": 9023.19050503946, "drain": 275.4, "t_local": 16.396124194547355}, {"device_id": 9, "stat_util": 3510.675532784417, "device_util": 1.4423616904938281, "time_util": 0.32903076993686325, "overall_util": 1666.1012304820852, "drain": 944.53, "t_local": 45.58844147882675}, {"device_id": 10, "stat_util": 3341.335854902676, "device_util": 2.67482455347389, "time_util": 1.0, "overall_util": 8937.487186096349, "drain": 275.4, "t_local": 18.798441478826746}, {"device_id": 11, "stat_util": 3457.043414633614, "device_util": 2.67482455347389, "time_util": 1.0, "overall_util": 9246.984607887207, "drain": 275.4, "t_local": 18.798441478826746}, {"device_id": 12, "stat_util": 3339.1534139322735, "device_util": 2.581549849801244, "time_util": 1.0, "overall_util": 8620.190994200171, "drain": 302.324, "t_local": 24.747789395318843}, {"device_id": 13, "stat_util": 3454.3209038179607, "device_util": 2.67482455347389, "time_util": 1.0, "overall_util": 9239.7023691104, "drain": 275.4, "t_local": 17.627789395318842}, {"device_id": 14, "stat_util": 3268.802497621093, "device_util": 2.724914581708526, "time_util": 0.28880705502941467, "overall_util": 2572.464392745922, "drain": 261.945, "t_local": 51.937789395318845}, {"device_id": 15, "stat_util": 3444.4187548863983, "device_util": 2.9625066259256707, "time_util": 1.0, "overall_util": 10204.113383813603, "drain": 206.54999999999998, "t_local": 16.334837744156157}, {"device_id": 16, "stat_util": 3399.403609617584, "device_util": 1.914249511424768, "time_util": 1.0, "overall_util": 6507.306698846053, "drain": 589.22, "t_local": 29.064837744156158}, {"device_id": 17, "stat_util": 3377.5920667574023, "device_util": 2.984370635670757, "time_util": 1.0, "overall_util": 10079.986583305295, "drain": 202.08300000000003, "t_local": 11.444837744156155}, {"device_id": 18, "stat_util": 3362.132681885707, "device_util": 2.6058568578061463, "time_util": 1.0, "overall_util": 8761.236505946039, "drain": 295.064, "t_local": 19.83550293192405}, {"device_id": 19, "stat_util": 3410.7668205181635, "device_util": 2.6058568578061463, "time_util": 1.0, "overall_util": 8887.970109624921, "drain": 295.064, "t_local": 19.83550293192405}, {"device_id": 20, "stat_util": 3450.68501545347, "device_util": 1.6911059601105582, "time_util": 0.4621712389255759, "overall_util": 2696.988246494389, "drain": 736.5250000000001, "t_local": 32.45550293192405}, {"device_id": 21, "stat_util": 3312.7831194847295, "device_util": 2.581549849801244, "time_util": 1.0, "overall_util": 8552.114764529899, "drain": 302.324, "t_local": 24.837734039012904}, {"device_id": 22, "stat_util": 3413.7393894963548, "device_util": 1.2600401336998734, "time_util": 0.33702007805771167, "overall_util": 1449.6745553212538, "drain": 1133.436, "t_local": 44.5077340390129}, {"device_id": 23, "stat_util": 3382.2132832006005, "device_util": 2.0402054286297338, "time_util": 0.3759612008374376, "overall_util": 2594.2863927142143, "drain": 519.488, "t_local": 39.8977340390129}, {"device_id": 24, "stat_util": 3501.574752340981, "device_util": 1.6911059601105582, "time_util": 1.0, "overall_util": 5921.533933456485, "drain": 736.5250000000001, "t_local": 29.103022348347785}, {"device_id": 25, "stat_util": 3415.039721795821, "device_util": 2.581549849801244, "time_util": 1.0, "overall_util": 8816.095280867285, "drain": 302.324, "t_local": 23.493022348347786}, {"device_id": 26, "stat_util": 3449.3670543802928, "device_util": 1.6655052418080376, "time_util": 0.347519686618381, "overall_util": 1996.4793696415823, "drain": 755.624, "t_local": 43.16302234834779}, {"device_id": 27, "stat_util": 3459.8571350217126,