{"rnd": 8, "global_loss": 18.00611250003179, "global_accuracy": 0.41231231231231236, "global_accuracies": [5.153153153153153, 4.327327327327327, 5.186186186186186, 5.021021021021021, 4.162162162162162, 4.6906906906906904, 4.063063063063063, 4.591591591591591, 4.426426426426426, 4.36036036036036, 4.558558558558558, 4.657657657657658, 4.624624624624625, 4.393393393393393, 4.45945945945946, 4.1291291291291286, 4.723723723723723, 4.822822822822823, 4.888888888888888, 4.657657657657658, 4.558558558558558, 4.591591591591591, 4.063063063063063, 4.162162162162162, 4.162162162162162, 4.591591591591591, 4.723723723723723, 4.162162162162162, 4.921921921921922, 4.228228228228228], "global_examples": [11, 11, 11, 11, 11, 11, 11, 11, 11, 11, 11, 11, 11, 11, 11, 11, 11, 11, 11, 11, 11, 11, 11, 11, 11, 11, 11, 11, 11, 11], "user_loss": 18.047269789377847, "user_weighted_accuracy": 0.4088088088088087, "user_weighted_accuracy_var": 0.09193080968856751, "user_accuracy": 0.40880880880880877, "user_accuracy_var": 0.0007597587577567558, "user_accuracies": [0.43843843843843844, 0.3933933933933934, 0.44744744744744747, 0.44744744744744747, 0.3663663663663664, 0.3933933933933934, 0.3813813813813814, 0.44144144144144143, 0.3993993993993994, 0.4294294294294294, 0.4144144144144144, 0.43543543543543545, 0.37537537537537535, 0.4144144144144144, 0.39039039039039036, 0.3783783783783784, 0.3843843843843844, 0.40540540540540543, 0.42342342342342343, 0.4024024024024024, 0.44144144144144143, 0.4444444444444444, 0.36036036036036034, 0.38738738738738737, 0.4084084084084084, 0.38738738738738737, 0.43243243243243246, 0.39039039039039036, 0.46546546546546547, 0.3843843843843844], "device_weighted_accuracy": 0.41231231231231236, "device_weighted_accuracy_var": 0.09719879038197354, "device_accuracy": 0.41231231231231225, "device_accuracy_var": 0.0008032957882807728, "device_accuracies": [0.46846846846846846, 0.3933933933933934, 0.47147147147147145, 0.45645645645645644, 0.3783783783783784, 0.4264264264264264, 0.36936936936936937, 0.4174174174174174, 0.4024024024024024, 0.3963963963963964, 0.4144144144144144, 0.42342342342342343, 0.42042042042042044, 0.3993993993993994, 0.40540540540540543, 0.37537537537537535, 0.4294294294294294, 0.43843843843843844, 0.4444444444444444, 0.42342342342342343, 0.4144144144144144, 0.4174174174174174, 0.36936936936936937, 0.3783783783783784, 0.3783783783783784, 0.4174174174174174, 0.4294294294294294, 0.3783783783783784, 0.44744744744744747, 0.3843843843843844], "total_loss": 24355.49670567115, "dead_devices": 0, "max_round_time": 52.15396084623217, "selected_devices": [9, 24, 27, 7, 11, 13, 4, 20, 26, 15, 28, 1, 5, 25, 22], "device_snapshot": [{"device_id": 0, "stat_util": 3394.074599602217, "device_util": 2.724914581708526, "time_util": 0.29585981514484144, "overall_util": 2736.278248371183, "drain": 261.945, "t_local": 50.699686919822426}, {"device_id": 1, "stat_util": 3339.873611780653, "device_util": 2.4735450119047666, "time_util": 1.0, "overall_util": 8261.327712812392, "drain": 336.805, "t_local": 11.499686919822423}, {"device_id": 2, "stat_util": 3353.268744316487, "device_util": 2.6966885632189763, "time_util": 1.0, "overall_util": 9042.721472197927, "drain": 269.444, "t_local": 11.499686919822423}, {"device_id": 3, "stat_util": 3307.780249159795, "device_util": 1.914249511424768, "time_util": 0.49317345669824425, "overall_util": 3122.7332592151593, "drain": 589.22, "t_local": 30.415262209008098}, {"device_id": 4, "stat_util": 3291.7032518781516, "device_util": 2.0402054286297338, "time_util": 0.37626743607898677, "overall_util": 2526.918351387052, "drain": 519.488, "t_local": 39.865262209008094}, {"device_id": 5, "stat_util": 3320.4206492244816, "device_util": 2.382713306491936, "time_util": 1.0, "overall_util": 7911.610464057766, "drain": 368.83000000000004, "t_local": 17.795262209008094}, {"device_id": 6, "stat_util": 3358.9646746099243, "device_util": 1.6655052418080376, "time_util": 0.34733378555637756, "overall_util": 1943.11484659135, "drain": 755.624, "t_local": 43.186124194547354}, {"device_id": 7, "stat_util": 3278.551857772164, "device_util": 1.6911059601105582, "time_util": 1.0, "overall_util": 5544.37858721005, "drain": 736.5250000000001, "t_local": 29.126124194547355}, {"device_id": 8, "stat_util": 3373.3765802772823, "device_util": 2.67482455347389, "time_util": 1.0, "overall_util": 9023.19050503946, "drain": 275.4, "t_local": 16.396124194547355}, {"device_id": 9, "stat_util": 3401.3824765675017, "device_util": 1.2600401336998734, "time_util": 0.32903076993686325, "overall_util": 1410.1858798558849, "drain": 1133.436, "t_local": 45.58844147882675}, {"device_id": 10, "stat_util": 3341.335854902676, "device_util": 2.67482455347389, "time_util": 1.0, "overall_util": 8937.487186096349, "drain": 275.4, "t_local": 18.798441478826746}, {"device_id": 11, "stat_util": 3334.9659600923164, "device_util": 2.4516810021596798, "time_util": 1.0, "overall_util": 8176.272687207549, "drain": 344.25, "t_local": 18.798441478826746}, {"device_id": 12, "stat_util": 3339.1534139322735, "device_util": 2.581549849801244, "time_util": 1.0, "overall_util": 8620.190994200171, "drain": 302.324, "t_local": 24.747789395318843}, {"device_id": 13, "stat_util": 3259.3928860218025, "device_util": 2.4516810021596798, "time_util": 1.0, "overall_util": 7990.991617234064, "drain": 344.25, "t_local": 17.627789395318842}, {"device_id": 14, "stat_util": 3268.802497621093, "device_util": 2.724914581708526, "time_util": 0.28880705502941467, "overall_util": 2572.464392745922, "drain": 261.945, "t_local": 51.937789395318845}, {"device_id": 15, "stat_util": 3266.9213877887037, "device_util": 2.67482455347389, "time_util": 1.0, "overall_util": 8738.44154232622, "drain": 275.4, "t_local": 16.334837744156157}, {"device_id": 16, "stat_util": 3399.403609617584, "device_util": 1.914249511424768, "time_util": 1.0, "overall_util": 6507.306698846053, "drain": 589.22, "t_local": 29.064837744156158}, {"device_id": 17, "stat_util": 3377.5920667574023, "device_util": 2.984370635670757, "time_util": 1.0, "overall_util": 10079.986583305295, "drain": 202.08300000000003, "t_local": 11.444837744156155}, {"device_id": 18, "stat_util": 3362.132681885707, "device_util": 2.6058568578061463, "time_util": 1.0, "overall_util": 8761.236505946039, "drain": 295.064, "t_local": 19.83550293192405}, {"device_id": 19, "stat_util": 3410.7668205181635, "device_util": 2.6058568578061463, "time_util": 1.0, "overall_util": 8887.970109624921, "drain": 295.064, "t_local": 19.83550293192405}, {"device_id": 20, "stat_util": 3390.5612743041033, "device_util": 1.5087844033166034, "time_util": 0.4621712389255759, "overall_util": 2364.295192046203, "drain": 883.8300000000002, "t_local": 32.45550293192405}, {"device_id": 21, "stat_util": 3312.7831194847295, "device_util": 2.581549849801244, "time_util": 1.0, "overall_util": 8552.114764529899, "drain": 302.324, "t_local": 24.837734039012904}, {"device_id": 22, "stat_util": 3473.175795928052, "device_util": 1.1058894538726152, "time_util": 0.33702007805771167, "overall_util": 1294.4767579480813, "drain": 1322.3419999999999, "t_local": 44.5077340390129}, {"device_id": 23, "stat_util": 3382.2132832006005, "device_util": 2.0402054286297338, "time_util": 0.3759612008374376, "overall_util": 2594.2863927142143, "drain": 519.488, "t_local": 39.8977340390129}, {"device_id": 24, "stat_util": 3333.067072214859, "device_util": 1.5087844033166034, "time_util": 1.0, "overall_util": 5028.879613765914, "drain": 883.8300000000002, "t_local": 29.103022348347785}, {"device_id": 25, "stat_util": 3358.9598345729537, "device_util": 2.358406298487034, "time_util": 1.0, "overall_util": 7921.792030221821, "drain": 377.90500000000003, "t_local": 23.493022348347786}, {"device_id": 26, "stat_util": 3390.4532469700594, "device_util": 1.4423616904938281, "time_util": 0.347519686618381, "overall_util": 1699.4615798818872, "drain": 944.53, "t_local": 43.16302234834779}, {"device_id": 27,