{"rnd": 9, "global_loss": 17.799765928586325, "global_accuracy": 0.41651651651651644, "global_accuracies": [4.393393393393393, 4.4924924924924925, 4.45945945945946, 4.78978978978979, 4.8558558558558556, 4.591591591591591, 4.954954954954955, 5.12012012012012, 4.624624624624625, 4.624624624624625, 4.45945945945946, 4.888888888888888, 4.45945945945946, 4.096096096096096, 4.6906906906906904, 3.8978978978978978, 4.657657657657658, 4.657657657657658, 4.195195195195195, 4.261261261261261, 4.624624624624625, 4.558558558558558, 4.78978978978979, 4.228228228228228, 5.054054054054054, 4.657657657657658, 4.393393393393393, 4.45945945945946, 4.921921921921922, 4.591591591591591], "global_examples": [11, 11, 11, 11, 11, 11, 11, 11, 11, 11, 11, 11, 11, 11, 11, 11, 11, 11, 11, 11, 11, 11, 11, 11, 11, 11, 11, 11, 11, 11], "user_loss": 17.843003582954406, "user_weighted_accuracy": 0.4179179179179179, "user_weighted_accuracy_var": 0.07966229492756025, "user_accuracy": 0.41791791791791794, "user_accuracy_var": 0.0006583660737814893, "user_accuracies": [0.3963963963963964, 0.4594594594594595, 0.39039039039039036, 0.4804804804804805, 0.39039039039039036, 0.4084084084084084, 0.43843843843843844, 0.4744744744744745, 0.42342342342342343, 0.45045045045045046, 0.4174174174174174, 0.42342342342342343, 0.4114114114114114, 0.36936936936936937, 0.42042042042042044, 0.3843843843843844, 0.3933933933933934, 0.4264264264264264, 0.3813813813813814, 0.4114114114114114, 0.4294294294294294, 0.4114114114114114, 0.43843843843843844, 0.4024024024024024, 0.42342342342342343, 0.4174174174174174, 0.3993993993993994, 0.4174174174174174, 0.43843843843843844, 0.4084084084084084], "device_weighted_accuracy": 0.41651651651651644, "device_weighted_accuracy_var": 0.07595712829947068, "device_accuracy": 0.4165165165165165, "device_accuracy_var": 0.0006277448619790963, "device_accuracies": [0.3993993993993994, 0.4084084084084084, 0.40540540540540543, 0.43543543543543545, 0.44144144144144143, 0.4174174174174174, 0.45045045045045046, 0.46546546546546547, 0.42042042042042044, 0.42042042042042044, 0.40540540540540543, 0.4444444444444444, 0.40540540540540543, 0.37237237237237236, 0.4264264264264264, 0.35435435435435436, 0.42342342342342343, 0.42342342342342343, 0.3813813813813814, 0.38738738738738737, 0.42042042042042044, 0.4144144144144144, 0.43543543543543545, 0.3843843843843844, 0.4594594594594595, 0.42342342342342343, 0.3993993993993994, 0.40540540540540543, 0.44744744744744747, 0.4174174174174174], "total_loss": 23940.737858492135, "dead_devices": 0, "max_round_time": 52.15396084623217, "selected_devices": [22, 19, 9, 16, 0, 20, 26, 23, 17, 8, 18, 6, 25, 2, 10], "device_snapshot": [{"device_id": 0, "stat_util": 3167.9325576574615, "device_util": 2.437232509256745, "time_util": 0.29585981514484144, "overall_util": 2284.330146515235, "drain": 349.26, "t_local": 50.699686919822426}, {"device_id": 1, "stat_util": 3339.873611780653, "device_util": 2.4735450119047666, "time_util": 1.0, "overall_util": 8261.327712812392, "drain": 336.805, "t_local": 11.499686919822423}, {"device_id": 2, "stat_util": 3241.067061069368, "device_util": 2.4735450119047666, "time_util": 1.0, "overall_util": 8016.925262156977, "drain": 336.805, "t_local": 11.499686919822423}, {"device_id": 3, "stat_util": 3307.780249159795, "device_util": 1.914249511424768, "time_util": 0.49317345669824425, "overall_util": 3122.7332592151593, "drain": 589.22, "t_local": 30.415262209008098}, {"device_id": 4, "stat_util": 3291.7032518781516, "device_util": 2.0402054286297338, "time_util": 0.37626743607898677, "overall_util": 2526.918351387052, "drain": 519.488, "t_local": 39.865262209008094}, {"device_id": 5, "stat_util": 3320.4206492244816, "device_util": 2.382713306491936, "time_util": 1.0, "overall_util": 7911.610464057766, "drain": 368.83000000000004, "t_local": 17.795262209008094}, {"device_id": 6, "stat_util": 3270.639517728143, "device_util": 1.4423616904938281, "time_util": 0.34733378555637756, "overall_util": 1638.5280799458394, "drain": 944.53, "t_local": 43.186124194547354}, {"device_id": 7, "stat_util": 3278.551857772164, "device_util": 1.6911059601105582, "time_util": 1.0, "overall_util": 5544.37858721005, "drain": 736.5250000000001, "t_local": 29.126124194547355}, {"device_id": 8, "stat_util": 3230.001284196166, "device_util": 2.4516810021596798, "time_util": 1.0, "overall_util": 7918.932785415109, "drain": 344.25, "t_local": 16.396124194547355}, {"device_id": 9, "stat_util": 3374.570837920343, "device_util": 1.1058894538726152, "time_util": 0.32903076993686325, "overall_util": 1227.9106874278993, "drain": 1322.3419999999999, "t_local": 45.58844147882675}, {"device_id": 10, "stat_util": 3272.0211213387365, "device_util": 2.4516810021596798, "time_util": 1.0, "overall_util": 8021.952021851393, "drain": 344.25, "t_local": 18.798441478826746}, {"device_id": 11, "stat_util": 3334.9659600923164, "device_util": 2.4516810021596798, "time_util": 1.0, "overall_util": 8176.272687207549, "drain": 344.25, "t_local": 18.798441478826746}, {"device_id": 12, "stat_util": 3339.1534139322735, "device_util": 2.581549849801244, "time_util": 1.0, "overall_util": 8620.190994200171, "drain": 302.324, "t_local": 24.747789395318843}, {"device_id": 13, "stat_util": 3259.3928860218025, "device_util": 2.4516810021596798, "time_util": 1.0, "overall_util": 7990.991617234064, "drain": 344.25, "t_local": 17.627789395318842}, {"device_id": 14, "stat_util": 3268.802497621093, "device_util": 2.724914581708526, "time_util": 0.28880705502941467, "overall_util": 2572.464392745922, "drain": 261.945, "t_local": 51.937789395318845}, {"device_id": 15, "stat_util": 3266.9213877887037, "device_util": 2.67482455347389, "time_util": 1.0, "overall_util": 8738.44154232622, "drain": 275.4, "t_local": 16.334837744156157}, {"device_id": 16, "stat_util": 3294.2958063559645, "device_util": 1.6911059601105582, "time_util": 1.0, "overall_util": 5571.003272495789, "drain": 736.5250000000001, "t_local": 29.064837744156158}, {"device_id": 17, "stat_util": 3236.2817815189283, "device_util": 2.6966885632189763, "time_util": 1.0, "overall_util": 8727.244067576028, "drain": 269.444, "t_local": 11.444837744156155}, {"device_id": 18, "stat_util": 3261.633328026963, "device_util": 2.382713306491936, "time_util": 1.0, "overall_util": 7771.537131587424, "drain": 368.83000000000004, "t_local": 19.83550293192405}, {"device_id": 19, "stat_util": 3307.785458903731, "device_util": 2.382713306491936, "time_util": 1.0, "overall_util": 7881.5044279504555, "drain": 368.83000000000004, "t_local": 19.83550293192405}, {"device_id": 20, "stat_util": 3307.9301097916864, "device_util": 1.354633723489345, "time_util": 0.4621712389255759, "overall_util": 2071.0048883244876, "drain": 1031.1350000000002, "t_local": 32.45550293192405}, {"device_id": 21, "stat_util": 3312.7831194847295, "device_util": 2.581549849801244, "time_util": 1.0, "overall_util": 8552.114764529899, "drain": 302.324, "t_local": 24.837734039012904}, {"device_id": 22, "stat_util": 3305.678961472004, "device_util": 0.9723580612480925, "time_util": 0.33702007805771167, "overall_util": 1083.2848454837265, "drain": 1511.2479999999998, "t_local": 44.5077340390129}, {"device_id": 23, "stat_util": 3250.6976819308043, "device_util": 1.8170618773155236, "time_util": 0.3759612008374376, "overall_util": 2220.697105281224, "drain": 649.3600000000001, "t_local": 39.8977340390129}, {"device_id": 24, "stat_util": 3333.067072214859, "device_util": 1.5087844033166034, "time_util": 1.0, "overall_util": 5028.879613765914, "drain": 883.8300000000002, "t_local": 29.103022348347785}, {"device_id": 25, "stat_util": 3246.888562420601, "device_util": 2.1760847416930793, "time_util": 1.0, "overall_util": 7065.504658661247, "drain": 453.48600000000005, "t_local": 23.493022348347786}, {"device_id": 26, "stat_util": 3291.0921991632813, "device_util": 1.2600401336998734, "time_util": 0.347519686618381, "overall_util": 1441.1322570919485, "drain": 1133.436,