{"loss": 25.295969009399414, "accuracy": 0.0990990990990991}