{"loss": 23.23352289199829, "accuracy": 0.23123123123123124}