{"loss": 16.949493169784546, "accuracy": 0.45045045045045046}