{"loss": 21.751083612442017, "accuracy": 0.2702702702702703}