{"loss": 21.005753755569458, "accuracy": 0.32732732732732733}