{"loss": 19.09862494468689, "accuracy": 0.3933933933933934}