{"loss": 18.679678797721863, "accuracy": 0.4024024024024024}