{"loss": 18.10667872428894, "accuracy": 0.42342342342342343}