{"loss": 18.108102321624756, "accuracy": 0.40540540540540543}