{"loss": 17.94082999229431, "accuracy": 0.4024024024024024}