{"loss": 17.702840566635132, "accuracy": 0.42342342342342343}